home_points_per_match,away_points_per_match,home_average_goals_for,away_average_goals_for,home_average_goals_against,away_average_goals_against,home_shots_on_goal,away_shots_on_goal,home_ball_possession,away_ball_possession,home_pass_accuracy,away_pass_accuracy,home_rest_days,away_rest_days,home_home_points,away_away_points,home_home_goals,away_away_goals,home_possession_matches,away_possession_matches,home_average_possession,away_average_possession,home_highest_possession,away_highest_possession,home_possession_above_50_percentage,away_possession_above_50_percentage,home_pass_matches,away_pass_matches,home_average_total_passes,away_average_total_passes,home_average_accurate_passes,away_average_accurate_passes,home_average_pass_accuracy,away_average_pass_accuracy,home_above_85_accuracy_percentage,away_above_85_accuracy_percentage,home_shooting_matches,away_shooting_matches,home_average_total_shots,away_average_total_shots,home_average_shots_on_goal,away_average_shots_on_goal,home_shot_accuracy_percentage,away_shot_accuracy_percentage,home_goal_conversion_percentage,away_goal_conversion_percentage,home_shots_per_goal,away_shots_per_goal,home_goalkeeper_matches,away_goalkeeper_matches,home_average_saves,away_average_saves,home_average_goals_conceded_gk,away_average_goals_conceded_gk,home_save_percentage,away_save_percentage,home_clean_sheet_percentage,away_clean_sheet_percentage,fixture_id,home_team_id,away_team_id,home_goals,away_goals,result
0.0,0.0,0.0,0.0,0.0,0.0,0.0,0.0,0.0,0.0,0.0,0.0,0.0,0.0,0.0,0.0,0.0,0.0,0,0,0.0,0.0,0.0,0.0,0.0,0.0,0,0,0.0,0.0,0.0,0.0,0.0,0.0,0.0,0.0,0,0,0.0,0.0,0.0,0.0,0.0,0.0,0.0,0.0,0.0,0.0,0,0,0.0,0.0,0.0,0.0,0.0,0.0,0.0,0.0,1377,81,92,1,1,D
0.0,0.0,0.0,0.0,0.0,0.0,0.0,0.0,0.0,0.0,0.0,0.0,0.0,0.0,0.0,0.0,0.0,0.0,0,0,0.0,0.0,0.0,0.0,0.0,0.0,0,0,0.0,0.0,0.0,0.0,0.0,0.0,0.0,0.0,0,0,0.0,0.0,0.0,0.0,0.0,0.0,0.0,0.0,0.0,0.0,0,0,0.0,0.0,0.0,0.0,0.0,0.0,0.0,0.0,1378,91,93,1,1,D
0.0,0.0,0.0,0.0,0.0,0.0,0.0,0.0,0.0,0.0,0.0,0.0,0.0,0.0,0.0,0.0,0.0,0.0,0,0,0.0,0.0,0.0,0.0,0.0,0.0,0,0,0.0,0.0,0.0,0.0,0.0,0.0,0.0,0.0,0,0,0.0,0.0,0.0,0.0,0.0,0.0,0.0,0.0,0.0,0.0,0,0,0.0,0.0,0.0,0.0,0.0,0.0,0.0,0.0,1379,87,90,2,1,H
0.0,0.0,0.0,0.0,0.0,0.0,0.0,0.0,0.0,0.0,0.0,0.0,0.0,0.0,0.0,0.0,0.0,0.0,0,0,0.0,0.0,0.0,0.0,0.0,0.0,0,0,0.0,0.0,0.0,0.0,0.0,0.0,0.0,0.0,0,0,0.0,0.0,0.0,0.0,0.0,0.0,0.0,0.0,0.0,0.0,0,0,0.0,0.0,0.0,0.0,0.0,0.0,0.0,0.0,1,36,28,1,4,A
0.0,0.0,0.0,0.0,0.0,0.0,0.0,0.0,0.0,0.0,0.0,0.0,0.0,0.0,0.0,0.0,0.0,0.0,0,0,0.0,0.0,0.0,0.0,0.0,0.0,0,0,0.0,0.0,0.0,0.0,0.0,0.0,0.0,0.0,0,0,0.0,0.0,0.0,0.0,0.0,0.0,0.0,0.0,0.0,0.0,0,0,0.0,0.0,0.0,0.0,0.0,0.0,0.0,0.0,309,1,4,1,0,H
0.0,0.0,0.0,0.0,0.0,0.0,0.0,0.0,0.0,0.0,0.0,0.0,0.0,0.0,0.0,0.0,0.0,0.0,0,0,0.0,0.0,0.0,0.0,0.0,0.0,0,0,0.0,0.0,0.0,0.0,0.0,0.0,0.0,0.0,0,0,0.0,0.0,0.0,0.0,0.0,0.0,0.0,0.0,0.0,0.0,0,0,0.0,0.0,0.0,0.0,0.0,0.0,0.0,0.0,1380,84,85,2,2,D
0.0,0.0,0.0,0.0,0.0,0.0,0.0,0.0,0.0,0.0,0.0,0.0,0.0,0.0,0.0,0.0,0.0,0.0,0,0,0.0,0.0,0.0,0.0,0.0,0.0,0,0,0.0,0.0,0.0,0.0,0.0,0.0,0.0,0.0,0,0,0.0,0.0,0.0,0.0,0.0,0.0,0.0,0.0,0.0,0.0,0,0,0.0,0.0,0.0,0.0,0.0,0.0,0.0,0.0,310,18,6,0,2,A
0.0,0.0,0.0,0.0,0.0,0.0,0.0,0.0,0.0,0.0,0.0,0.0,0.0,0.0,0.0,0.0,0.0,0.0,0,0,0.0,0.0,0.0,0.0,0.0,0.0,0,0,0.0,0.0,0.0,0.0,0.0,0.0,0.0,0.0,0,0,0.0,0.0,0.0,0.0,0.0,0.0,0.0,0.0,0.0,0.0,0,0,0.0,0.0,0.0,0.0,0.0,0.0,0.0,0.0,311,2,7,1,0,H
0.0,0.0,0.0,0.0,0.0,0.0,0.0,0.0,0.0,0.0,0.0,0.0,0.0,0.0,0.0,0.0,0.0,0.0,0,0,0.0,0.0,0.0,0.0,0.0,0.0,0,0,0.0,0.0,0.0,0.0,0.0,0.0,0.0,0.0,0,0,0.0,0.0,0.0,0.0,0.0,0.0,0.0,0.0,0.0,0.0,0,0,0.0,0.0,0.0,0.0,0.0,0.0,0.0,0.0,312,8,5,2,0,H
0.0,0.0,0.0,0.0,0.0,0.0,0.0,0.0,0.0,0.0,0.0,0.0,0.0,0.0,0.0,0.0,0.0,0.0,0,0,0.0,0.0,0.0,0.0,0.0,0.0,0,0,0.0,0.0,0.0,0.0,0.0,0.0,0.0,0.0,0,0,0.0,0.0,0.0,0.0,0.0,0.0,0.0,0.0,0.0,0.0,0,0,0.0,0.0,0.0,0.0,0.0,0.0,0.0,0.0,313,9,15,0,3,A
0.0,0.0,0.0,0.0,0.0,0.0,0.0,0.0,0.0,0.0,0.0,0.0,0.0,0.0,0.0,0.0,0.0,0.0,0,0,0.0,0.0,0.0,0.0,0.0,0.0,0,0,0.0,0.0,0.0,0.0,0.0,0.0,0.0,0.0,0,0,0.0,0.0,0.0,0.0,0.0,0.0,0.0,0.0,0.0,0.0,0,0,0.0,0.0,0.0,0.0,0.0,0.0,0.0,0.0,314,19,3,1,1,D
0.0,0.0,0.0,0.0,0.0,0.0,0.0,0.0,0.0,0.0,0.0,0.0,0.0,0.0,0.0,0.0,0.0,0.0,0,0,0.0,0.0,0.0,0.0,0.0,0.0,0,0,0.0,0.0,0.0,0.0,0.0,0.0,0.0,0.0,0,0,0.0,0.0,0.0,0.0,0.0,0.0,0.0,0.0,0.0,0.0,0,0,0.0,0.0,0.0,0.0,0.0,0.0,0.0,0.0,2,34,24,1,5,A
0.0,0.0,0.0,0.0,0.0,0.0,0.0,0.0,0.0,0.0,0.0,0.0,0.0,0.0,0.0,0.0,0.0,0.0,0,0,0.0,0.0,0.0,0.0,0.0,0.0,0,0,0.0,0.0,0.0,0.0,0.0,0.0,0.0,0.0,0,0,0.0,0.0,0.0,0.0,0.0,0.0,0.0,0.0,0.0,0.0,0,0,0.0,0.0,0.0,0.0,0.0,0.0,0.0,0.0,315,12,20,1,2,A
0.0,0.0,0.0,0.0,0.0,0.0,0.0,0.0,0.0,0.0,0.0,0.0,0.0,0.0,0.0,0.0,0.0,0.0,0,0,0.0,0.0,0.0,0.0,0.0,0.0,0,0,0.0,0.0,0.0,0.0,0.0,0.0,0.0,0.0,0,0,0.0,0.0,0.0,0.0,0.0,0.0,0.0,0.0,0.0,0.0,0,0,0.0,0.0,0.0,0.0,0.0,0.0,0.0,0.0,997,64,72,2,2,D
0.0,0.0,0.0,0.0,0.0,0.0,0.0,0.0,0.0,0.0,0.0,0.0,0.0,0.0,0.0,0.0,0.0,0.0,0,0,0.0,0.0,0.0,0.0,0.0,0.0,0,0,0.0,0.0,0.0,0.0,0.0,0.0,0.0,0.0,0,0,0.0,0.0,0.0,0.0,0.0,0.0,0.0,0.0,0.0,0.0,0,0,0.0,0.0,0.0,0.0,0.0,0.0,0.0,0.0,998,75,69,1,1,D
0.0,0.0,0.0,0.0,0.0,0.0,0.0,0.0,0.0,0.0,0.0,0.0,0.0,0.0,0.0,0.0,0.0,0.0,0,0,0.0,0.0,0.0,0.0,0.0,0.0,0,0,0.0,0.0,0.0,0.0,0.0,0.0,0.0,0.0,0,0,0.0,0.0,0.0,0.0,0.0,0.0,0.0,0.0,0.0,0.0,0,0,0.0,0.0,0.0,0.0,0.0,0.0,0.0,0.0,3,30,22,0,2,A
0.0,0.0,0.0,0.0,0.0,0.0,0.0,0.0,0.0,0.0,0.0,0.0,0.0,0.0,0.0,0.0,0.0,0.0,0,0,0.0,0.0,0.0,0.0,0.0,0.0,0,0,0.0,0.0,0.0,0.0,0.0,0.0,0.0,0.0,0,0,0.0,0.0,0.0,0.0,0.0,0.0,0.0,0.0,0.0,0.0,0,0,0.0,0.0,0.0,0.0,0.0,0.0,0.0,0.0,1381,96,86,1,1,D
0.0,0.0,0.0,0.0,0.0,0.0,0.0,0.0,0.0,0.0,0.0,0.0,0.0,0.0,0.0,0.0,0.0,0.0,0,0,0.0,0.0,0.0,0.0,0.0,0.0,0,0,0.0,0.0,0.0,0.0,0.0,0.0,0.0,0.0,0,0,0.0,0.0,0.0,0.0,0.0,0.0,0.0,0.0,0.0,0.0,0,0,0.0,0.0,0.0,0.0,0.0,0.0,0.0,0.0,999,60,70,2,2,D
0.0,0.0,0.0,0.0,0.0,0.0,0.0,0.0,0.0,0.0,0.0,0.0,0.0,0.0,0.0,0.0,0.0,0.0,0,0,0.0,0.0,0.0,0.0,0.0,0.0,0,0,0.0,0.0,0.0,0.0,0.0,0.0,0.0,0.0,0,0,0.0,0.0,0.0,0.0,0.0,0.0,0.0,0.0,0.0,0.0,0,0,0.0,0.0,0.0,0.0,0.0,0.0,0.0,0.0,1000,73,78,0,0,D
0.0,0.0,0.0,0.0,0.0,0.0,0.0,0.0,0.0,0.0,0.0,0.0,0.0,0.0,0.0,0.0,0.0,0.0,0,0,0.0,0.0,0.0,0.0,0.0,0.0,0,0,0.0,0.0,0.0,0.0,0.0,0.0,0.0,0.0,0,0,0.0,0.0,0.0,0.0,0.0,0.0,0.0,0.0,0.0,0.0,0,0,0.0,0.0,0.0,0.0,0.0,0.0,0.0,0.0,4,29,39,1,0,H
0.0,0.0,0.0,0.0,0.0,0.0,0.0,0.0,0.0,0.0,0.0,0.0,0.0,0.0,0.0,0.0,0.0,0.0,0,0,0.0,0.0,0.0,0.0,0.0,0.0,0,0,0.0,0.0,0.0,0.0,0.0,0.0,0.0,0.0,0,0,0.0,0.0,0.0,0.0,0.0,0.0,0.0,0.0,0.0,0.0,0,0,0.0,0.0,0.0,0.0,0.0,0.0,0.0,0.0,1382,82,79,1,2,A
0.0,0.0,0.0,0.0,0.0,0.0,0.0,0.0,0.0,0.0,0.0,0.0,0.0,0.0,0.0,0.0,0.0,0.0,0,0,0.0,0.0,0.0,0.0,0.0,0.0,0,0,0.0,0.0,0.0,0.0,0.0,0.0,0.0,0.0,0,0,0.0,0.0,0.0,0.0,0.0,0.0,0.0,0.0,0.0,0.0,0,0,0.0,0.0,0.0,0.0,0.0,0.0,0.0,0.0,5,35,27,2,1,H
0.0,0.0,0.0,0.0,0.0,0.0,0.0,0.0,0.0,0.0,0.0,0.0,0.0,0.0,0.0,0.0,0.0,0.0,0,0,0.0,0.0,0.0,0.0,0.0,0.0,0,0,0.0,0.0,0.0,0.0,0.0,0.0,0.0,0.0,0,0,0.0,0.0,0.0,0.0,0.0,0.0,0.0,0.0,0.0,0.0,0,0,0.0,0.0,0.0,0.0,0.0,0.0,0.0,0.0,316,17,16,2,1,H
0.0,0.0,0.0,0.0,0.0,0.0,0.0,0.0,0.0,0.0,0.0,0.0,0.0,0.0,0.0,0.0,0.0,0.0,0,0,0.0,0.0,0.0,0.0,0.0,0.0,0,0,0.0,0.0,0.0,0.0,0.0,0.0,0.0,0.0,0,0,0.0,0.0,0.0,0.0,0.0,0.0,0.0,0.0,0.0,0.0,0,0,0.0,0.0,0.0,0.0,0.0,0.0,0.0,0.0,6,21,38,0,1,A
0.0,0.0,0.0,0.0,0.0,0.0,0.0,0.0,0.0,0.0,0.0,0.0,0.0,0.0,0.0,0.0,0.0,0.0,0,0,0.0,0.0,0.0,0.0,0.0,0.0,0,0,0.0,0.0,0.0,0.0,0.0,0.0,0.0,0.0,0,0,0.0,0.0,0.0,0.0,0.0,0.0,0.0,0.0,0.0,0.0,0,0,0.0,0.0,0.0,0.0,0.0,0.0,0.0,0.0,7,25,32,1,1,D
0.0,0.0,0.0,0.0,0.0,0.0,0.0,0.0,0.0,0.0,0.0,0.0,0.0,0.0,0.0,0.0,0.0,0.0,0,0,0.0,0.0,0.0,0.0,0.0,0.0,0,0,0.0,0.0,0.0,0.0,0.0,0.0,0.0,0.0,0,0,0.0,0.0,0.0,0.0,0.0,0.0,0.0,0.0,0.0,0.0,0,0,0.0,0.0,0.0,0.0,0.0,0.0,0.0,0.0,8,33,26,0,0,D
0.0,0.0,0.0,0.0,0.0,0.0,0.0,0.0,0.0,0.0,0.0,0.0,0.0,0.0,0.0,0.0,0.0,0.0,0,0,0.0,0.0,0.0,0.0,0.0,0.0,0,0,0.0,0.0,0.0,0.0,0.0,0.0,0.0,0.0,0,0,0.0,0.0,0.0,0.0,0.0,0.0,0.0,0.0,0.0,0.0,0,0,0.0,0.0,0.0,0.0,0.0,0.0,0.0,0.0,317,13,14,0,2,A
0.0,0.0,0.0,0.0,0.0,0.0,0.0,0.0,0.0,0.0,0.0,0.0,0.0,0.0,0.0,0.0,0.0,0.0,0,0,0.0,0.0,0.0,0.0,0.0,0.0,0,0,0.0,0.0,0.0,0.0,0.0,0.0,0.0,0.0,0,0,0.0,0.0,0.0,0.0,0.0,0.0,0.0,0.0,0.0,0.0,0,0,0.0,0.0,0.0,0.0,0.0,0.0,0.0,0.0,1001,68,63,1,1,D
0.0,0.0,0.0,0.0,0.0,0.0,0.0,0.0,0.0,0.0,0.0,0.0,0.0,0.0,0.0,0.0,0.0,0.0,0,0,0.0,0.0,0.0,0.0,0.0,0.0,0,0,0.0,0.0,0.0,0.0,0.0,0.0,0.0,0.0,0,0,0.0,0.0,0.0,0.0,0.0,0.0,0.0,0.0,0.0,0.0,0,0,0.0,0.0,0.0,0.0,0.0,0.0,0.0,0.0,1002,71,62,3,0,H
0.0,0.0,0.0,0.0,0.0,0.0,0.0,0.0,0.0,0.0,0.0,0.0,0.0,0.0,0.0,0.0,0.0,0.0,0,0,0.0,0.0,0.0,0.0,0.0,0.0,0,0,0.0,0.0,0.0,0.0,0.0,0.0,0.0,0.0,0,0,0.0,0.0,0.0,0.0,0.0,0.0,0.0,0.0,0.0,0.0,0,0,0.0,0.0,0.0,0.0,0.0,0.0,0.0,0.0,1383,94,97,1,2,A
0.0,0.0,0.0,0.0,0.0,0.0,0.0,0.0,0.0,0.0,0.0,0.0,0.0,0.0,0.0,0.0,0.0,0.0,0,0,0.0,0.0,0.0,0.0,0.0,0.0,0,0,0.0,0.0,0.0,0.0,0.0,0.0,0.0,0.0,0,0,0.0,0.0,0.0,0.0,0.0,0.0,0.0,0.0,0.0,0.0,0,0,0.0,0.0,0.0,0.0,0.0,0.0,0.0,0.0,9,31,23,3,0,H
0.0,0.0,0.0,0.0,0.0,0.0,0.0,0.0,0.0,0.0,0.0,0.0,0.0,0.0,0.0,0.0,0.0,0.0,0,0,0.0,0.0,0.0,0.0,0.0,0.0,0,0,0.0,0.0,0.0,0.0,0.0,0.0,0.0,0.0,0,0,0.0,0.0,0.0,0.0,0.0,0.0,0.0,0.0,0.0,0.0,0,0,0.0,0.0,0.0,0.0,0.0,0.0,0.0,0.0,1003,59,74,3,1,H
0.0,0.0,0.0,0.0,0.0,0.0,0.0,0.0,0.0,0.0,0.0,0.0,0.0,0.0,0.0,0.0,0.0,0.0,0,0,0.0,0.0,0.0,0.0,0.0,0.0,0,0,0.0,0.0,0.0,0.0,0.0,0.0,0.0,0.0,0,0,0.0,0.0,0.0,0.0,0.0,0.0,0.0,0.0,0.0,0.0,0,0,0.0,0.0,0.0,0.0,0.0,0.0,0.0,0.0,1004,61,66,0,0,D
0.0,0.0,0.0,0.0,0.0,0.0,0.0,0.0,0.0,0.0,0.0,0.0,0.0,0.0,0.0,0.0,0.0,0.0,0,0,0.0,0.0,0.0,0.0,0.0,0.0,0,0,0.0,0.0,0.0,0.0,0.0,0.0,0.0,0.0,0,0,0.0,0.0,0.0,0.0,0.0,0.0,0.0,0.0,0.0,0.0,0,0,0.0,0.0,0.0,0.0,0.0,0.0,0.0,0.0,1384,98,89,1,1,D
0.0,0.0,0.0,0.0,0.0,0.0,0.0,0.0,0.0,0.0,0.0,0.0,0.0,0.0,0.0,0.0,0.0,0.0,0,0,0.0,0.0,0.0,0.0,0.0,0.0,0,0,0.0,0.0,0.0,0.0,0.0,0.0,0.0,0.0,0,0,0.0,0.0,0.0,0.0,0.0,0.0,0.0,0.0,0.0,0.0,0,0,0.0,0.0,0.0,0.0,0.0,0.0,0.0,0.0,1005,76,67,0,4,A
0.0,0.0,0.0,0.0,0.0,0.0,0.0,0.0,0.0,0.0,0.0,0.0,0.0,0.0,0.0,0.0,0.0,0.0,0,0,0.0,0.0,0.0,0.0,0.0,0.0,0,0,0.0,0.0,0.0,0.0,0.0,0.0,0.0,0.0,0,0,0.0,0.0,0.0,0.0,0.0,0.0,0.0,0.0,0.0,0.0,0,0,0.0,0.0,0.0,0.0,0.0,0.0,0.0,0.0,1385,95,88,1,0,H
0.0,0.0,0.0,0.0,0.0,0.0,0.0,0.0,0.0,0.0,0.0,0.0,0.0,0.0,0.0,0.0,0.0,0.0,0,0,0.0,0.0,0.0,0.0,0.0,0.0,0,0,0.0,0.0,0.0,0.0,0.0,0.0,0.0,0.0,0,0,0.0,0.0,0.0,0.0,0.0,0.0,0.0,0.0,0.0,0.0,0,0,0.0,0.0,0.0,0.0,0.0,0.0,0.0,0.0,1006,65,77,3,0,H
0.0,0.0,0.0,0.0,0.0,0.0,0.0,0.0,0.0,0.0,0.0,0.0,0.0,0.0,0.0,0.0,0.0,0.0,0,0,0.0,0.0,0.0,0.0,0.0,0.0,0,0,0.0,0.0,0.0,0.0,0.0,0.0,0.0,0.0,0,0,0.0,0.0,0.0,0.0,0.0,0.0,0.0,0.0,0.0,0.0,0,0,0.0,0.0,0.0,0.0,0.0,0.0,0.0,0.0,318,10,11,1,1,D
0.0,0.0,0.0,0.0,0.0,0.0,0.0,0.0,0.0,0.0,0.0,0.0,0.0,0.0,0.0,0.0,0.0,0.0,0,0,0.0,0.0,0.0,0.0,0.0,0.0,0,0,0.0,0.0,0.0,0.0,0.0,0.0,0.0,0.0,0,0,0.0,0.0,0.0,0.0,0.0,0.0,0.0,0.0,0.0,0.0,0,0,0.0,0.0,0.0,0.0,0.0,0.0,0.0,0.0,1386,83,80,2,2,D
3.0,0.0,2.0,1.0,1.0,2.0,4.0,2.0,64.0,36.0,85.0,77.0,0.0,0.0,3.0,0.0,2.0,0.0,1,1,64.0,36.0,64.0,36.0,100.0,0.0,1,1,551.0,315.0,471.0,243.0,85.48,77.14,100.0,0.0,1,1,6.0,6.0,4.0,2.0,66.67,33.33,33.33,16.67,3.0,6.0,1,1,1.0,4.0,1.0,2.0,50.0,66.67,0.0,0.0,1387,87,82,3,1,H
0.0,0.0,0.0,0.0,0.0,0.0,0.0,0.0,0.0,0.0,0.0,0.0,0.0,0.0,0.0,0.0,0.0,0.0,0,0,0.0,0.0,0.0,0.0,0.0,0.0,0,0,0.0,0.0,0.0,0.0,0.0,0.0,0.0,0.0,0,0,0.0,0.0,0.0,0.0,0.0,0.0,0.0,0.0,0.0,0.0,0,0,0.0,0.0,0.0,0.0,0.0,0.0,0.0,0.0,689,44,48,2,3,A
3.0,1.0,4.0,1.0,1.0,1.0,10.0,5.0,76.0,42.0,93.0,78.0,0.0,0.0,0.0,0.0,0.0,0.0,1,1,76.0,42.0,76.0,42.0,100.0,0.0,1,1,824.0,319.0,770.0,250.0,93.45,78.37,100.0,0.0,1,1,15.0,8.0,10.0,5.0,66.67,62.5,26.67,12.5,3.75,8.0,1,1,1.0,3.0,1.0,1.0,50.0,75.0,0.0,0.0,10,28,25,6,0,H
1.0,1.0,2.0,2.0,2.0,2.0,5.0,3.0,52.0,45.0,82.0,88.0,0.0,0.0,0.0,0.0,0.0,0.0,1,1,52.0,45.0,52.0,45.0,100.0,0.0,1,1,481.0,477.0,393.0,420.0,81.7,88.05,0.0,100.0,1,1,18.0,9.0,5.0,3.0,27.78,33.33,11.11,22.22,9.0,4.5,1,1,4.0,2.0,2.0,2.0,66.67,50.0,0.0,0.0,1388,85,83,1,2,A
3.0,3.0,3.0,1.0,0.0,0.0,5.0,5.0,62.0,55.0,86.0,85.0,0.0,0.0,0.0,0.0,0.0,0.0,1,1,62.0,55.0,62.0,55.0,100.0,100.0,1,1,575.0,482.0,492.0,408.0,85.57,84.65,100.0,0.0,1,1,10.0,14.0,5.0,5.0,50.0,35.71,30.0,7.14,3.33,14.0,1,1,1.0,2.0,0.0,0.0,100.0,100.0,100.0,100.0,319,15,1,2,1,H
0.0,0.0,0.0,0.0,0.0,0.0,0.0,0.0,0.0,0.0,0.0,0.0,0.0,0.0,0.0,0.0,0.0,0.0,0,0,0.0,0.0,0.0,0.0,0.0,0.0,0,0,0.0,0.0,0.0,0.0,0.0,0.0,0.0,0.0,0,0,0.0,0.0,0.0,0.0,0.0,0.0,0.0,0.0,0.0,0.0,0,0,0.0,0.0,0.0,0.0,0.0,0.0,0.0,0.0,690,41,51,3,1,H
0.0,0.0,0.0,0.0,0.0,0.0,0.0,0.0,0.0,0.0,0.0,0.0,0.0,0.0,0.0,0.0,0.0,0.0,0,0,0.0,0.0,0.0,0.0,0.0,0.0,0,0,0.0,0.0,0.0,0.0,0.0,0.0,0.0,0.0,0,0,0.0,0.0,0.0,0.0,0.0,0.0,0.0,0.0,0.0,0.0,0,0,0.0,0.0,0.0,0.0,0.0,0.0,0.0,0.0,691,45,55,1,1,D
0.0,0.0,0.0,0.0,0.0,0.0,0.0,0.0,0.0,0.0,0.0,0.0,0.0,0.0,0.0,0.0,0.0,0.0,0,0,0.0,0.0,0.0,0.0,0.0,0.0,0,0,0.0,0.0,0.0,0.0,0.0,0.0,0.0,0.0,0,0,0.0,0.0,0.0,0.0,0.0,0.0,0.0,0.0,0.0,0.0,0,0,0.0,0.0,0.0,0.0,0.0,0.0,0.0,0.0,692,47,57,3,2,H
0.0,0.0,0.0,0.0,0.0,0.0,0.0,0.0,0.0,0.0,0.0,0.0,0.0,0.0,0.0,0.0,0.0,0.0,0,0,0.0,0.0,0.0,0.0,0.0,0.0,0,0,0.0,0.0,0.0,0.0,0.0,0.0,0.0,0.0,0,0,0.0,0.0,0.0,0.0,0.0,0.0,0.0,0.0,0.0,0.0,0,0,0.0,0.0,0.0,0.0,0.0,0.0,0.0,0.0,693,50,43,2,2,D
0.0,0.0,0.0,0.0,0.0,0.0,0.0,0.0,0.0,0.0,0.0,0.0,0.0,0.0,0.0,0.0,0.0,0.0,0,0,0.0,0.0,0.0,0.0,0.0,0.0,0,0,0.0,0.0,0.0,0.0,0.0,0.0,0.0,0.0,0,0,0.0,0.0,0.0,0.0,0.0,0.0,0.0,0.0,0.0,0.0,0,0,0.0,0.0,0.0,0.0,0.0,0.0,0.0,0.0,694,52,53,1,0,H
0.0,1.0,0.0,1.0,1.0,1.0,2.0,3.0,45.0,30.0,80.0,77.0,0.0,0.0,0.0,0.0,0.0,0.0,1,1,45.0,30.0,45.0,30.0,0.0,0.0,1,1,384.0,275.0,306.0,211.0,79.69,76.73,0.0,0.0,1,1,10.0,7.0,2.0,3.0,20.0,42.86,0.0,14.29,0.0,7.0,1,1,4.0,5.0,1.0,1.0,80.0,83.33,0.0,0.0,320,4,10,2,1,H
0.0,1.0,0.0,1.0,1.0,1.0,4.0,8.0,78.0,53.0,89.0,80.0,0.0,0.0,0.0,0.0,0.0,0.0,1,1,78.0,53.0,78.0,53.0,100.0,100.0,1,1,649.0,503.0,579.0,402.0,89.21,79.92,100.0,0.0,1,1,19.0,14.0,4.0,8.0,21.05,57.14,0.0,7.14,0.0,14.0,1,1,0.0,3.0,1.0,1.0,0.0,75.0,0.0,0.0,321,7,19,0,1,A
1.0,0.0,1.0,0.0,1.0,3.0,7.0,1.0,70.0,38.0,90.0,77.0,0.0,0.0,0.0,0.0,0.0,0.0,1,1,70.0,38.0,70.0,38.0,100.0,0.0,1,1,671.0,344.0,601.0,266.0,89.57,77.33,100.0,0.0,1,1,15.0,9.0,7.0,1.0,46.67,11.11,6.67,0.0,15.0,0.0,1,1,2.0,2.0,1.0,3.0,66.67,40.0,0.0,0.0,322,11,9,4,0,H
3.0,0.0,2.0,0.0,0.0,2.0,5.0,2.0,52.0,38.0,89.0,78.0,0.0,0.0,0.0,0.0,0.0,0.0,1,1,52.0,38.0,52.0,38.0,100.0,0.0,1,1,535.0,347.0,477.0,272.0,89.16,78.39,100.0,0.0,1,1,11.0,7.0,5.0,2.0,45.45,28.57,18.18,0.0,5.5,0.0,1,1,3.0,3.0,0.0,2.0,100.0,60.0,100.0,0.0,323,14,18,4,1,H
0.0,0.0,1.0,1.0,2.0,2.0,6.0,3.0,54.0,52.0,81.0,84.0,0.0,0.0,0.0,0.0,0.0,0.0,1,1,54.0,52.0,54.0,52.0,100.0,100.0,1,1,481.0,417.0,389.0,352.0,80.87,84.41,0.0,0.0,1,1,14.0,14.0,6.0,3.0,42.86,21.43,7.14,7.14,14.0,14.0,1,1,3.0,1.0,2.0,2.0,60.0,33.33,0.0,0.0,324,16,12,0,2,A
0.0,3.0,0.0,1.0,3.0,0.0,2.0,6.0,52.0,62.0,83.0,84.0,0.0,0.0,0.0,0.0,0.0,0.0,1,1,52.0,62.0,52.0,62.0,100.0,100.0,1,1,455.0,483.0,377.0,407.0,82.86,84.27,0.0,0.0,1,1,16.0,17.0,2.0,6.0,12.5,35.29,0.0,5.88,0.0,17.0,1,1,5.0,4.0,3.0,0.0,62.5,100.0,0.0,100.0,11,23,29,0,2,A
1.0,1.0,1.0,1.0,1.0,1.0,6.0,5.0,61.0,34.0,76.0,83.0,0.0,0.0,1.0,0.0,1.0,0.0,1,1,61.0,34.0,61.0,34.0,100.0,0.0,1,1,456.0,322.0,347.0,267.0,76.1,82.92,0.0,0.0,1,1,16.0,12.0,6.0,5.0,37.5,41.67,6.25,8.33,16.0,12.0,1,1,3.0,5.0,1.0,1.0,75.0,83.33,0.0,0.0,1389,96,98,1,0,H
3.0,3.0,2.0,2.0,1.0,0.0,3.0,6.0,48.0,53.0,84.0,85.0,0.0,0.0,0.0,0.0,0.0,0.0,1,1,48.0,53.0,48.0,53.0,0.0,100.0,1,1,394.0,420.0,329.0,357.0,83.5,85.0,0.0,100.0,1,1,15.0,18.0,3.0,6.0,20.0,33.33,13.33,11.11,7.5,9.0,1,1,3.0,3.0,1.0,0.0,75.0,100.0,0.0,100.0,325,20,8,0,2,A
0.0,0.0,0.0,0.0,0.0,0.0,0.0,0.0,0.0,0.0,0.0,0.0,0.0,0.0,0.0,0.0,0.0,0.0,0,0,0.0,0.0,0.0,0.0,0.0,0.0,0,0,0.0,0.0,0.0,0.0,0.0,0.0,0.0,0.0,0,0,0.0,0.0,0.0,0.0,0.0,0.0,0.0,0.0,0.0,0.0,0,0,0.0,0.0,0.0,0.0,0.0,0.0,0.0,0.0,695,46,49,2,0,H
1.0,3.0,1.0,3.0,1.0,1.0,2.0,6.0,26.0,67.0,66.0,91.0,0.0,0.0,0.0,0.0,0.0,0.0,1,1,26.0,67.0,26.0,67.0,0.0,100.0,1,1,200.0,596.0,131.0,542.0,65.5,90.94,0.0,100.0,1,1,4.0,13.0,2.0,6.0,50.0,46.15,25.0,23.08,4.0,4.33,1,1,5.0,2.0,1.0,1.0,83.33,66.67,0.0,0.0,1007,63,59,2,1,H
1.0,1.0,1.0,2.0,1.0,2.0,6.0,6.0,39.0,56.0,75.0,92.0,0.0,0.0,1.0,0.0,1.0,0.0,1,1,39.0,56.0,39.0,56.0,0.0,100.0,1,1,265.0,493.0,199.0,453.0,75.09,91.89,0.0,100.0,1,1,14.0,26.0,6.0,6.0,42.86,23.08,7.14,7.69,14.0,13.0,1,1,6.0,2.0,1.0,2.0,85.71,50.0,0.0,0.0,1008,75,60,2,1,H
3.0,0.0,2.0,0.0,0.0,1.0,6.0,3.0,69.0,41.0,91.0,73.0,0.0,0.0,0.0,0.0,0.0,0.0,1,1,69.0,41.0,69.0,41.0,100.0,0.0,1,1,633.0,334.0,576.0,245.0,91.0,73.35,100.0,0.0,1,1,22.0,8.0,6.0,3.0,27.27,37.5,9.09,0.0,11.0,0.0,1,1,0.0,3.0,0.0,1.0,0.0,75.0,100.0,0.0,12,22,21,2,0,H
3.0,1.0,2.0,1.0,1.0,1.0,6.0,4.0,64.0,69.0,86.0,79.0,0.0,0.0,0.0,0.0,0.0,0.0,1,1,64.0,69.0,64.0,69.0,100.0,100.0,1,1,578.0,444.0,499.0,352.0,86.33,79.28,100.0,0.0,1,1,18.0,7.0,6.0,4.0,33.33,57.14,11.11,14.29,9.0,7.0,1,1,1.0,1.0,1.0,1.0,50.0,50.0,0.0,0.0,1390,79,81,2,1,H
1.0,0.0,2.0,0.0,2.0,4.0,8.0,4.0,67.0,47.0,88.0,82.0,0.0,0.0,0.0,0.0,0.0,0.0,1,1,67.0,47.0,67.0,47.0,100.0,0.0,1,1,489.0,411.0,429.0,336.0,87.73,81.75,100.0,0.0,1,1,17.0,21.0,8.0,4.0,47.06,19.05,11.76,0.0,8.5,0.0,1,1,5.0,2.0,2.0,4.0,71.43,33.33,0.0,0.0,1009,72,76,2,0,H
1.0,1.0,0.0,2.0,0.0,2.0,1.0,7.0,62.0,33.0,77.0,75.0,0.0,0.0,0.0,0.0,0.0,0.0,1,1,62.0,33.0,62.0,33.0,100.0,0.0,1,1,442.0,233.0,341.0,174.0,77.15,74.68,0.0,0.0,1,1,6.0,13.0,1.0,7.0,16.67,53.85,0.0,15.38,0.0,6.5,1,1,2.0,5.0,0.0,2.0,100.0,71.43,100.0,0.0,1010,78,64,0,1,A
0.0,0.0,0.0,1.0,1.0,4.0,4.0,2.0,38.0,24.0,72.0,75.0,0.0,0.0,0.0,0.0,0.0,0.0,1,1,38.0,24.0,38.0,24.0,0.0,0.0,1,1,288.0,252.0,207.0,189.0,71.88,75.0,0.0,0.0,1,1,11.0,5.0,4.0,2.0,36.36,40.0,0.0,20.0,0.0,5.0,1,1,5.0,5.0,1.0,4.0,83.33,55.56,0.0,0.0,13,39,36,0,2,A
0.0,0.0,0.0,1.0,1.0,2.0,2.0,4.0,55.0,66.0,81.0,81.0,0.0,0.0,0.0,0.0,0.0,0.0,1,1,55.0,66.0,55.0,66.0,100.0,100.0,1,1,479.0,445.0,390.0,359.0,81.42,80.67,0.0,0.0,1,1,10.0,11.0,2.0,4.0,20.0,36.36,0.0,9.09,0.0,11.0,1,1,0.0,2.0,1.0,2.0,0.0,50.0,0.0,0.0,1391,88,94,0,1,A
1.0,3.0,1.0,2.0,1.0,1.0,2.0,5.0,31.0,34.0,60.0,64.0,0.0,0.0,0.0,3.0,0.0,2.0,1,1,31.0,34.0,31.0,34.0,0.0,0.0,1,1,194.0,236.0,116.0,151.0,59.79,63.98,0.0,0.0,1,1,9.0,12.0,2.0,5.0,22.22,41.67,11.11,16.67,9.0,6.0,1,1,3.0,3.0,1.0,1.0,75.0,75.0,0.0,0.0,1392,92,97,0,0,D
3.0,0.0,1.0,1.0,0.0,5.0,4.0,7.0,59.0,50.0,82.0,86.0,0.0,0.0,0.0,0.0,0.0,0.0,1,1,59.0,50.0,59.0,50.0,100.0,0.0,1,1,501.0,493.0,410.0,423.0,81.84,85.8,0.0,100.0,1,1,10.0,10.0,4.0,7.0,40.0,70.0,10.0,10.0,10.0,10.0,1,1,3.0,0.0,0.0,5.0,100.0,0.0,100.0,0.0,14,38,34,2,0,H
1.0,3.0,1.0,1.0,1.0,0.0,4.0,1.0,47.0,22.0,78.0,65.0,0.0,0.0,0.0,0.0,0.0,0.0,1,1,47.0,22.0,47.0,22.0,0.0,0.0,1,1,432.0,181.0,335.0,117.0,77.55,64.64,0.0,0.0,1,1,13.0,3.0,4.0,1.0,30.77,33.33,7.69,33.33,13.0,3.0,1,1,7.0,3.0,1.0,0.0,87.5,100.0,0.0,100.0,326,3,2,1,1,D
0.0,0.0,0.0,0.0,2.0,2.0,3.0,3.0,47.0,48.0,82.0,89.0,0.0,0.0,0.0,0.0,0.0,0.0,1,1,47.0,48.0,47.0,48.0,0.0,0.0,1,1,375.0,490.0,307.0,436.0,81.87,88.98,0.0,100.0,1,1,9.0,10.0,3.0,3.0,33.33,30.0,0.0,0.0,0.0,0.0,1,1,4.0,3.0,2.0,2.0,66.67,60.0,0.0,0.0,327,5,13,2,6,A
0.0,0.0,0.0,0.0,0.0,0.0,0.0,0.0,0.0,0.0,0.0,0.0,0.0,0.0,0.0,0.0,0.0,0.0,0,0,0.0,0.0,0.0,0.0,0.0,0.0,0,0,0.0,0.0,0.0,0.0,0.0,0.0,0.0,0.0,0,0,0.0,0.0,0.0,0.0,0.0,0.0,0.0,0.0,0.0,0.0,0,0,0.0,0.0,0.0,0.0,0.0,0.0,0.0,0.0,696,42,40,2,3,A
1.0,3.0,0.0,2.0,0.0,1.0,2.0,7.0,46.0,45.0,83.0,85.0,0.0,0.0,0.0,0.0,0.0,0.0,1,1,46.0,45.0,46.0,45.0,0.0,0.0,1,1,418.0,406.0,348.0,346.0,83.25,85.22,0.0,100.0,1,1,10.0,16.0,2.0,7.0,20.0,43.75,0.0,12.5,0.0,8.0,1,1,6.0,1.0,0.0,1.0,100.0,50.0,100.0,0.0,15,26,35,2,0,H
0.0,1.0,1.0,0.0,2.0,0.0,2.0,6.0,55.0,54.0,87.0,82.0,0.0,0.0,0.0,0.0,0.0,0.0,1,1,55.0,54.0,55.0,54.0,100.0,100.0,1,1,488.0,483.0,426.0,397.0,87.3,82.19,100.0,0.0,1,1,9.0,12.0,2.0,6.0,22.22,50.0,11.11,0.0,9.0,0.0,1,1,5.0,2.0,2.0,0.0,71.43,100.0,0.0,100.0,16,27,33,1,1,D
1.0,3.0,1.0,3.0,1.0,0.0,4.0,8.0,58.0,48.0,82.0,84.0,0.0,0.0,0.0,0.0,0.0,0.0,1,1,58.0,48.0,58.0,48.0,100.0,0.0,1,1,452.0,420.0,369.0,354.0,81.64,84.29,0.0,0.0,1,1,11.0,22.0,4.0,8.0,36.36,36.36,9.09,13.64,11.0,7.33,1,1,4.0,2.0,1.0,0.0,80.0,100.0,0.0,100.0,17,32,31,3,1,H
1.0,3.0,1.0,1.0,1.0,0.0,5.0,1.0,66.0,45.0,90.0,82.0,0.0,0.0,0.0,0.0,0.0,0.0,1,1,66.0,45.0,66.0,45.0,100.0,0.0,1,1,667.0,387.0,598.0,319.0,89.66,82.43,100.0,0.0,1,1,13.0,12.0,5.0,1.0,38.46,8.33,7.69,8.33,13.0,12.0,1,1,4.0,2.0,1.0,0.0,80.0,100.0,0.0,100.0,1393,89,95,3,0,H
3.0,3.0,2.0,2.0,0.0,1.0,5.0,5.0,62.0,46.0,86.0,77.0,0.0,0.0,0.0,0.0,0.0,0.0,1,1,62.0,46.0,62.0,46.0,100.0,0.0,1,1,570.0,403.0,492.0,311.0,86.32,77.17,100.0,0.0,1,1,18.0,9.0,5.0,5.0,27.78,55.56,11.11,22.22,9.0,4.5,1,1,2.0,6.0,0.0,1.0,100.0,85.71,100.0,0.0,328,6,17,2,0,H
0.0,0.0,0.0,0.0,0.0,0.0,0.0,0.0,0.0,0.0,0.0,0.0,0.0,0.0,0.0,0.0,0.0,0.0,0,0,0.0,0.0,0.0,0.0,0.0,0.0,0,0,0.0,0.0,0.0,0.0,0.0,0.0,0.0,0.0,0,0,0.0,0.0,0.0,0.0,0.0,0.0,0.0,0.0,0.0,0.0,0,0,0.0,0.0,0.0,0.0,0.0,0.0,0.0,0.0,697,56,54,0,2,A
1.0,0.0,1.0,1.0,1.0,3.0,7.0,2.0,61.0,33.0,85.0,81.0,0.0,0.0,0.0,0.0,0.0,1.0,1,1,61.0,33.0,61.0,33.0,100.0,0.0,1,1,416.0,287.0,353.0,232.0,84.86,80.84,0.0,0.0,1,1,15.0,11.0,7.0,2.0,46.67,18.18,6.67,9.09,15.0,11.0,1,1,5.0,4.0,1.0,3.0,83.33,57.14,0.0,0.0,1011,69,74,0,0,D
1.0,3.0,2.0,4.0,2.0,0.0,3.0,6.0,44.0,53.0,87.0,83.0,0.0,0.0,0.0,3.0,0.0,4.0,1,1,44.0,53.0,44.0,53.0,0.0,100.0,1,1,411.0,465.0,358.0,388.0,87.1,83.44,100.0,0.0,1,1,7.0,11.0,3.0,6.0,42.86,54.55,28.57,36.36,3.5,2.75,1,1,3.0,4.0,2.0,0.0,60.0,100.0,0.0,100.0,1012,70,67,2,1,H
1.0,1.0,1.0,2.0,1.0,2.0,4.0,5.0,39.0,48.0,64.0,80.0,0.0,0.0,0.0,0.0,0.0,0.0,1,1,39.0,48.0,39.0,48.0,0.0,0.0,1,1,303.0,430.0,193.0,345.0,63.7,80.23,0.0,0.0,1,1,10.0,15.0,4.0,5.0,40.0,33.33,10.0,13.33,10.0,7.5,1,1,6.0,4.0,1.0,2.0,85.71,66.67,0.0,0.0,1394,86,84,2,1,H
0.0,1.0,1.0,1.0,2.0,1.0,2.0,4.0,36.0,39.0,73.0,82.0,0.0,0.0,0.0,0.0,0.0,0.0,1,1,36.0,39.0,36.0,39.0,0.0,0.0,1,1,299.0,370.0,218.0,305.0,72.91,82.43,0.0,0.0,1,1,10.0,19.0,2.0,4.0,20.0,21.05,10.0,5.26,10.0,19.0,1,1,2.0,1.0,2.0,1.0,50.0,50.0,0.0,0.0,1395,90,91,0,0,D
3.0,0.0,5.0,0.0,1.0,2.0,5.0,0.0,50.0,31.0,87.0,74.0,0.0,0.0,0.0,0.0,0.0,0.0,1,1,50.0,31.0,50.0,31.0,0.0,0.0,1,1,513.0,283.0,446.0,209.0,86.94,73.85,100.0,0.0,1,1,7.0,2.0,5.0,0.0,71.43,0.0,71.43,0.0,1.4,0.0,1,1,6.0,4.0,1.0,2.0,85.71,66.67,0.0,0.0,18,24,30,2,2,D
0.0,1.0,0.0,1.0,3.0,1.0,4.0,7.0,67.0,74.0,84.0,88.0,0.0,0.0,0.0,0.0,0.0,0.0,1,1,67.0,74.0,67.0,74.0,100.0,100.0,1,1,546.0,562.0,460.0,493.0,84.25,87.72,0.0,100.0,1,1,14.0,22.0,4.0,7.0,28.57,31.82,0.0,4.55,0.0,22.0,1,1,1.0,1.0,3.0,1.0,25.0,50.0,0.0,0.0,1013,62,68,3,0,H
1.0,1.0,0.0,0.0,0.0,0.0,3.0,2.0,57.0,38.0,82.0,69.0,0.0,0.0,0.0,0.0,0.0,0.0,1,1,57.0,38.0,57.0,38.0,100.0,0.0,1,1,446.0,260.0,364.0,180.0,81.61,69.23,0.0,0.0,1,1,15.0,11.0,3.0,2.0,20.0,18.18,0.0,0.0,0.0,0.0,1,1,2.0,1.0,0.0,0.0,100.0,100.0,100.0,100.0,1014,66,73,1,2,A
1.0,1.0,2.0,1.0,2.0,1.0,4.0,2.0,55.0,61.0,88.0,88.0,0.0,0.0,0.0,1.0,0.0,1.0,1,1,55.0,61.0,55.0,61.0,100.0,100.0,1,1,592.0,577.0,519.0,507.0,87.67,87.87,100.0,100.0,1,1,9.0,13.0,4.0,2.0,44.44,15.38,22.22,7.69,4.5,13.0,1,1,2.0,3.0,2.0,1.0,50.0,75.0,0.0,0.0,1396,80,93,3,0,H
1.0,0.0,0.0,0.0,0.0,3.0,2.0,0.0,43.0,42.0,77.0,88.0,0.0,0.0,1.0,0.0,0.0,0.0,1,1,43.0,42.0,43.0,42.0,0.0,0.0,1,1,333.0,382.0,258.0,338.0,77.48,88.48,0.0,100.0,1,1,13.0,3.0,2.0,0.0,15.38,0.0,0.0,0.0,0.0,0.0,1,1,3.0,3.0,0.0,3.0,100.0,50.0,100.0,0.0,1015,61,77,1,1,D
3.0,3.0,3.0,3.0,0.0,0.0,4.0,7.0,33.0,58.0,67.0,92.0,0.0,0.0,3.0,0.0,3.0,0.0,1,1,33.0,58.0,33.0,58.0,0.0,100.0,1,1,275.0,525.0,185.0,484.0,67.27,92.19,0.0,100.0,1,1,9.0,13.0,4.0,7.0,44.44,53.85,33.33,23.08,3.0,4.33,1,1,4.0,0.0,0.0,0.0,100.0,0.0,100.0,100.0,1016,71,65,0,3,A
2.0,3.0,2.0,2.5,1.5,1.0,4.5,4.5,42.5,56.5,81.0,85.5,4.0,7.0,1.0,0.0,2.0,0.0,2,2,42.5,56.5,45.0,64.0,0.0,50.0,2,2,415.5,518.5,341.5,444.5,81.17,85.75,50.0,100.0,2,2,8.5,6.5,4.5,4.5,52.94,69.23,23.53,38.46,4.25,2.6,2,2,4.0,2.0,1.5,1.0,72.73,66.67,0.0,0.0,1397,83,87,4,3,H
0.5,0.5,0.5,1.5,1.0,2.0,3.0,6.0,44.5,56.0,82.0,83.0,5.0,7.0,1.0,1.0,1.0,2.0,2,2,44.5,56.0,55.0,60.0,50.0,100.0,2,2,350.5,505.0,286.5,418.5,81.83,82.81,0.0,0.0,2,2,11.0,17.0,3.0,6.0,27.27,35.29,4.55,8.82,22.0,11.33,2,2,4.5,4.0,1.0,2.0,81.82,66.67,0.0,0.0,1398,98,85,0,0,D
2.0,3.0,1.0,2.0,0.5,1.0,2.5,5.5,43.0,64.5,64.0,87.0,6.0,6.0,0.0,3.0,0.0,2.0,2,2,43.0,64.5,52.0,65.0,50.0,100.0,2,2,271.5,573.0,174.5,498.0,64.24,86.91,0.0,100.0,2,2,7.5,15.5,2.5,5.5,33.33,35.48,13.33,12.9,7.5,7.75,1,2,3.0,1.0,1.0,1.0,75.0,50.0,0.0,0.0,1399,97,79,1,2,A
0.5,0.0,1.0,1.0,1.5,2.5,3.0,3.5,52.0,43.5,79.0,81.0,9.0,5.0,1.0,0.0,1.0,1.0,2,2,52.0,43.5,69.0,51.0,50.0,50.0,2,2,368.5,403.5,292.0,330.0,79.23,80.95,0.0,0.0,2,2,7.5,9.5,3.0,3.5,40.0,36.84,13.33,10.53,7.5,9.5,2,2,2.0,3.0,1.5,2.5,57.14,54.55,0.0,0.0,1400,81,82,1,0,H
1.5,2.0,0.5,1.5,1.5,1.0,0.5,4.5,40.5,39.5,82.0,69.5,5.0,8.0,3.0,1.0,1.0,1.0,2,2,40.5,39.5,45.0,40.0,0.0,0.0,2,2,373.0,322.5,306.0,224.0,82.03,69.13,0.0,0.0,2,2,10.0,10.0,0.5,4.5,5.0,45.0,5.0,15.0,20.0,6.67,2,2,4.0,5.0,1.5,1.0,72.73,83.33,50.0,0.0,1401,95,86,0,0,D
2.0,0.0,2.5,0.0,1.0,1.0,5.0,3.0,48.5,44.5,87.5,77.5,6.0,5.0,3.0,0.0,3.0,0.0,2,2,48.5,44.5,55.0,55.0,50.0,50.0,2,2,527.0,369.0,461.5,291.0,87.56,77.78,100.0,0.0,2,2,10.0,11.5,5.0,3.0,50.0,26.09,25.0,0.0,4.0,0.0,2,2,3.0,1.0,1.0,1.0,75.0,50.0,50.0,0.0,1402,80,88,0,0,D
1.5,0.5,1.0,0.5,1.0,1.0,3.5,1.5,66.0,36.5,84.5,70.0,6.0,9.0,0.0,0.0,1.0,1.0,2,2,66.0,36.5,66.0,37.0,100.0,0.0,2,2,483.5,300.0,410.0,209.5,84.49,69.84,50.0,0.0,2,2,9.5,7.5,3.5,1.5,36.84,20.0,10.53,6.67,9.5,15.0,2,2,2.5,2.5,1.0,1.0,71.43,71.43,50.0,50.0,1403,94,90,1,2,A
0.5,2.0,0.5,1.0,2.0,0.5,3.0,5.5,59.5,53.0,90.0,75.0,10.0,6.0,0.0,0.0,0.0,0.0,2,2,59.5,53.0,61.0,61.0,100.0,50.0,2,2,593.5,385.0,534.0,290.0,89.92,75.15,100.0,0.0,2,2,13.0,15.5,3.0,5.5,23.08,35.48,3.85,6.45,26.0,15.5,2,2,3.0,2.0,2.0,0.5,60.0,80.0,0.0,50.0,1404,93,96,4,0,H
0.5,2.0,1.5,2.0,2.0,0.5,5.0,7.0,54.0,65.0,80.0,91.0,8.0,6.0,1.0,1.0,2.0,1.0,2,2,54.0,65.0,60.0,66.0,50.0,100.0,2,2,474.5,657.5,381.0,596.0,80.29,90.66,0.0,100.0,2,2,12.5,15.0,5.0,7.0,40.0,46.67,12.0,13.33,8.33,7.5,2,2,3.5,2.0,2.0,0.5,63.64,80.0,0.0,50.0,1405,84,89,1,1,D
0.5,2.0,0.5,2.0,1.5,1.5,3.0,5.0,39.0,43.0,81.0,83.5,6.0,7.0,0.0,1.0,0.0,2.0,2,2,39.0,43.0,45.0,44.0,0.0,0.0,2,2,323.5,376.5,261.5,316.0,80.84,83.61,0.0,50.0,2,2,9.5,10.0,3.0,5.0,31.58,50.0,5.26,20.0,19.0,5.0,2,2,6.0,5.5,1.5,1.5,80.0,78.57,50.0,0.0,1017,74,70,0,1,A
1.0,0.0,1.0,0.0,1.0,2.0,5.0,3.0,46.0,61.0,72.0,81.0,0.0,0.0,0.0,0.0,0.0,0.0,1,1,46.0,61.0,46.0,61.0,0.0,100.0,1,1,320.0,545.0,231.0,439.0,72.19,80.55,0.0,0.0,1,1,15.0,11.0,5.0,3.0,33.33,27.27,6.67,0.0,15.0,0.0,1,1,3.0,1.0,1.0,2.0,75.0,33.33,0.0,0.0,698,55,56,1,0,H
0.0,2.0,0.0,2.0,2.5,1.0,1.0,4.5,45.5,59.0,80.5,83.5,5.0,7.0,0.0,1.0,0.0,1.0,2,2,45.5,59.0,52.0,60.0,50.0,100.0,2,2,386.0,498.0,311.5,416.0,80.23,83.38,0.0,50.0,2,2,8.5,11.0,1.0,4.5,11.76,40.91,0.0,18.18,0.0,5.5,2,2,4.5,4.0,2.5,1.0,64.29,80.0,0.0,0.0,19,23,32,4,3,H
2.0,1.5,2.0,2.5,1.0,1.0,5.5,7.5,64.0,55.5,89.0,84.5,7.0,6.0,3.0,1.5,2.0,2.5,2,2,64.0,55.5,67.0,58.0,100.0,100.0,2,2,535.5,463.0,475.5,393.0,88.71,84.88,100.0,50.0,2,2,14.0,18.0,5.5,7.5,39.29,41.67,14.29,13.89,7.0,7.2,2,2,4.5,4.0,1.0,1.0,81.82,80.0,50.0,50.0,1018,72,67,4,0,H
3.0,3.0,2.0,2.5,0.0,0.5,5.0,5.0,57.0,55.0,88.0,85.5,7.0,6.0,3.0,3.0,2.0,3.0,2,2,57.0,55.0,61.0,62.0,100.0,50.0,2,2,467.0,526.0,413.0,449.5,88.12,85.44,100.0,100.0,2,2,13.5,12.0,5.0,5.0,37.04,41.67,14.81,20.83,6.75,4.8,2,2,3.0,1.5,0.0,0.5,100.0,75.0,100.0,50.0,329,8,15,1,1,D
1.0,3.0,2.0,2.0,2.0,0.0,5.0,5.0,55.0,70.0,84.0,91.0,0.0,0.0,0.0,0.0,0.0,0.0,1,1,55.0,70.0,55.0,70.0,100.0,100.0,1,1,461.0,707.0,387.0,644.0,83.95,91.09,0.0,100.0,1,1,11.0,20.0,5.0,5.0,45.45,25.0,18.18,10.0,5.5,10.0,1,1,1.0,2.0,2.0,0.0,33.33,100.0,0.0,100.0,699,43,46,0,0,D
0.0,3.0,0.0,3.0,2.0,2.0,2.0,8.0,30.0,55.0,83.0,84.0,0.0,0.0,0.0,0.0,0.0,0.0,1,1,30.0,55.0,30.0,55.0,0.0,100.0,1,1,293.0,460.0,244.0,385.0,83.28,83.7,0.0,0.0,1,1,7.0,21.0,2.0,8.0,28.57,38.1,0.0,14.29,0.0,7.0,1,1,3.0,4.0,2.0,2.0,60.0,66.67,0.0,0.0,700,49,47,3,1,H
0.0,1.0,1.0,1.0,3.0,1.0,2.0,3.0,67.0,54.0,88.0,78.0,0.0,0.0,0.0,0.0,0.0,0.0,1,1,67.0,54.0,67.0,54.0,100.0,100.0,1,1,646.0,377.0,571.0,295.0,88.39,78.25,100.0,0.0,1,1,9.0,14.0,2.0,3.0,22.22,21.43,11.11,7.14,9.0,14.0,1,1,2.0,4.0,3.0,1.0,40.0,80.0,0.0,0.0,701,51,45,3,3,D
0.0,0.0,0.0,2.0,1.0,3.0,4.0,7.0,37.0,42.0,71.0,83.0,0.0,0.0,0.0,0.0,0.0,0.0,1,1,37.0,42.0,37.0,42.0,0.0,0.0,1,1,301.0,443.0,213.0,366.0,70.76,82.62,0.0,0.0,1,1,10.0,14.0,4.0,7.0,40.0,50.0,0.0,14.29,0.0,7.0,1,1,2.0,7.0,1.0,3.0,66.67,70.0,0.0,0.0,702,53,44,0,2,A
0.0,0.0,2.0,2.0,3.0,3.0,6.0,2.0,45.0,29.0,80.0,69.0,0.0,0.0,0.0,0.0,0.0,0.0,1,1,45.0,29.0,45.0,29.0,0.0,0.0,1,1,382.0,248.0,304.0,170.0,79.58,68.55,0.0,0.0,1,1,17.0,10.0,6.0,2.0,35.29,20.0,11.76,20.0,8.5,5.0,1,1,5.0,6.0,3.0,3.0,62.5,66.67,0.0,0.0,703,57,42,0,2,A
0.0,1.0,0.0,1.0,3.5,1.0,1.0,4.0,33.5,43.0,76.0,77.0,7.0,7.0,0.0,1.0,0.0,1.0,2,2,33.5,43.0,38.0,47.0,0.0,0.0,2,2,297.5,376.5,227.0,290.0,76.12,76.94,0.0,0.0,2,2,9.5,14.5,1.0,4.0,10.53,27.59,0.0,6.9,0.0,14.5,2,2,2.5,5.5,3.5,1.0,41.67,84.62,0.0,0.0,330,9,3,2,3,A
0.5,1.5,1.0,1.0,1.5,1.5,3.5,3.0,38.0,43.5,80.5,83.0,4.0,7.0,1.0,3.0,1.0,2.0,2,2,38.0,43.5,46.0,48.0,0.0,0.0,2,2,364.5,361.5,296.0,300.0,80.33,82.94,0.0,0.0,2,2,8.5,13.0,3.5,3.0,41.18,23.08,11.76,7.69,8.5,13.0,2,2,4.5,2.5,1.5,1.5,75.0,62.5,0.0,0.0,331,10,20,1,2,A
1.5,0.0,1.0,0.0,1.5,1.0,3.5,2.5,41.5,71.5,79.5,90.0,7.0,7.0,3.0,0.0,2.0,0.0,2,2,41.5,71.5,46.0,78.0,0.0,100.0,2,2,380.5,652.5,302.5,587.5,79.65,90.03,0.0,100.0,2,2,8.5,12.0,3.5,2.5,41.18,20.83,11.76,0.0,8.5,0.0,2,2,6.0,3.5,1.5,1.0,80.0,77.78,0.0,0.0,332,17,7,3,1,H
0.0,1.5,0.5,1.0,3.0,1.0,1.5,4.0,31.5,49.5,80.0,82.5,7.0,7.0,0.0,0.0,0.0,0.0,2,2,31.5,49.5,38.0,54.0,0.0,50.0,2,2,296.0,461.0,236.0,382.5,80.01,82.5,0.0,50.0,2,2,4.0,14.0,1.5,4.0,37.5,28.57,12.5,7.14,8.0,14.0,2,2,2.0,3.5,3.0,1.0,40.0,77.78,0.0,0.0,333,18,4,1,1,D
2.0,0.0,1.0,1.0,0.5,4.0,8.0,3.5,44.0,43.5,82.0,80.5,7.0,7.0,1.0,0.0,1.0,0.0,2,2,44.0,43.5,53.0,47.0,50.0,0.0,2,2,427.5,347.5,348.0,280.0,81.72,80.47,0.0,0.0,2,2,18.5,10.5,8.0,3.5,43.24,33.33,5.41,9.52,18.5,10.5,2,2,2.0,3.0,0.5,4.0,80.0,42.86,50.0,0.0,334,19,5,1,1,D
0.0,0.0,0.5,0.0,3.5,1.5,4.5,4.5,49.0,48.5,83.0,78.0,7.0,7.0,0.0,0.0,1.0,0.0,2,2,49.0,48.5,50.0,59.0,0.0,50.0,2,2,477.0,372.5,395.0,294.5,82.7,77.73,50.0,0.0,2,2,10.5,15.0,4.5,4.5,42.86,30.0,4.76,0.0,21.0,0.0,2,2,4.0,4.0,3.5,1.5,53.33,72.73,0.0,0.0,20,34,39,4,0,H
3.0,1.33,2.0,0.33,1.0,1.0,5.33,1.0,64.67,46.67,86.0,84.0,4.5,4.0,3.0,0.0,2.0,0.0,3,3,64.67,46.67,65.0,59.0,100.0,33.33,3,3,558.33,413.0,480.0,348.0,85.92,83.89,66.67,33.33,3,3,17.67,10.67,5.33,1.0,30.19,9.38,11.32,3.12,8.83,32.0,3,3,1.67,3.0,1.0,1.0,62.5,75.0,0.0,66.67,1406,79,95,7,0,H
1.5,3.0,1.5,3.0,1.0,0.5,3.0,5.0,47.0,63.5,80.5,91.0,6.0,5.0,0.0,3.0,1.0,2.0,2,2,47.0,63.5,52.0,75.0,50.0,100.0,2,2,405.0,645.0,327.0,588.5,80.62,90.94,0.0,100.0,2,2,16.0,12.5,3.0,5.0,18.75,40.0,9.38,24.0,10.67,4.17,2,2,1.5,1.5,1.0,0.5,60.0,75.0,50.0,50.0,335,12,14,1,3,A
3.0,3.0,3.0,1.0,2.0,0.0,10.0,3.0,58.0,63.0,86.0,82.0,0.0,0.0,0.0,0.0,0.0,0.0,1,1,58.0,63.0,58.0,63.0,100.0,100.0,1,1,612.0,505.0,528.0,412.0,86.27,81.58,100.0,0.0,1,1,25.0,13.0,10.0,3.0,40.0,23.08,12.0,7.69,8.33,13.0,1,1,5.0,3.0,2.0,0.0,71.43,100.0,0.0,100.0,704,48,52,2,3,A
0.5,2.0,0.5,1.0,2.0,0.5,4.5,3.0,67.5,32.5,86.5,71.5,7.0,8.0,1.0,3.0,1.0,2.0,2,2,67.5,32.5,74.0,38.0,100.0,0.0,2,2,549.0,245.0,475.5,175.5,86.59,71.79,100.0,0.0,2,2,15.0,12.5,4.5,3.0,30.0,24.0,3.33,8.0,30.0,12.5,2,2,1.5,3.5,2.0,0.5,42.86,87.5,0.0,50.0,1019,68,73,1,1,D
0.0,1.0,0.0,0.5,3.0,0.5,4.0,3.5,43.0,45.0,84.0,76.0,5.0,7.0,0.0,0.0,0.0,0.0,2,2,43.0,45.0,47.0,47.0,0.0,0.0,2,2,388.5,347.5,326.0,265.0,84.05,76.31,50.0,0.0,2,2,15.5,12.0,4.0,3.5,25.81,29.17,0.0,4.17,0.0,24.0,2,2,1.5,3.0,3.0,0.5,33.33,85.71,0.0,50.0,1020,76,61,1,0,H
0.5,2.0,0.5,1.0,3.5,0.0,4.0,3.5,36.5,40.5,80.5,78.0,5.0,7.0,1.0,1.0,1.0,0.0,2,2,36.5,40.5,42.0,46.0,0.0,0.0,2,2,328.5,354.0,266.0,280.5,80.9,78.35,0.0,0.0,2,2,8.0,9.5,4.0,3.5,50.0,36.84,6.25,10.53,16.0,9.5,2,2,4.0,4.5,3.5,0.0,53.33,100.0,0.0,100.0,21,25,26,1,3,A
1.33,1.67,1.0,1.67,1.0,0.67,3.33,5.67,51.67,53.0,79.0,87.67,6.5,4.5,2.0,1.0,1.0,2.0,3,3,51.67,53.0,69.0,62.0,66.67,66.67,3,3,385.0,549.67,305.0,482.0,79.22,87.67,0.0,100.0,3,3,9.33,15.0,3.33,5.67,35.71,37.78,10.71,11.11,9.33,9.0,3,3,1.33,2.33,1.0,0.67,57.14,77.78,33.33,66.67,1407,81,80,0,1,A
0.33,1.33,0.0,1.0,0.67,1.0,2.33,3.0,42.33,40.33,78.33,67.33,4.5,4.5,0.0,2.0,0.0,1.0,3,3,42.33,40.33,55.0,52.0,33.33,33.33,3,3,366.67,271.0,290.33,183.33,78.46,67.64,0.0,0.0,3,3,10.33,7.67,2.33,3.0,22.58,39.13,0.0,13.04,0.0,7.67,3,2,3.0,3.0,0.67,1.5,81.82,66.67,33.33,0.0,1408,88,97,2,1,H
1.5,0.5,2.0,1.5,1.5,2.0,5.5,5.5,66.0,58.5,88.5,90.0,5.0,6.0,3.0,0.0,3.0,1.0,2,2,66.0,58.5,67.0,61.0,100.0,100.0,2,2,532.5,522.0,471.5,470.0,88.22,90.13,100.0,100.0,2,2,15.0,21.5,5.5,5.5,36.67,25.58,13.33,6.98,7.5,14.33,2,2,1.5,2.5,1.5,2.0,50.0,55.56,0.0,0.0,1021,59,60,2,2,D
1.5,2.0,1.5,1.5,1.5,1.0,4.5,5.5,53.0,39.0,81.0,79.5,7.0,7.0,3.0,0.0,3.0,0.0,2,2,53.0,39.0,67.0,39.0,50.0,0.0,2,2,442.5,318.0,361.5,254.5,80.91,79.33,0.0,0.0,2,2,15.0,11.5,4.5,5.5,30.0,47.83,10.0,13.04,10.0,7.67,2,2,1.5,5.0,1.5,1.0,50.0,83.33,50.0,0.0,1022,62,75,2,1,H
1.0,2.0,0.5,3.5,0.5,1.5,4.5,8.0,48.0,58.0,78.5,88.5,7.0,8.0,1.0,3.0,0.0,5.0,2,2,48.0,58.0,54.0,66.0,50.0,50.0,2,2,410.5,573.0,326.0,508.0,78.81,88.5,0.0,100.0,2,2,13.5,14.0,4.5,8.0,33.33,57.14,3.7,25.0,27.0,4.0,2,2,2.0,3.5,0.5,1.5,80.0,70.0,50.0,0.0,22,33,24,1,3,A
0.0,2.33,0.67,2.67,2.0,2.0,2.33,6.0,45.33,43.33,79.33,83.67,5.0,3.5,0.0,3.0,1.0,2.0,3,3,45.33,43.33,51.0,45.0,33.33,0.0,3,3,407.33,427.0,324.67,361.67,79.19,83.89,0.0,66.67,3,3,7.0,13.67,2.33,6.0,33.33,43.9,9.52,19.51,10.5,5.12,3,3,3.0,4.0,2.0,2.0,60.0,66.67,0.0,0.0,1409,82,83,1,1,D
1.67,0.67,1.0,0.33,0.67,0.67,3.33,3.33,40.0,44.67,73.67,82.0,5.5,4.0,3.0,0.0,2.0,0.0,3,3,40.0,44.67,41.0,55.0,0.0,33.33,3,3,335.0,362.0,247.67,295.67,73.4,81.74,0.0,0.0,3,3,9.0,11.33,3.33,3.33,37.04,29.41,11.11,2.94,9.0,34.0,3,3,4.0,5.33,0.67,0.67,85.71,88.89,33.33,33.33,1410,86,98,0,1,A
2.0,2.0,1.0,2.5,0.5,0.5,3.0,7.0,41.5,70.5,72.0,89.5,7.0,4.0,3.0,1.0,1.0,1.0,2,2,41.5,70.5,61.0,71.0,50.0,100.0,2,2,338.0,640.0,255.0,570.5,72.02,89.12,0.0,100.0,2,2,8.5,14.0,3.0,7.0,35.29,50.0,11.76,17.86,8.5,5.6,2,2,3.0,1.5,0.5,0.5,85.71,75.0,50.0,50.0,336,2,11,2,1,H
1.5,0.0,3.0,0.5,2.0,2.0,5.5,4.0,54.0,56.0,87.5,81.5,6.0,6.0,0.0,0.0,0.0,1.0,2,2,54.0,56.0,60.0,58.0,50.0,100.0,2,2,492.5,516.5,431.0,421.5,87.52,81.56,100.0,0.0,2,2,12.0,14.0,5.5,4.0,45.83,28.57,25.0,3.57,4.0,28.0,2,2,2.5,2.0,2.0,2.0,55.56,50.0,0.0,0.0,337,13,16,1,1,D
3.0,3.0,1.5,1.5,0.0,0.0,6.0,6.5,61.5,55.5,85.0,82.0,6.0,6.0,3.0,3.0,1.0,1.0,2,2,61.5,55.5,62.0,59.0,100.0,100.0,2,2,486.0,498.0,414.5,407.5,85.28,81.83,50.0,0.0,2,2,19.0,15.0,6.0,6.5,31.58,43.33,7.89,10.0,12.67,10.0,2,2,2.0,2.5,0.0,0.0,100.0,100.0,100.0,100.0,23,29,38,1,1,D
3.0,1.0,2.0,2.0,0.0,2.0,3.0,3.0,39.0,45.0,70.0,81.0,0.0,0.0,0.0,0.0,0.0,0.0,1,1,39.0,45.0,39.0,45.0,0.0,0.0,1,1,350.0,378.0,246.0,308.0,70.29,81.48,0.0,0.0,1,1,5.0,11.0,3.0,3.0,60.0,27.27,40.0,18.18,2.5,5.5,1,1,3.0,3.0,0.0,2.0,100.0,60.0,100.0,0.0,705,54,50,4,0,H
0.0,0.5,0.0,1.0,1.5,1.5,2.5,2.5,38.0,56.5,77.0,85.0,6.0,7.0,0.0,0.0,0.0,1.0,2,2,38.0,56.5,41.0,58.0,0.0,100.0,2,2,328.0,471.0,253.0,402.0,77.2,85.28,0.0,50.0,2,2,7.0,10.0,2.5,2.5,35.71,25.0,0.0,10.0,0.0,10.0,2,2,3.5,3.5,1.5,1.5,70.0,70.0,0.0,0.0,24,21,27,1,4,A
0.5,1.5,1.0,2.0,2.0,1.5,1.5,6.5,32.5,44.0,77.0,82.0,8.0,6.0,0.0,0.0,0.0,1.0,2,2,32.5,44.0,34.0,48.0,0.0,0.0,2,2,305.0,389.0,235.0,319.5,76.83,81.95,0.0,0.0,2,2,7.5,18.0,1.5,6.5,20.0,36.11,13.33,11.11,7.5,9.0,2,2,6.5,2.5,2.0,1.5,76.47,62.5,0.0,50.0,25,30,31,2,1,H
1.5,1.5,1.5,1.0,2.0,1.5,3.5,5.0,32.5,55.0,76.5,84.5,8.0,7.0,0.0,0.0,1.0,0.0,2,2,32.5,55.0,41.0,65.0,0.0,50.0,2,2,277.5,480.5,212.0,407.0,76.28,84.77,0.0,50.0,2,2,9.5,14.0,3.5,5.0,36.84,35.71,15.79,7.14,6.33,14.0,2,2,5.0,2.0,2.0,1.5,71.43,57.14,50.0,0.0,26,36,35,3,1,H
1.5,3.0,1.0,2.0,1.0,0.0,4.5,6.5,53.5,62.5,86.0,89.0,7.0,8.0,3.0,3.0,1.0,2.0,2,2,53.5,62.5,55.0,63.0,100.0,100.0,2,2,496.5,586.0,427.0,521.5,85.97,88.92,50.0,100.0,2,2,12.5,18.5,4.5,6.5,36.0,35.14,8.0,10.81,12.5,9.25,2,2,2.0,2.0,1.0,0.0,66.67,100.0,50.0,100.0,338,1,6,0,3,A
1.33,0.67,1.0,1.33,1.0,1.67,2.67,4.0,40.0,50.67,71.67,81.67,6.0,6.0,1.0,0.0,0.0,1.0,3,3,40.0,50.67,47.0,60.0,0.0,33.33,3,3,301.33,457.0,215.33,374.0,71.45,81.96,0.0,33.33,3,3,9.67,10.67,2.67,4.0,27.59,37.5,10.34,12.5,9.67,8.0,3,3,1.67,4.67,1.0,1.67,62.5,73.68,33.33,0.0,1411,90,84,2,0,H
1.33,2.0,0.67,2.67,1.67,2.0,3.67,6.0,48.67,56.0,78.0,86.67,5.5,5.0,2.0,0.0,1.0,3.0,3,3,48.67,56.0,61.0,64.0,33.33,66.67,3,3,388.67,534.0,304.0,464.33,78.05,86.9,0.0,100.0,3,3,10.67,11.0,3.67,6.0,34.38,54.55,6.25,24.24,16.0,4.12,3,3,1.67,3.33,1.67,2.0,50.0,62.5,33.33,0.0,1412,96,87,3,2,H
3.0,3.0,3.0,3.0,2.0,1.0,8.0,6.0,71.0,33.0,85.0,76.0,0.0,0.0,0.0,0.0,0.0,0.0,1,1,71.0,33.0,71.0,33.0,100.0,0.0,1,1,609.0,309.0,520.0,236.0,85.39,76.38,100.0,0.0,1,1,15.0,16.0,8.0,6.0,53.33,37.5,20.0,18.75,5.0,5.33,1,1,0.0,1.0,2.0,1.0,0.0,50.0,0.0,0.0,706,40,41,2,0,H
2.0,1.5,1.5,1.5,1.0,1.5,4.0,2.5,31.5,36.5,77.5,76.5,7.0,8.0,1.0,0.0,2.0,0.0,2,2,31.5,36.5,33.0,40.0,0.0,0.0,2,2,249.0,331.0,193.5,258.0,77.53,76.4,0.0,50.0,2,2,12.0,8.0,4.0,2.5,33.33,31.25,12.5,18.75,8.0,5.33,2,2,3.5,3.0,1.0,1.5,77.78,66.67,50.0,50.0,1023,64,71,0,2,A
1.0,0.5,0.5,0.0,0.5,0.5,7.5,1.5,58.0,66.0,84.0,83.5,8.0,7.0,1.0,1.0,0.0,0.0,2,2,58.0,66.0,61.0,70.0,100.0,100.0,2,2,426.5,535.5,358.5,452.0,84.08,83.33,0.0,50.0,2,2,14.5,7.5,7.5,1.5,51.72,20.0,3.45,0.0,29.0,0.0,2,2,5.0,1.0,0.5,0.5,90.91,66.67,50.0,50.0,1024,69,78,2,2,D
0.67,1.33,1.0,1.67,1.33,1.33,6.33,3.67,55.67,59.67,83.67,90.33,5.0,6.5,0.0,0.5,1.0,0.5,3,3,55.67,59.67,60.0,61.0,100.0,100.0,3,3,498.33,586.33,417.0,529.0,83.66,90.19,33.33,100.0,3,3,16.67,12.0,6.33,3.67,38.0,30.56,6.0,13.89,16.67,7.2,3,3,4.0,2.0,1.33,1.33,75.0,60.0,33.33,33.33,1413,85,93,0,2,A
1.0,1.0,0.5,1.0,0.5,1.33,1.0,2.67,39.5,61.67,60.5,82.0,9.0,5.0,1.0,3.0,0.0,1.0,2,3,39.5,61.67,48.0,66.0,0.0,100.0,2,3,239.0,439.0,144.5,363.33,60.36,82.04,0.0,33.33,2,3,10.5,9.67,1.0,2.67,9.52,27.59,4.76,10.34,21.0,9.67,1,3,3.0,2.67,1.0,1.33,75.0,66.67,0.0,33.33,1414,92,94,0,0,D
3.0,3.0,2.0,5.0,0.0,0.5,6.0,10.5,67.0,72.5,88.0,93.0,7.0,7.0,3.0,3.0,2.0,4.0,2,2,67.0,72.5,69.0,76.0,100.0,100.0,2,2,618.0,784.0,545.5,732.0,88.2,93.37,100.0,100.0,2,2,16.5,21.0,6.0,10.5,36.36,50.0,12.12,23.81,8.25,4.2,2,2,1.0,2.0,0.0,0.5,100.0,80.0,100.0,50.0,27,22,28,1,3,A
2.0,0.5,1.5,0.5,1.0,2.0,2.5,2.0,30.5,47.5,69.5,83.5,6.0,6.0,3.0,0.5,2.0,0.5,2,2,30.5,47.5,35.0,53.0,0.0,50.0,2,2,230.0,402.0,160.5,335.5,69.29,83.69,0.0,50.0,2,2,6.0,8.5,2.5,2.0,41.67,23.53,25.0,5.88,4.0,17.0,2,2,4.0,4.0,1.0,2.0,80.0,66.67,0.0,0.0,1025,63,77,1,0,H
3.0,0.5,3.0,0.5,0.0,1.0,6.0,5.0,59.0,65.0,90.0,85.5,7.0,7.0,3.0,1.0,3.0,0.0,2,2,59.0,65.0,60.0,73.0,100.0,100.0,2,2,571.5,530.0,515.0,455.5,90.27,85.35,100.0,50.0,2,2,10.5,21.0,6.0,5.0,57.14,23.81,28.57,2.38,3.5,42.0,2,2,0.5,2.0,0.0,1.0,100.0,66.67,100.0,50.0,1026,65,66,0,0,D
1.67,1.0,1.67,0.5,0.67,0.5,7.33,3.5,62.0,51.0,89.67,82.5,5.0,9.0,3.0,1.0,3.0,0.0,3,2,62.0,51.0,66.0,63.0,100.0,50.0,3,2,620.67,450.0,556.33,371.5,89.51,82.53,100.0,0.0,3,2,18.33,17.0,7.33,3.5,40.0,20.59,9.09,2.94,11.0,34.0,3,2,1.67,1.0,0.67,0.5,71.43,66.67,33.33,50.0,1415,89,91,2,0,H
2.0,3.0,1.0,3.0,0.0,0.0,4.5,5.5,61.5,37.5,89.5,72.5,6.0,6.0,3.0,3.0,2.0,2.0,2,2,61.5,37.5,70.0,39.0,100.0,0.0,2,2,615.5,324.5,552.0,235.0,89.44,72.61,100.0,0.0,2,2,14.5,10.0,4.5,5.5,31.03,55.0,6.9,30.0,14.5,3.33,2,2,1.5,1.5,0.0,0.0,100.0,100.0,100.0,100.0,707,46,54,4,2,H
0.0,2.0,0.0,1.67,2.33,1.0,3.0,5.33,50.0,58.67,79.67,87.0,6.5,7.5,0.0,3.0,0.0,2.0,3,3,50.0,58.67,59.0,69.0,66.67,66.67,3,3,372.67,552.67,300.0,483.33,79.62,87.16,0.0,100.0,3,3,12.0,13.67,3.0,5.33,25.0,39.02,0.0,12.2,0.0,8.2,3,3,4.0,2.0,2.33,1.0,63.16,66.67,0.0,66.67,28,39,22,1,0,H
0.67,1.25,0.33,0.75,1.0,0.75,3.0,3.0,47.33,43.5,83.0,76.0,8.0,4.67,1.0,1.0,1.0,0.5,3,4,47.33,43.5,63.0,54.0,33.33,25.0,3,4,440.33,369.5,365.33,283.5,82.97,75.72,0.0,0.0,3,4,15.0,9.0,3.0,3.0,20.0,33.33,2.22,8.33,45.0,12.0,3,4,2.33,3.5,1.0,0.75,70.0,82.35,33.33,25.0,1416,91,86,2,0,H
0.0,1.0,0.33,0.67,1.67,1.67,3.67,4.0,68.67,53.33,89.33,85.0,7.0,7.5,0.0,0.0,0.0,1.0,3,3,68.67,53.33,78.0,55.0,100.0,100.0,3,3,642.0,500.0,574.33,425.0,89.43,84.99,100.0,33.33,3,3,14.0,11.0,3.67,4.0,26.19,36.36,2.38,6.06,42.0,16.5,3,3,3.67,1.33,1.67,1.67,68.75,44.44,0.0,33.33,339,7,1,0,3,A
1.25,2.0,0.5,2.25,0.5,1.75,3.25,5.0,45.0,43.0,81.25,83.25,4.0,4.0,1.0,2.0,0.5,1.5,4,4,45.0,43.0,55.0,45.0,25.0,0.0,4,4,371.5,413.25,301.0,347.75,81.12,83.48,0.0,50.0,4,4,11.5,12.5,3.25,5.0,28.26,40.0,4.35,18.0,23.0,5.56,4,4,4.5,4.0,0.5,1.75,90.0,69.57,50.0,0.0,1417,98,83,1,2,A
0.33,0.67,0.33,0.67,1.67,1.67,2.67,4.0,50.33,67.67,84.0,86.0,6.0,6.0,0.0,0.0,0.0,0.0,3,3,50.33,67.67,56.0,74.0,66.67,100.0,3,3,431.67,566.33,362.67,486.67,84.11,85.95,33.33,66.67,3,3,12.67,14.67,2.67,4.0,21.05,27.27,2.63,4.55,38.0,22.0,3,3,3.0,1.33,1.67,1.67,64.29,44.44,0.0,0.0,1027,77,68,2,2,D
1.5,0.0,1.5,0.0,1.5,1.5,4.5,4.0,33.0,38.0,75.0,73.0,8.0,7.0,3.0,0.0,3.0,0.0,2,2,33.0,38.0,33.0,39.0,0.0,0.0,2,2,330.0,328.0,248.5,240.0,75.37,72.98,0.0,0.0,2,2,12.5,12.5,4.5,4.0,36.0,32.0,12.0,0.0,8.33,0.0,2,2,1.0,2.5,1.5,1.5,40.0,62.5,0.0,0.0,708,41,53,2,1,H
1.5,1.5,2.0,1.5,1.5,1.5,3.5,4.5,37.5,40.0,71.5,84.5,6.0,6.0,0.0,0.0,2.0,0.0,2,2,37.5,40.0,46.0,50.0,0.0,0.0,2,2,290.0,379.0,208.0,321.0,71.32,84.44,0.0,50.0,2,2,11.5,12.5,3.5,4.5,30.43,36.0,17.39,12.0,5.75,8.33,2,2,5.5,2.5,1.5,1.5,78.57,62.5,50.0,0.0,709,42,49,1,2,A
1.5,0.5,2.0,2.0,1.5,3.0,6.5,7.0,51.5,65.5,83.5,87.5,7.0,7.0,0.0,0.0,2.0,1.0,2,2,51.5,65.5,61.0,67.0,50.0,100.0,2,2,510.0,571.5,425.5,501.0,83.34,87.56,0.0,100.0,2,2,14.5,18.5,6.5,7.0,44.83,37.84,13.79,10.81,7.25,9.25,2,2,5.5,3.0,1.5,3.0,78.57,50.0,50.0,0.0,710,44,51,1,3,A
1.5,1.5,2.0,2.5,2.5,2.5,5.5,10.0,52.5,60.5,84.0,86.5,7.0,7.0,3.0,3.0,3.0,3.0,2,2,52.5,60.5,55.0,63.0,50.0,100.0,2,2,452.0,594.5,380.0,514.5,84.08,86.55,0.0,100.0,2,2,16.0,25.5,5.5,10.0,34.38,39.22,12.5,9.8,8.0,10.2,2,2,4.0,3.0,2.5,2.5,61.54,54.55,0.0,0.0,711,47,48,1,4,A
3.0,2.0,2.0,1.0,1.0,0.5,3.5,5.0,50.0,42.5,82.5,73.0,7.0,6.0,3.0,1.0,1.0,1.0,2,2,50.0,42.5,63.0,46.0,50.0,0.0,2,2,428.0,343.5,351.5,251.5,82.25,73.15,0.0,0.0,2,2,10.5,13.0,3.5,5.0,33.33,38.46,19.05,7.69,5.25,13.0,2,2,5.5,2.0,1.0,0.5,84.62,80.0,50.0,50.0,712,52,55,0,0,D
1.33,1.0,1.0,1.33,1.0,1.67,4.0,2.67,50.0,42.0,83.67,81.67,7.0,6.5,3.0,3.0,2.0,2.0,3,3,50.0,42.0,54.0,52.0,66.67,33.33,3,3,446.67,383.33,374.67,312.67,83.63,81.59,66.67,0.0,3,3,12.33,14.0,4.0,2.67,32.43,19.05,8.11,9.52,12.33,10.5,3,3,3.33,2.67,1.0,1.67,76.92,61.54,0.0,33.33,340,4,12,1,1,D
3.0,1.67,2.33,1.0,0.0,0.67,5.33,7.0,57.33,46.67,87.33,81.33,7.0,7.0,3.0,3.0,2.0,1.0,3,3,57.33,46.67,63.0,53.0,66.67,66.67,3,3,545.33,407.33,478.0,329.67,87.37,81.09,66.67,0.0,3,3,16.0,17.67,5.33,7.0,33.33,39.62,14.58,5.66,6.86,17.67,3,3,2.33,1.67,0.0,0.67,100.0,71.43,100.0,33.33,341,6,19,0,1,A
3.0,2.0,3.0,1.67,0.67,1.33,6.0,4.67,65.0,40.0,91.33,82.0,6.0,6.0,3.0,0.0,4.0,0.0,3,3,65.0,40.0,75.0,46.0,100.0,0.0,3,3,672.0,373.0,615.67,305.0,91.39,81.96,100.0,33.33,3,3,16.0,12.33,6.0,4.67,37.5,37.84,18.75,13.51,5.33,7.4,3,3,1.67,5.67,0.67,1.33,71.43,80.95,33.33,0.0,342,14,17,2,1,H
2.33,0.33,2.0,0.67,0.67,2.33,4.67,2.33,58.0,37.33,85.67,82.0,6.5,7.0,3.0,0.0,2.0,1.0,3,3,58.0,37.33,64.0,49.0,66.67,0.0,3,3,507.67,331.0,434.33,272.33,85.55,82.02,100.0,33.33,3,3,15.33,6.33,4.67,2.33,30.43,36.84,13.04,10.53,7.67,9.5,3,3,3.0,2.33,0.67,2.33,81.82,50.0,33.33,0.0,343,15,18,0,0,D
0.33,0.33,0.67,1.0,1.67,1.67,3.67,3.33,49.67,44.67,80.67,83.33,6.5,5.5,0.0,0.0,0.0,1.0,3,3,49.67,44.67,58.0,58.0,66.67,33.33,3,3,461.0,414.0,373.0,349.67,80.66,83.24,0.0,33.33,3,3,12.33,8.67,3.67,3.33,29.73,38.46,5.41,11.54,18.5,8.67,3,3,3.33,4.0,1.67,1.67,66.67,70.59,0.0,0.0,344,16,10,2,2,D
1.0,1.75,0.5,1.25,0.75,0.75,2.5,3.25,43.5,37.25,78.25,71.25,3.67,5.0,1.5,1.5,1.0,1.5,4,4,43.5,37.25,55.0,47.0,25.0,0.0,4,4,363.75,285.75,286.75,203.25,78.28,71.06,0.0,0.0,4,4,10.25,11.0,2.5,3.25,24.39,29.55,4.88,11.36,20.5,8.8,4,4,3.25,2.75,0.75,0.75,81.25,78.57,25.0,50.0,1418,88,90,3,2,H
2.33,1.33,3.33,2.0,1.33,1.33,6.67,4.67,64.0,53.0,90.0,84.33,7.0,7.0,1.0,1.5,2.0,2.5,3,3,64.0,53.0,76.0,58.0,66.67,66.67,3,3,674.33,441.0,610.0,373.0,89.94,84.41,100.0,33.33,3,3,13.33,11.33,6.67,4.67,50.0,41.18,25.0,17.65,4.0,5.67,3,3,2.33,4.33,1.33,1.33,63.64,76.47,0.0,0.0,29,24,27,2,0,H
1.67,2.33,1.0,2.0,0.67,0.0,2.67,4.33,32.33,56.0,71.33,90.0,6.5,6.5,1.0,3.0,0.0,3.0,3,3,32.33,56.0,38.0,60.0,0.0,66.67,3,3,257.33,539.33,183.33,485.33,71.38,90.07,0.0,100.0,3,3,9.33,9.67,2.67,4.33,28.57,44.83,10.71,20.69,9.33,4.83,3,3,3.33,0.67,0.67,0.0,83.33,100.0,33.33,100.0,1028,73,65,0,0,D
2.0,0.0,1.33,0.67,1.33,3.33,3.67,3.33,43.0,38.0,83.0,75.33,6.5,7.0,0.0,0.0,0.0,0.0,3,3,43.0,38.0,48.0,47.0,0.0,0.0,3,3,368.67,314.67,306.0,237.0,82.97,75.29,0.0,0.0,3,3,12.0,12.33,3.67,3.33,30.56,27.03,11.11,5.41,9.0,18.5,3,3,2.33,3.0,1.33,3.33,63.64,47.37,0.0,0.0,345,20,9,3,2,H
0.0,3.0,1.0,2.5,2.5,1.0,5.5,5.5,49.5,69.0,81.0,87.0,7.0,7.0,0.0,3.0,0.0,3.0,2,2,49.5,69.0,54.0,71.0,50.0,100.0,2,2,397.0,656.5,321.5,574.5,80.93,87.37,0.0,100.0,2,2,15.0,13.5,5.5,5.5,36.67,40.74,6.67,18.52,15.0,5.4,2,2,3.5,1.5,2.5,1.0,58.33,60.0,0.0,50.0,713,57,40,1,6,A
0.5,1.0,0.75,0.33,1.5,0.33,6.0,1.0,54.0,44.0,84.0,62.67,5.0,8.0,0.0,1.0,0.5,1.0,4,3,54.0,44.0,60.0,53.0,75.0,33.33,4,3,482.0,272.67,404.25,172.67,83.88,62.69,25.0,0.0,4,3,16.5,12.33,6.0,1.0,36.36,8.11,4.55,2.7,22.0,37.0,4,2,3.5,1.5,1.5,0.5,70.0,75.0,25.0,50.0,1419,85,92,1,0,H
1.0,2.33,1.0,1.33,2.0,0.33,4.33,5.0,53.67,61.33,84.67,84.0,7.0,6.5,3.0,3.0,2.0,2.0,3,3,53.67,61.33,65.0,62.0,66.67,100.0,3,3,471.33,473.0,400.0,398.67,84.92,84.22,66.67,33.33,3,3,11.67,17.33,4.33,5.0,37.14,28.85,8.57,7.69,11.67,13.0,3,3,3.33,2.33,2.0,0.33,62.5,87.5,0.0,66.67,30,35,29,0,3,A
0.67,0.33,1.67,0.33,2.0,1.33,5.0,3.33,58.33,40.0,89.67,80.33,6.5,5.5,1.0,0.5,2.0,0.5,3,3,58.33,40.0,61.0,45.0,100.0,0.0,3,3,520.33,337.67,466.0,271.0,89.62,80.3,100.0,0.0,3,3,17.67,10.67,5.0,3.33,28.3,31.25,9.43,3.12,10.6,32.0,3,3,2.33,5.33,2.0,1.33,53.85,80.0,0.0,33.33,1029,60,74,4,0,H
3.0,1.0,4.33,1.67,0.67,2.33,9.33,6.0,67.67,48.33,91.67,80.33,8.0,6.5,3.0,0.0,6.0,0.0,3,3,67.67,48.33,76.0,50.0,100.0,0.0,3,3,726.33,425.33,668.67,343.33,91.81,79.98,100.0,33.33,3,3,17.67,14.33,9.33,6.0,52.83,41.86,24.53,11.63,4.08,8.6,3,3,2.33,2.67,0.67,2.33,77.78,53.33,33.33,33.33,31,28,34,3,1,H
1.67,1.33,1.67,2.33,1.33,1.67,5.0,6.0,46.33,57.0,77.0,88.33,6.5,6.0,1.0,3.0,1.0,6.0,3,3,46.33,57.0,53.0,63.0,33.33,66.67,3,3,381.67,525.0,293.33,464.67,76.8,88.4,0.0,100.0,3,3,15.33,12.33,5.0,6.0,32.61,48.65,10.87,18.92,9.2,5.29,3,3,5.67,2.33,1.33,1.67,80.95,58.33,0.0,0.0,346,3,13,0,1,A
1.0,2.0,0.75,1.75,1.0,0.5,2.0,7.25,58.0,61.5,78.25,89.75,4.33,4.33,0.0,1.0,1.0,1.0,4,4,58.0,61.5,66.0,66.0,75.0,100.0,4,4,407.75,617.5,325.0,553.75,78.25,89.58,25.0,100.0,4,4,7.5,19.25,2.0,7.25,26.67,37.66,10.0,9.09,10.0,11.0,4,4,2.25,1.75,1.0,0.5,69.23,77.78,50.0,50.0,1420,94,89,0,2,A
1.33,0.67,1.0,0.33,1.33,0.67,3.0,3.67,40.33,60.0,78.33,86.33,7.0,7.0,0.5,1.0,1.0,0.0,3,3,40.33,60.0,58.0,73.0,33.33,66.67,3,3,320.0,515.67,252.33,446.67,78.38,86.26,0.0,66.67,3,3,11.67,16.33,3.0,3.67,25.71,22.45,8.57,2.04,11.67,49.0,3,3,2.67,1.67,1.33,0.67,66.67,71.43,33.33,66.67,1030,64,66,1,1,D
1.5,1.0,2.5,0.25,2.25,2.5,5.5,1.0,54.5,42.25,85.75,83.0,5.0,3.33,3.0,0.0,2.5,0.0,4,4,54.5,42.25,64.0,59.0,50.0,25.0,4,4,515.5,371.5,443.5,310.25,85.88,82.86,75.0,25.0,4,4,11.25,9.0,5.5,1.0,48.89,11.11,22.22,2.78,4.5,36.0,4,4,2.75,3.25,2.25,2.5,55.0,56.52,0.0,50.0,1421,87,95,3,1,H
1.0,0.33,1.67,0.67,1.67,3.33,6.0,4.0,45.0,47.33,81.33,82.67,6.5,6.0,3.0,0.0,3.0,0.0,3,3,45.0,47.33,48.0,69.0,0.0,33.33,3,3,376.0,406.67,306.67,341.0,81.4,83.0,0.0,33.33,3,3,16.33,8.67,6.0,4.0,36.73,46.15,10.2,7.69,9.8,13.0,3,3,3.33,3.0,1.67,3.33,66.67,47.37,33.33,0.0,32,31,25,3,0,H
1.33,2.33,2.0,1.67,1.0,0.33,6.67,5.67,69.0,50.0,87.67,83.33,5.5,6.5,3.0,3.0,4.0,2.0,3,3,69.0,50.0,71.0,61.0,100.0,66.67,3,3,593.33,401.33,520.67,342.0,87.48,83.44,66.67,66.67,3,3,16.0,12.67,6.67,5.67,41.67,44.74,12.5,13.16,8.0,7.6,3,3,1.33,3.0,1.0,0.33,57.14,90.0,33.33,66.67,347,11,8,0,1,A
1.0,1.0,1.67,1.0,2.0,1.0,5.33,7.0,52.0,61.33,86.0,84.67,5.5,7.5,0.0,1.0,0.0,1.0,3,3,52.0,61.33,58.0,68.0,66.67,100.0,3,3,446.33,482.33,385.0,409.33,86.37,84.73,66.67,33.33,3,3,15.67,15.67,5.33,7.0,34.04,44.68,10.64,6.38,9.4,15.67,3,3,3.0,3.67,2.0,1.0,60.0,78.57,33.33,33.33,1031,67,69,3,2,H
2.33,1.0,1.67,0.33,1.0,2.0,5.33,4.0,48.0,40.33,83.67,79.67,6.0,5.5,3.0,0.0,2.0,0.0,3,3,48.0,40.33,58.0,47.0,33.33,0.0,3,3,422.67,343.33,354.67,277.33,83.7,79.75,33.33,33.33,3,3,10.67,16.0,5.33,4.0,50.0,25.0,15.62,2.08,6.4,48.0,3,3,5.0,1.67,1.0,2.0,83.33,45.45,33.33,33.33,1032,70,76,0,0,D
0.5,0.0,1.0,0.0,3.0,1.5,2.0,2.0,54.5,61.0,82.5,80.0,8.0,5.0,1.0,0.0,2.0,0.0,2,2,54.5,61.0,64.0,61.0,50.0,100.0,2,2,450.5,568.0,374.5,451.5,82.9,79.53,0.0,0.0,2,2,13.0,9.5,2.0,2.0,15.38,21.05,7.69,0.0,13.0,0.0,2,2,3.5,2.5,3.0,1.5,53.85,62.5,0.0,0.0,714,50,56,3,1,H
1.75,3.0,1.75,3.25,1.0,0.75,3.75,6.75,57.5,66.25,90.0,87.5,5.33,4.0,3.0,3.0,4.0,2.0,4,4,57.5,66.25,61.0,71.0,100.0,100.0,4,4,548.0,567.5,492.75,496.25,89.81,87.34,100.0,75.0,4,4,11.75,19.0,3.75,6.75,31.91,35.53,14.89,17.11,6.71,5.85,4,4,2.75,1.5,1.0,0.75,73.33,66.67,50.0,25.0,1422,93,79,1,4,A
2.33,1.33,1.67,1.33,0.33,1.67,3.67,3.33,37.33,39.33,76.67,79.0,6.5,7.0,3.0,1.0,2.0,2.0,3,3,37.33,39.33,46.0,53.0,0.0,33.33,3,3,321.67,336.67,250.67,266.67,77.01,78.72,0.0,0.0,3,3,9.33,8.67,3.67,3.33,39.29,38.46,17.86,15.38,5.6,6.5,3,3,4.0,5.67,0.33,1.67,92.31,77.27,66.67,0.0,33,26,30,1,2,A
1.33,0.0,2.33,0.33,2.0,2.33,5.67,4.0,56.67,43.33,83.67,80.0,6.0,6.5,3.0,0.0,3.0,0.0,3,3,56.67,43.33,60.0,54.0,100.0,33.33,3,3,483.67,369.67,405.33,298.67,83.72,80.17,33.33,33.33,3,3,12.33,9.33,5.67,4.0,45.95,42.86,18.92,3.57,5.29,28.0,3,3,5.33,3.67,2.0,2.33,72.73,61.11,0.0,0.0,34,32,21,1,1,D
0.67,2.0,0.67,2.0,1.33,1.67,3.33,5.0,40.0,38.0,77.33,79.0,6.5,7.5,0.5,3.0,0.5,2.0,3,3,40.0,38.0,54.0,49.0,33.33,0.0,3,3,364.0,331.33,285.33,264.33,77.64,78.87,0.0,0.0,3,3,10.0,13.67,3.33,5.0,33.33,36.59,6.67,14.63,15.0,6.83,3,3,2.0,4.0,1.33,1.67,60.0,70.59,33.33,33.33,35,33,36,2,0,H
0.33,2.33,1.0,1.33,3.0,0.67,3.33,3.0,45.0,39.0,79.67,71.33,6.5,6.5,0.0,1.0,2.0,1.0,3,3,45.0,39.0,48.0,61.0,0.0,33.33,3,3,351.33,312.33,279.67,231.0,79.55,71.38,0.0,0.0,3,3,10.67,8.67,3.33,3.0,31.25,34.62,9.38,15.38,10.67,6.5,3,3,3.33,4.0,3.0,0.67,52.63,85.71,0.0,33.33,348,5,2,1,2,A
1.0,1.0,2.0,1.0,2.0,1.0,5.0,3.0,45.0,51.0,77.5,83.5,7.0,7.0,1.0,1.0,1.0,2.0,2,2,45.0,51.0,54.0,55.0,50.0,50.0,2,2,332.5,452.0,259.0,377.0,77.84,83.4,0.0,0.0,2,2,12.5,8.0,5.0,3.0,40.0,37.5,16.0,12.5,6.25,8.0,2,2,6.0,3.0,2.0,1.0,75.0,75.0,0.0,50.0,715,45,43,1,2,A
0.67,2.0,0.33,1.67,0.67,1.33,3.0,5.33,51.67,53.33,78.0,82.67,6.0,6.5,1.0,0.0,0.5,0.0,3,3,51.67,53.33,65.0,67.0,33.33,66.67,3,3,386.0,448.33,303.0,373.0,78.16,82.64,0.0,33.33,3,3,15.0,19.67,3.0,5.33,20.0,27.12,2.22,8.47,45.0,11.8,3,3,2.67,1.33,0.67,1.33,80.0,50.0,33.33,33.33,1033,61,62,0,4,A
0.5,1.0,1.0,0.75,1.75,1.0,4.5,2.75,55.75,52.0,83.0,81.0,4.67,5.33,1.0,0.0,1.5,1.0,4,4,55.75,52.0,71.0,69.0,50.0,75.0,4,4,493.5,435.0,411.5,355.75,83.2,81.12,50.0,25.0,4,4,11.0,9.0,4.5,2.75,40.91,30.56,9.09,8.33,11.0,12.0,4,4,4.25,1.25,1.75,1.0,70.83,55.56,0.0,25.0,1423,84,81,2,3,A
2.33,1.0,1.33,1.33,0.33,2.67,5.67,4.67,50.0,46.33,79.67,81.0,6.5,5.5,3.0,0.0,2.0,0.0,3,3,50.0,46.33,59.0,52.0,66.67,33.33,3,3,421.0,394.67,338.33,320.67,79.52,80.91,0.0,0.0,3,3,14.0,12.33,5.67,4.67,40.48,37.84,9.52,10.81,10.5,9.25,3,3,2.33,4.67,0.33,2.67,87.5,63.64,66.67,0.0,36,38,23,0,0,D
0.67,2.33,0.67,2.67,1.0,0.67,2.0,5.0,54.67,61.0,80.67,89.33,7.0,6.5,0.0,1.0,0.0,2.0,3,3,54.67,61.0,70.0,67.0,66.67,100.0,3,3,451.0,527.0,371.67,470.67,80.49,89.27,33.33,100.0,3,3,6.33,13.67,2.0,5.0,31.58,36.59,10.53,19.51,9.5,5.12,3,3,2.0,3.33,1.0,0.67,66.67,83.33,33.33,66.67,1034,78,72,1,1,D
2.0,0.25,1.5,0.75,0.5,1.75,4.75,3.0,51.5,48.5,86.75,81.25,3.67,4.33,2.0,0.0,1.5,0.5,4,4,51.5,48.5,62.0,58.0,50.0,50.0,4,4,543.25,425.25,471.25,348.25,86.7,81.26,75.0,25.0,4,4,13.5,10.75,4.75,3.0,35.19,27.91,11.11,6.98,9.0,14.33,4,4,2.0,2.5,0.5,1.75,80.0,58.82,75.0,0.0,1424,80,82,3,0,H
1.33,2.33,1.33,1.33,1.33,0.67,4.33,2.67,41.33,35.0,81.0,73.67,7.0,7.0,2.0,1.0,1.5,1.0,3,3,41.33,35.0,46.0,44.0,0.0,0.0,3,3,344.67,283.33,281.0,214.0,80.86,73.63,0.0,0.0,3,3,12.0,7.33,4.33,2.67,36.11,36.36,11.11,18.18,9.0,5.5,3,3,5.0,4.0,1.33,0.67,78.95,85.71,0.0,33.33,1035,75,63,2,3,A
1.33,2.0,2.0,1.67,1.67,1.0,5.33,2.67,58.0,38.33,88.33,75.67,6.0,6.5,2.0,3.0,2.5,2.0,3,3,58.0,38.33,67.0,42.0,66.67,0.0,3,3,474.0,330.67,419.0,253.33,88.13,75.58,100.0,33.33,3,3,12.33,8.67,5.33,2.67,43.24,30.77,16.22,19.23,6.17,5.2,3,3,1.67,2.33,1.67,1.0,50.0,70.0,0.0,66.67,1036,59,71,2,1,H
1.0,1.75,1.0,1.25,1.25,1.75,3.5,3.5,43.5,49.0,71.0,79.25,4.0,4.33,0.0,0.0,1.0,0.0,4,4,43.5,49.0,53.0,61.0,50.0,25.0,4,4,300.75,404.25,217.0,322.0,71.11,79.38,0.0,0.0,4,4,10.0,10.5,3.5,3.5,35.0,33.33,10.0,11.9,10.0,8.4,3,4,2.33,2.0,1.67,1.75,58.33,53.33,0.0,25.0,1425,97,96,3,1,H
1.0,0.8,0.6,0.6,0.8,1.2,3.4,2.0,46.8,58.0,81.2,78.25,6.25,6.5,0.67,2.0,0.67,0.5,5,4,46.8,58.0,55.0,66.0,40.0,75.0,5,4,385.0,407.75,312.0,325.0,81.11,78.25,0.0,25.0,5,4,11.0,7.5,3.4,2.0,30.91,26.67,5.45,10.0,18.33,10.0,5,4,4.0,2.25,0.8,1.0,83.33,69.23,40.0,50.0,1426,98,94,1,0,H
1.25,0.75,0.75,0.25,0.75,0.5,3.5,1.0,51.5,44.0,84.0,62.67,9.0,9.33,2.0,0.5,1.5,0.5,4,3,51.5,44.0,64.0,53.0,50.0,33.33,4,3,483.0,272.67,407.25,172.67,84.04,62.69,25.0,0.0,4,3,14.75,12.33,3.5,1.0,23.73,8.11,5.08,2.7,19.67,37.0,4,2,1.75,1.5,0.75,0.5,70.0,75.0,50.0,50.0,1427,91,92,2,1,H
1.0,1.4,0.6,1.2,1.0,1.2,2.4,2.75,42.0,52.0,75.8,81.0,6.5,7.5,1.5,1.5,1.0,2.0,5,4,42.0,52.0,54.0,69.0,20.0,75.0,5,4,366.0,435.0,279.4,355.75,75.52,81.12,0.0,25.0,5,4,7.8,9.0,2.4,2.75,30.77,30.56,7.69,8.33,13.0,12.0,5,4,3.4,1.25,1.0,1.0,77.27,55.56,20.0,25.0,1428,86,81,0,2,A
0.5,1.5,0.25,0.75,1.5,0.5,3.0,2.75,51.67,32.75,78.0,73.0,8.67,8.67,0.67,2.0,0.33,1.5,3,4,51.67,32.75,65.0,38.0,33.33,0.0,3,4,386.0,278.0,303.0,203.75,78.16,73.02,0.0,0.0,3,4,15.0,9.0,3.0,2.75,20.0,30.56,2.22,8.33,45.0,12.0,3,4,2.67,3.25,0.67,0.5,80.0,86.67,33.33,50.0,1037,61,73,0,2,A
1.33,0.67,1.67,1.67,2.33,2.0,2.0,5.0,54.5,45.0,82.5,77.5,11.0,11.0,2.0,1.0,2.5,3.0,2,2,54.5,45.0,64.0,54.0,50.0,50.0,2,2,450.5,332.5,374.5,259.0,82.9,77.84,0.0,0.0,2,2,13.0,12.5,2.0,5.0,15.38,40.0,7.69,16.0,13.0,6.25,2,2,3.5,6.0,3.0,2.0,53.85,75.0,0.0,0.0,716,50,45,2,3,A
1.0,0.75,1.5,0.25,1.5,1.75,4.5,3.5,50.75,44.75,84.5,78.0,9.0,8.67,1.0,0.0,1.0,0.0,4,4,50.75,44.75,58.0,59.0,50.0,50.0,4,4,427.0,350.0,362.0,276.5,84.67,77.97,50.0,0.0,4,4,11.5,11.5,4.5,3.5,39.13,30.43,13.04,2.17,7.67,46.0,4,4,4.0,4.0,1.5,1.75,72.73,69.57,0.0,25.0,37,27,39,8,0,H
1.5,2.0,1.5,1.25,1.25,0.75,2.67,5.33,38.33,48.0,75.67,83.67,9.33,9.0,1.5,2.0,1.5,1.5,3,3,38.33,48.0,42.0,58.0,0.0,33.33,3,3,330.67,422.67,253.33,354.67,75.58,83.7,33.33,33.33,3,3,8.67,10.67,2.67,5.33,30.77,50.0,19.23,15.62,5.2,6.4,3,3,2.33,5.0,1.0,1.0,70.0,83.33,66.67,33.33,1038,71,70,2,3,A
1.4,1.0,1.4,0.8,1.2,1.2,3.8,6.0,42.2,54.0,72.6,84.0,6.75,6.75,2.0,1.0,1.0,1.0,5,4,42.2,54.0,62.0,60.0,20.0,75.0,5,4,314.4,482.0,229.6,404.25,72.46,83.88,0.0,25.0,5,4,12.6,16.5,3.8,6.0,30.16,36.36,11.11,4.55,9.0,22.0,5,4,2.4,3.5,1.2,1.5,66.67,70.0,40.0,25.0,1429,90,85,2,1,H
1.0,1.75,1.25,2.0,1.5,1.25,2.75,6.0,42.75,57.0,80.5,88.33,8.67,8.33,0.0,3.0,1.0,3.5,4,3,42.75,57.0,52.0,63.0,25.0,66.67,4,3,370.75,525.0,299.0,464.67,80.56,88.4,0.0,100.0,4,3,13.25,12.33,2.75,6.0,20.75,48.65,9.43,18.92,10.6,5.29,4,3,3.0,2.33,1.5,1.67,66.67,58.33,25.0,0.0,349,12,13,0,3,A
0.8,0.67,0.4,0.5,2.6,1.17,1.0,2.0,42.25,58.0,83.0,78.25,6.0,5.6,2.0,1.33,0.5,0.33,4,4,42.25,58.0,59.0,66.0,25.0,75.0,4,4,371.5,407.75,310.25,325.0,82.86,78.25,25.0,25.0,4,4,9.0,7.5,1.0,2.0,11.11,26.67,2.78,10.0,36.0,10.0,4,4,3.25,2.25,2.5,1.0,56.52,69.23,50.0,50.0,1430,95,94,0,0,D
0.25,1.25,0.25,1.0,2.0,1.25,3.33,3.0,40.0,40.33,80.33,78.33,8.67,9.0,0.0,3.0,0.0,1.0,3,3,40.0,40.33,45.0,58.0,0.0,33.33,3,3,337.67,320.0,271.0,252.33,80.3,78.38,0.0,0.0,3,3,10.67,11.67,3.33,3.0,31.25,25.71,3.12,8.57,32.0,11.67,3,3,5.33,2.67,1.33,1.33,80.0,66.67,33.33,33.33,1039,74,64,2,0,H
1.67,3.0,1.33,3.67,1.0,1.0,3.0,7.67,51.0,69.67,83.5,88.67,11.0,10.0,1.0,3.0,0.0,4.5,2,3,51.0,69.67,55.0,71.0,50.0,100.0,2,3,452.0,704.33,377.0,628.33,83.4,88.91,0.0,100.0,2,3,8.0,16.67,3.0,7.67,37.5,46.0,12.5,22.0,8.0,4.55,2,3,3.0,1.0,1.0,1.0,75.0,50.0,50.0,33.33,717,43,40,0,5,A
0.0,0.0,0.33,1.0,1.67,3.67,3.67,4.0,40.67,42.67,72.67,79.33,10.5,10.5,0.0,0.0,0.0,2.0,3,3,40.67,42.67,46.0,54.0,0.0,33.33,3,3,343.33,371.0,249.67,295.67,72.63,79.45,0.0,0.0,3,3,12.67,11.67,3.67,4.0,28.95,34.29,2.63,8.57,38.0,11.67,3,3,3.67,4.67,1.67,3.67,68.75,56.0,0.0,0.0,718,53,57,2,2,D
2.0,2.0,2.67,1.67,1.33,1.33,5.0,6.0,38.0,40.0,74.67,76.33,9.0,10.0,3.0,0.0,4.0,0.0,3,3,38.0,40.0,39.0,54.0,0.0,33.33,3,3,330.33,365.0,246.67,279.67,74.72,76.45,0.0,0.0,3,3,10.33,17.0,5.0,6.0,48.39,35.29,25.81,9.8,3.88,10.2,3,3,1.67,1.33,1.33,1.33,55.56,50.0,66.67,0.0,719,54,41,0,3,A
1.67,1.0,0.67,1.67,0.33,3.0,4.33,5.33,39.0,48.33,73.33,84.33,10.0,10.5,3.0,0.0,1.0,1.0,3,3,39.0,48.33,46.0,55.0,0.0,33.33,3,3,345.67,437.67,254.0,369.0,73.43,84.33,0.0,0.0,3,3,12.0,15.67,4.33,5.33,36.11,34.04,5.56,10.64,18.0,9.4,3,3,2.33,3.67,0.33,3.0,87.5,55.0,66.67,0.0,720,55,47,2,1,H
1.25,2.5,1.0,1.5,1.0,0.75,4.25,3.0,51.25,39.0,82.75,71.33,9.33,9.0,2.0,2.0,1.5,1.5,4,3,51.25,39.0,55.0,61.0,75.0,33.33,4,3,433.75,312.33,360.0,231.0,82.72,71.38,50.0,0.0,4,3,14.5,8.67,4.25,3.0,29.31,34.62,6.9,15.38,14.5,6.5,4,3,3.0,4.0,1.0,0.67,75.0,85.71,0.0,33.33,350,4,2,3,1,H
2.25,1.25,1.75,1.25,0.25,1.25,5.25,5.0,60.25,46.33,86.5,77.0,8.67,9.0,1.5,2.0,1.0,2.0,4,3,60.25,46.33,69.0,53.0,75.0,33.33,4,3,560.0,381.67,485.25,293.33,86.52,76.8,50.0,0.0,4,3,15.5,15.33,5.25,5.0,33.87,32.61,11.29,10.87,8.86,9.2,4,3,2.25,5.67,0.25,1.33,90.0,80.95,75.0,0.0,351,6,3,3,0,H
0.0,0.5,0.25,0.5,2.0,1.75,3.75,2.0,62.5,35.75,89.0,79.0,9.0,9.33,0.0,0.5,0.0,0.5,4,4,62.5,35.75,78.0,49.0,75.0,0.0,4,4,601.5,313.5,536.0,250.25,89.0,79.14,100.0,25.0,4,4,12.0,6.25,3.75,2.0,31.25,32.0,2.08,8.0,48.0,12.5,4,4,4.5,3.25,2.0,1.75,69.23,65.0,0.0,25.0,352,7,18,1,1,D
0.5,0.0,1.25,1.0,1.75,3.25,3.5,3.0,41.75,35.25,79.75,75.5,8.33,9.33,0.5,0.0,1.0,1.0,4,4,41.75,35.25,58.0,47.0,25.0,0.0,4,4,383.75,296.0,313.0,223.25,79.75,75.42,25.0,0.0,4,4,8.75,10.75,3.5,3.0,40.0,27.91,14.29,9.3,7.0,10.75,4,4,3.5,3.25,1.75,3.25,66.67,50.0,0.0,0.0,353,10,9,1,1,D
1.0,1.5,1.5,1.5,1.0,1.5,6.67,4.75,69.0,41.5,87.67,82.75,8.33,8.67,1.5,0.0,2.0,0.5,3,4,69.0,41.5,71.0,46.0,100.0,0.0,3,4,593.33,396.75,520.67,328.25,87.48,82.73,66.67,50.0,3,4,16.0,11.25,6.67,4.75,41.67,42.22,12.5,13.33,8.0,7.5,3,4,1.33,5.5,1.0,1.5,57.14,78.57,33.33,0.0,354,11,17,3,1,H
2.25,0.25,1.75,1.0,1.5,2.75,4.75,3.33,50.5,45.0,85.0,79.67,9.0,9.33,1.5,0.5,1.5,0.5,4,3,50.5,45.0,73.0,48.0,25.0,0.0,4,3,442.75,351.33,380.0,279.67,84.86,79.55,25.0,0.0,4,3,13.25,10.67,4.75,3.33,35.85,31.25,13.21,9.38,7.57,10.67,4,3,1.75,3.33,1.5,3.0,53.85,52.63,0.0,0.0,355,20,5,3,1,H
1.4,0.4,1.2,1.2,2.0,2.0,3.5,4.5,49.0,55.75,79.25,83.0,7.0,7.0,2.33,0.0,1.67,0.5,4,4,49.0,55.75,61.0,71.0,25.0,50.0,4,4,404.25,493.5,322.0,411.5,79.38,83.2,0.0,50.0,4,4,10.5,11.0,3.5,4.5,33.33,40.91,11.9,9.09,8.4,11.0,4,4,2.0,4.25,1.75,1.75,53.33,70.83,25.0,0.0,1431,96,84,2,1,H
1.5,1.25,1.25,2.0,1.0,1.75,5.0,5.67,61.75,56.67,87.25,83.67,9.0,9.0,1.5,0.5,1.5,2.0,4,3,61.75,56.67,71.0,60.0,75.0,100.0,4,3,587.25,483.67,514.5,405.33,87.37,83.72,100.0,33.33,4,3,14.5,12.33,5.0,5.67,34.48,45.95,8.62,18.92,11.6,5.29,4,3,2.5,5.33,1.0,2.0,71.43,72.73,50.0,0.0,38,22,32,3,3,D
2.0,2.25,1.5,2.25,0.0,1.0,4.0,5.33,58.5,53.33,90.25,82.67,8.33,9.0,2.0,1.5,1.5,2.0,4,3,58.5,53.33,66.0,67.0,75.0,66.67,4,3,567.75,448.33,512.25,373.0,90.26,82.64,100.0,33.33,4,3,11.0,19.67,4.0,5.33,36.36,27.12,13.64,8.47,7.33,11.8,4,3,1.25,1.33,0.0,1.33,100.0,50.0,100.0,33.33,1040,65,62,0,0,D
0.5,1.5,1.0,1.25,1.75,1.25,3.75,5.5,54.0,54.0,81.75,86.5,8.67,9.0,0.5,1.5,1.0,2.0,4,4,54.0,54.0,67.0,56.0,75.0,100.0,4,4,494.5,527.75,405.5,457.75,81.63,86.49,0.0,50.0,4,4,14.25,13.25,3.75,5.5,26.32,41.51,7.02,9.43,14.25,10.6,4,4,3.0,1.75,1.75,1.25,63.16,58.33,0.0,50.0,356,16,1,0,0,D
2.0,1.0,1.67,1.67,1.33,2.0,5.0,6.67,40.0,49.0,82.67,81.67,10.0,10.5,3.0,3.0,3.0,2.0,3,3,40.0,49.0,50.0,61.0,0.0,33.33,3,3,367.33,480.0,304.33,393.0,82.55,81.59,33.33,0.0,3,3,13.0,14.67,5.0,6.67,38.46,45.45,12.82,11.36,7.8,8.8,3,3,2.67,5.0,1.33,2.0,66.67,71.43,0.0,33.33,721,49,44,2,0,H
0.2,1.4,0.6,1.6,2.0,1.6,3.0,3.75,48.5,57.5,81.25,90.0,6.75,7.25,0.5,1.33,1.0,1.0,4,4,48.5,57.5,58.0,61.0,50.0,100.0,4,4,425.25,548.0,348.25,492.75,81.26,89.81,25.0,100.0,4,4,10.75,11.75,3.0,3.75,27.91,31.91,6.98,14.89,14.33,6.71,4,4,2.5,2.75,1.75,1.0,58.82,73.33,0.0,50.0,1432,82,93,2,0,H
1.5,2.0,2.0,1.0,1.25,0.25,6.0,5.67,45.0,50.0,81.33,79.67,8.67,9.0,3.0,2.0,3.0,1.0,3,3,45.0,50.0,48.0,59.0,0.0,66.67,3,3,376.0,421.0,306.67,338.33,81.4,79.52,0.0,0.0,3,3,16.33,14.0,6.0,5.67,36.73,40.48,10.2,9.52,9.8,10.5,3,3,3.33,2.33,1.67,0.33,66.67,87.5,33.33,66.67,39,31,38,1,1,D
1.0,1.0,0.25,1.5,1.5,1.75,4.0,4.33,40.33,41.33,79.67,81.0,8.33,9.67,1.5,0.0,0.5,1.0,3,3,40.33,41.33,47.0,46.0,0.0,0.0,3,3,343.33,344.67,277.33,281.0,79.75,80.86,33.33,0.0,3,3,16.0,12.0,4.0,4.33,25.0,36.11,2.08,11.11,48.0,9.0,3,3,1.67,5.0,2.0,1.33,45.45,78.95,33.33,0.0,1041,76,75,2,2,D
1.75,3.0,1.5,4.0,1.5,0.75,3.33,9.33,39.33,67.67,79.0,91.67,9.33,9.67,1.5,3.0,1.0,3.5,3,3,39.33,67.67,53.0,76.0,33.33,100.0,3,3,336.67,726.33,266.67,668.67,78.72,91.81,0.0,100.0,3,3,8.67,17.67,3.33,9.33,38.46,52.83,15.38,24.53,6.5,4.08,3,3,5.67,2.33,1.67,0.67,77.27,77.78,0.0,33.33,40,30,28,1,1,D
2.2,1.4,1.8,1.0,0.4,1.0,7.25,2.8,61.5,42.4,89.75,77.8,6.25,6.0,3.0,0.5,2.5,0.0,4,5,61.5,42.4,66.0,55.0,100.0,20.0,4,5,617.5,344.2,553.75,269.8,89.58,77.81,100.0,0.0,4,5,19.25,10.0,7.25,2.8,37.66,28.0,9.09,10.0,11.0,10.0,4,5,1.75,3.4,0.5,1.0,77.78,77.27,50.0,20.0,1433,89,88,4,1,H
0.75,1.75,1.25,2.0,1.5,1.5,7.0,5.33,61.33,58.0,84.67,88.33,9.33,9.33,1.0,0.0,1.0,1.0,3,3,61.33,58.0,68.0,67.0,100.0,66.67,3,3,482.33,474.0,409.33,419.0,84.73,88.13,33.33,100.0,3,3,15.67,12.33,7.0,5.33,44.68,43.24,6.38,16.22,15.67,6.17,3,3,3.67,1.67,1.0,1.67,78.57,50.0,33.33,0.0,1042,69,59,2,1,H
0.6,0.83,0.4,0.5,0.8,1.17,1.0,2.4,44.0,42.0,62.67,75.8,8.0,6.2,1.0,0.67,0.0,0.33,3,5,44.0,42.0,53.0,54.0,33.33,20.0,3,5,272.67,366.0,172.67,279.4,62.69,75.52,0.0,0.0,3,5,12.33,7.8,1.0,2.4,8.11,30.77,2.7,7.69,37.0,13.0,2,5,1.5,3.4,0.5,1.0,75.0,77.27,50.0,20.0,1434,92,86,1,1,D
2.5,1.5,1.75,1.5,0.25,1.75,5.0,5.0,61.33,38.0,84.0,79.0,8.67,9.67,2.0,1.5,1.0,1.0,3,3,61.33,38.0,62.0,49.0,100.0,0.0,3,3,473.0,331.33,398.67,264.33,84.22,78.87,33.33,0.0,3,3,17.33,13.67,5.0,5.0,28.85,36.59,7.69,14.63,13.0,6.83,3,3,2.33,4.0,0.33,1.67,87.5,70.59,66.67,33.33,41,29,36,3,1,H
2.0,2.0,1.5,1.0,0.5,0.5,5.0,6.0,60.75,42.75,85.75,78.25,9.0,9.33,2.0,3.0,1.0,1.0,4,4,60.75,42.75,69.0,53.0,75.0,50.0,4,4,523.25,373.75,448.25,294.5,85.66,78.13,100.0,0.0,4,4,16.75,14.5,5.0,6.0,29.85,41.38,8.96,6.9,11.17,14.5,4,4,2.5,2.5,0.5,0.5,83.33,83.33,50.0,50.0,357,15,19,2,2,D
0.75,0.75,0.75,1.0,1.0,1.75,2.0,4.0,54.67,64.75,80.67,85.75,9.33,8.33,0.5,0.5,0.5,1.0,3,4,54.67,64.75,70.0,74.0,66.67,100.0,3,4,451.0,542.25,371.67,464.5,80.49,85.64,33.33,50.0,3,4,6.33,14.5,2.0,4.0,31.58,27.59,10.53,6.9,9.5,14.5,3,4,2.0,1.75,1.0,1.75,66.67,50.0,33.33,0.0,1043,78,68,1,2,A
2.0,1.0,3.0,1.67,2.0,1.67,9.33,3.67,60.33,45.0,88.33,74.67,10.0,10.0,0.0,3.0,2.0,2.0,3,3,60.33,45.0,63.0,60.0,100.0,33.33,3,3,606.33,360.33,535.67,274.33,88.28,74.63,100.0,0.0,3,3,23.67,13.67,9.33,3.67,39.44,26.83,12.68,12.2,7.89,8.2,3,3,3.33,5.0,2.0,1.67,62.5,75.0,0.0,33.33,722,48,42,4,3,H
1.67,1.8,1.33,2.6,1.0,2.0,2.75,5.5,52.0,54.5,81.0,85.75,6.8,7.0,1.33,0.0,0.67,2.5,4,4,52.0,54.5,69.0,64.0,75.0,50.0,4,4,435.0,515.5,355.75,443.5,81.12,85.88,25.0,75.0,4,4,9.0,11.25,2.75,5.5,30.56,48.89,8.33,22.22,12.0,4.5,4,4,1.25,2.75,1.0,2.25,55.56,55.0,25.0,0.0,1435,81,87,3,1,H
0.25,1.75,0.5,1.5,2.0,0.75,4.0,3.67,43.33,37.33,80.0,76.67,9.0,9.0,0.0,2.0,0.5,1.5,3,3,43.33,37.33,54.0,46.0,33.33,0.0,3,3,369.67,321.67,298.67,250.67,80.17,77.01,33.33,0.0,3,3,9.33,9.33,4.0,3.67,42.86,39.29,3.57,17.86,28.0,5.6,3,3,3.67,4.0,2.33,0.33,61.11,92.31,0.0,66.67,42,21,26,1,1,D
0.25,0.75,0.5,0.75,3.25,2.25,4.0,4.33,47.33,53.67,82.67,84.67,8.67,9.0,0.5,0.0,1.0,0.5,3,3,47.33,53.67,69.0,65.0,33.33,66.67,3,3,406.67,471.33,341.0,400.0,83.0,84.92,33.33,66.67,3,3,8.67,11.67,4.0,4.33,46.15,37.14,7.69,8.57,13.0,11.67,3,3,3.0,3.33,3.33,2.0,47.37,62.5,0.0,0.0,43,25,35,3,2,H
0.75,1.25,1.5,1.0,2.5,1.0,6.0,3.33,48.33,40.0,80.33,77.33,9.0,9.0,1.5,1.0,2.5,1.0,3,3,48.33,40.0,50.0,54.0,0.0,33.33,3,3,425.33,364.0,343.33,285.33,79.98,77.64,33.33,0.0,3,3,14.33,10.0,6.0,3.33,41.86,33.33,11.63,6.67,8.6,15.0,3,3,2.67,2.0,2.33,1.33,53.33,60.0,33.33,33.33,44,34,33,2,0,H
3.0,2.5,2.75,1.5,0.75,0.25,6.25,5.67,62.25,50.0,90.75,83.33,8.33,9.33,3.0,3.0,3.0,1.5,4,3,62.25,50.0,75.0,61.0,100.0,66.67,4,3,640.0,401.33,583.0,342.0,90.83,83.44,100.0,66.67,4,3,16.5,12.67,6.25,5.67,37.88,44.74,16.67,13.16,6.0,7.6,4,3,2.5,3.0,0.75,0.33,76.92,90.0,25.0,66.67,358,14,8,2,2,D
1.33,2.33,2.33,2.0,2.33,0.67,7.0,5.0,62.33,61.33,86.0,88.33,10.5,9.5,1.0,1.0,3.0,0.0,3,3,62.33,61.33,67.0,70.0,100.0,100.0,3,3,564.0,596.67,485.33,528.33,85.94,88.31,66.67,100.0,3,3,16.33,14.0,7.0,5.0,42.86,35.71,14.29,14.29,7.0,7.0,3,3,4.0,1.67,2.33,0.67,63.16,71.43,0.0,66.67,723,51,46,5,1,H
0.75,2.5,0.5,1.75,0.75,1.0,3.67,2.67,60.0,35.0,86.33,73.67,9.0,9.33,0.0,2.0,1.0,2.0,3,3,60.0,35.0,73.0,44.0,66.67,0.0,3,3,515.67,283.33,446.67,214.0,86.26,73.63,66.67,0.0,3,3,16.33,7.33,3.67,2.67,22.45,36.36,2.04,18.18,49.0,5.5,3,3,1.67,4.0,0.67,0.67,71.43,85.71,66.67,33.33,1044,66,63,3,0,H
2.2,3.0,2.2,3.4,1.6,0.8,4.8,6.75,43.6,66.25,82.8,87.5,6.25,6.5,2.0,3.0,3.0,2.67,5,4,43.6,66.25,46.0,71.0,0.0,100.0,5,4,407.6,567.5,340.8,496.25,83.05,87.34,40.0,75.0,5,4,14.2,19.0,4.8,6.75,33.8,35.53,15.49,17.11,6.45,5.85,5,4,4.0,1.5,1.6,0.75,71.43,66.67,0.0,25.0,1436,83,79,1,5,A
0.0,2.33,0.33,1.33,2.0,0.67,2.0,3.33,61.0,56.0,80.0,84.33,10.0,10.0,0.0,3.0,0.0,3.0,2,3,61.0,56.0,61.0,68.0,100.0,66.67,2,3,568.0,533.67,451.5,453.33,79.53,84.23,0.0,33.33,2,3,9.5,12.0,2.0,3.33,21.05,27.78,0.0,11.11,0.0,9.0,2,3,2.5,4.67,1.5,0.67,62.5,87.5,0.0,66.67,724,56,52,0,0,D
1.0,2.5,1.0,3.0,2.0,1.0,4.67,6.25,46.33,62.0,81.0,88.75,9.0,9.0,1.5,3.0,2.0,4.0,3,4,46.33,62.0,52.0,76.0,33.33,75.0,3,4,394.67,630.5,320.67,563.5,80.91,88.69,0.0,75.0,3,4,12.33,12.5,4.67,6.25,37.84,50.0,10.81,24.0,9.25,4.17,3,4,4.67,2.75,2.67,1.0,63.64,73.33,0.0,25.0,45,23,24,2,3,A
2.0,1.25,2.25,2.25,0.75,1.5,5.0,5.0,61.0,58.33,89.33,89.67,9.67,9.0,3.0,0.5,3.0,1.5,3,3,61.0,58.33,67.0,61.0,100.0,100.0,3,3,527.0,520.33,470.67,466.0,89.27,89.62,100.0,100.0,3,3,13.67,17.67,5.0,5.0,36.59,28.3,19.51,9.43,5.12,10.6,3,3,3.33,2.33,0.67,2.0,83.33,53.85,66.67,0.0,1045,72,60,1,2,A
1.4,2.2,1.4,1.8,1.2,0.4,3.5,4.75,43.5,51.5,71.0,86.75,7.0,6.5,1.5,2.0,2.0,1.5,4,4,43.5,51.5,53.0,62.0,50.0,50.0,4,4,300.75,543.25,217.0,471.25,71.11,86.7,0.0,75.0,4,4,10.0,13.5,3.5,4.75,35.0,35.19,10.0,11.11,10.0,9.0,3,4,2.33,2.0,1.67,0.5,58.33,80.0,0.0,75.0,1437,97,80,1,1,D
1.6,1.33,1.0,0.67,0.8,0.67,3.5,3.4,51.5,46.8,84.0,81.2,7.75,5.6,2.33,1.5,1.67,0.5,4,5,51.5,46.8,64.0,55.0,50.0,40.0,4,5,483.0,385.0,407.25,312.0,84.04,81.11,25.0,0.0,4,5,14.75,11.0,3.5,3.4,23.73,30.91,5.08,5.45,19.67,18.33,4,5,1.75,4.0,0.75,0.8,70.0,83.33,50.0,40.0,1438,91,98,1,2,A
0.67,1.67,0.83,1.33,1.67,1.83,3.0,3.5,48.5,49.0,81.25,79.25,6.4,6.4,1.33,0.0,1.33,0.5,4,4,48.5,49.0,58.0,61.0,50.0,25.0,4,4,425.25,404.25,348.25,322.0,81.26,79.38,25.0,0.0,4,4,10.75,10.5,3.0,3.5,27.91,33.33,6.98,11.9,14.33,8.4,4,4,2.5,2.0,1.75,1.75,58.82,53.33,0.0,25.0,1439,82,96,0,0,D
0.83,0.83,0.83,0.33,1.33,2.17,6.0,1.0,54.0,42.25,84.0,83.0,6.6,6.0,1.0,0.0,0.67,0.33,4,4,54.0,42.25,60.0,59.0,75.0,25.0,4,4,482.0,371.5,404.25,310.25,83.88,82.86,25.0,25.0,4,4,16.5,9.0,6.0,1.0,36.36,11.11,4.55,2.78,22.0,36.0,4,4,3.5,3.25,1.5,2.5,70.0,56.52,25.0,50.0,1440,85,95,2,1,H
1.5,0.5,2.0,0.75,2.0,1.75,5.33,3.0,52.0,48.75,86.0,83.25,8.67,8.0,3.0,0.33,3.0,0.33,3,4,52.0,48.75,58.0,56.0,66.67,50.0,3,4,446.33,417.5,385.0,348.25,86.37,83.41,66.67,25.0,3,4,15.67,13.0,5.33,3.0,34.04,23.08,10.64,5.77,9.4,17.33,3,4,3.0,2.75,2.0,1.75,60.0,61.11,33.33,0.0,1046,67,77,2,3,A
2.33,1.67,2.17,1.5,0.5,1.17,7.25,3.8,61.5,42.2,89.75,72.6,6.4,6.6,3.0,1.0,3.0,1.67,4,5,61.5,42.2,66.0,62.0,100.0,20.0,4,5,617.5,314.4,553.75,229.6,89.58,72.46,100.0,0.0,4,5,19.25,12.6,7.25,3.8,37.66,30.16,9.09,11.11,11.0,9.0,4,5,1.75,2.4,0.5,1.2,77.78,66.67,50.0,40.0,1441,89,90,3,2,H
1.17,1.33,1.33,1.33,1.67,1.17,3.75,3.5,57.5,43.5,90.0,71.0,7.0,6.8,1.5,1.33,2.5,1.0,4,4,57.5,43.5,61.0,53.0,100.0,50.0,4,4,548.0,300.75,492.75,217.0,89.81,71.11,100.0,0.0,4,4,11.75,10.0,3.75,3.5,31.91,35.0,14.89,10.0,6.71,10.0,4,3,2.75,2.33,1.0,1.67,73.33,58.33,50.0,0.0,1442,93,97,0,0,D
3.0,0.67,3.67,0.5,0.83,0.83,6.75,1.0,66.25,44.0,87.5,62.67,6.6,7.0,3.0,0.33,4.5,0.67,4,3,66.25,44.0,71.0,53.0,100.0,33.33,4,3,567.5,272.67,496.25,172.67,87.34,62.69,75.0,0.0,4,3,19.0,12.33,6.75,1.0,35.53,8.11,17.11,2.7,5.85,37.0,4,2,1.5,1.5,0.75,0.5,66.67,75.0,25.0,50.0,1443,79,92,1,0,H
0.33,1.33,1.17,1.0,2.0,1.0,4.5,3.5,55.75,51.5,83.0,84.0,6.6,7.2,0.67,0.5,1.67,0.0,4,4,55.75,51.5,71.0,64.0,50.0,50.0,4,4,493.5,483.0,411.5,407.25,83.2,84.04,50.0,25.0,4,4,11.0,14.75,4.5,3.5,40.91,23.73,9.09,5.08,11.0,19.67,4,4,4.25,1.75,1.75,0.75,70.83,70.0,0.0,50.0,1444,84,91,1,1,D
1.17,1.83,1.0,2.0,1.5,2.17,2.8,4.8,42.4,43.6,77.8,82.8,6.2,6.6,2.0,2.33,1.67,1.67,5,5,42.4,43.6,55.0,46.0,20.0,0.0,5,5,344.2,407.6,269.8,340.8,77.81,83.05,0.0,40.0,5,5,10.0,14.2,2.8,4.8,28.0,33.8,10.0,15.49,10.0,6.45,5,5,3.4,4.0,1.0,1.6,77.27,71.43,20.0,0.0,1445,88,83,1,2,A
1.5,2.0,2.33,1.67,2.17,0.5,5.5,4.75,54.5,51.5,85.75,86.75,7.0,6.6,3.0,1.67,2.67,1.33,4,4,54.5,51.5,64.0,62.0,50.0,50.0,4,4,515.5,543.25,443.5,471.25,85.88,86.7,75.0,75.0,4,4,11.25,13.5,5.5,4.75,48.89,35.19,22.22,11.11,4.5,9.0,4,4,2.75,2.0,2.25,0.5,55.0,80.0,0.0,75.0,1446,87,80,0,1,A
0.6,1.2,1.0,1.6,2.4,2.0,4.33,6.0,53.67,48.33,84.67,80.33,8.5,8.5,1.5,0.0,1.0,0.5,3,3,53.67,48.33,65.0,50.0,66.67,0.0,3,3,471.33,425.33,400.0,343.33,84.92,79.98,66.67,33.33,3,3,11.67,14.33,4.33,6.0,37.14,41.86,8.57,11.63,11.67,8.6,3,3,3.33,2.67,2.0,2.33,62.5,53.33,0.0,33.33,46,35,34,3,0,H
1.75,0.25,1.75,0.75,1.75,1.75,5.0,3.67,61.33,40.67,88.33,72.67,9.0,9.33,3.0,0.0,3.0,0.5,3,3,61.33,40.67,70.0,46.0,100.0,0.0,3,3,596.67,343.33,528.33,249.67,88.31,72.63,100.0,0.0,3,3,14.0,12.67,5.0,3.67,35.71,28.95,14.29,2.63,7.0,38.0,3,3,1.67,3.67,0.67,1.67,71.43,68.75,66.67,0.0,725,46,53,4,2,H
1.6,1.0,2.2,0.6,1.4,1.6,5.0,4.0,58.33,40.33,89.67,79.67,8.75,7.75,2.0,0.5,3.0,0.0,3,3,58.33,40.33,61.0,47.0,100.0,0.0,3,3,520.33,343.33,466.0,277.33,89.62,79.75,100.0,33.33,3,3,17.67,16.0,5.0,4.0,28.3,25.0,9.43,2.08,10.6,48.0,3,3,2.33,1.67,2.0,2.0,53.85,45.45,0.0,33.33,1047,60,76,3,0,H
2.6,1.4,3.4,1.8,0.8,1.2,9.33,6.0,67.67,45.0,91.67,81.33,9.0,8.0,3.0,0.0,4.5,1.0,3,3,67.67,45.0,76.0,48.0,100.0,0.0,3,3,726.33,376.0,668.67,306.67,91.81,81.4,100.0,0.0,3,3,17.67,16.33,9.33,6.0,52.83,36.73,24.53,10.2,4.08,9.8,3,3,2.33,3.33,0.67,1.67,77.78,66.67,33.33,33.33,47,28,31,3,1,H
0.71,1.57,0.43,0.86,2.14,0.71,1.0,3.4,42.25,46.8,83.0,81.2,5.5,5.67,1.67,2.0,0.33,1.0,4,5,42.25,46.8,59.0,55.0,25.0,40.0,4,5,371.5,385.0,310.25,312.0,82.86,81.11,25.0,0.0,4,5,9.0,11.0,1.0,3.4,11.11,30.91,2.78,5.45,36.0,18.33,4,5,3.25,4.0,2.5,0.8,56.52,83.33,50.0,40.0,1447,95,98,1,2,A
2.0,2.6,1.4,2.6,1.2,1.0,3.0,6.25,39.0,62.25,71.33,90.75,8.0,8.25,3.0,3.0,1.5,2.5,3,4,39.0,62.25,61.0,75.0,33.33,100.0,3,4,312.33,640.0,231.0,583.0,71.38,90.83,0.0,100.0,3,4,8.67,16.5,3.0,6.25,34.62,37.88,15.38,16.67,6.5,6.0,3,4,4.0,2.5,0.67,0.75,85.71,76.92,33.33,25.0,359,2,14,1,1,D
0.57,1.43,0.43,1.57,0.86,1.43,1.0,3.8,44.0,42.2,62.67,72.6,6.33,6.17,1.0,0.75,0.33,1.75,3,5,44.0,42.2,53.0,62.0,33.33,20.0,3,5,272.67,314.4,172.67,229.6,62.69,72.46,0.0,0.0,3,5,12.33,12.6,1.0,3.8,8.11,30.16,2.7,11.11,37.0,9.0,2,5,1.5,2.4,0.5,1.2,75.0,66.67,50.0,40.0,1448,92,90,2,0,H
2.0,1.6,1.4,2.0,1.4,1.0,2.67,5.0,35.0,61.0,73.67,89.33,8.25,9.0,3.0,1.0,1.5,1.5,3,3,35.0,61.0,44.0,67.0,0.0,100.0,3,3,283.33,527.0,214.0,470.67,73.63,89.27,0.0,100.0,3,3,7.33,13.67,2.67,5.0,36.36,36.59,18.18,19.51,5.5,5.12,3,3,4.0,3.33,0.67,0.67,85.71,83.33,33.33,66.67,1048,63,72,2,3,A
2.25,0.25,2.0,0.25,1.0,1.5,6.0,2.0,40.0,61.0,76.33,80.0,9.0,9.0,3.0,0.0,2.5,0.5,3,2,40.0,61.0,54.0,61.0,33.33,100.0,3,2,365.0,568.0,279.67,451.5,76.45,79.53,0.0,0.0,3,2,17.0,9.5,6.0,2.0,35.29,21.05,9.8,0.0,10.2,0.0,3,2,1.33,2.5,1.33,1.5,50.0,62.5,0.0,0.0,726,41,56,0,3,A
0.75,1.75,2.0,3.0,2.25,2.0,3.67,7.0,45.0,62.33,74.67,86.0,9.33,9.67,0.0,1.5,1.5,2.0,3,3,45.0,62.33,60.0,67.0,33.33,100.0,3,3,360.33,564.0,274.33,485.33,74.63,85.94,0.0,66.67,3,3,13.67,16.33,3.67,7.0,26.83,42.86,12.2,14.29,8.2,7.0,3,3,5.0,4.0,1.67,2.33,75.0,63.16,33.33,0.0,727,42,51,2,2,D
0.75,2.0,1.25,1.0,2.0,0.5,6.67,4.33,49.0,39.0,81.67,73.33,9.33,9.0,0.0,1.0,1.5,0.5,3,3,49.0,39.0,61.0,46.0,33.33,0.0,3,3,480.0,345.67,393.0,254.0,81.59,73.43,0.0,0.0,3,3,14.67,12.0,6.67,4.33,45.45,36.11,11.36,5.56,8.8,18.0,3,3,5.0,2.33,2.0,0.33,71.43,87.5,33.33,66.67,728,44,55,1,0,H
1.25,1.5,2.0,2.0,2.0,1.75,5.0,5.0,45.0,38.0,77.5,74.67,9.0,8.33,0.5,1.5,1.0,2.0,2,3,45.0,38.0,54.0,39.0,50.0,0.0,2,3,332.5,330.33,259.0,246.67,77.84,74.72,0.0,0.0,2,3,12.5,10.33,5.0,5.0,40.0,48.39,16.0,25.81,6.25,3.88,2,3,6.0,1.67,2.0,1.33,75.0,55.56,0.0,66.67,729,45,54,0,2,A
2.0,1.0,1.0,1.75,0.5,2.5,3.33,2.0,56.0,54.5,84.33,82.5,9.33,9.0,2.0,0.0,0.5,0.0,3,2,56.0,54.5,68.0,64.0,66.67,50.0,3,2,533.67,450.5,453.33,374.5,84.23,82.9,33.33,0.0,3,2,12.0,13.0,3.33,2.0,27.78,15.38,11.11,7.69,9.0,13.0,3,2,4.67,3.5,0.67,3.0,87.5,53.85,66.67,0.0,730,52,50,4,0,H
2.2,0.6,1.6,1.2,0.6,1.6,5.67,3.5,50.0,41.75,83.33,79.75,8.75,8.0,2.0,0.5,1.5,1.5,3,4,50.0,41.75,61.0,58.0,66.67,25.0,3,4,401.33,383.75,342.0,313.0,83.44,79.75,66.67,25.0,3,4,12.67,8.75,5.67,3.5,44.74,40.0,13.16,14.29,7.6,7.0,3,4,3.0,3.5,0.33,1.75,90.0,66.67,66.67,0.0,360,8,10,4,2,H
0.2,0.6,1.0,0.8,2.8,1.4,3.0,3.75,35.25,54.0,75.5,81.75,8.5,8.25,0.0,0.5,1.0,1.0,4,4,35.25,54.0,47.0,67.0,0.0,75.0,4,4,296.0,494.5,223.25,405.5,75.42,81.63,0.0,0.0,4,4,10.75,14.25,3.0,3.75,27.91,26.32,9.3,7.02,10.75,14.25,4,4,3.25,3.0,3.25,1.75,50.0,63.16,0.0,0.0,361,9,16,2,1,H
2.0,1.8,2.2,1.6,1.0,0.8,6.0,5.0,57.0,60.75,88.33,85.75,7.75,8.5,0.5,2.0,0.5,2.0,3,4,57.0,60.75,63.0,69.0,66.67,75.0,3,4,525.0,523.25,464.67,448.25,88.4,85.66,100.0,100.0,3,4,12.33,16.75,6.0,5.0,48.65,29.85,18.92,8.96,5.29,11.17,3,4,2.33,2.5,1.67,0.5,58.33,83.33,0.0,50.0,362,13,15,4,2,H
1.2,0.8,1.4,1.0,1.8,1.8,4.75,2.75,41.5,42.75,82.75,80.5,8.25,8.0,3.0,2.0,2.5,1.5,4,4,41.5,42.75,46.0,52.0,0.0,25.0,4,4,396.75,370.75,328.25,299.0,82.73,80.56,50.0,0.0,4,4,11.25,13.25,4.75,2.75,42.22,20.75,13.33,9.43,7.5,10.6,4,4,5.5,3.0,1.5,1.5,78.57,66.67,0.0,25.0,363,17,12,1,1,D
1.8,1.6,1.2,1.4,0.8,1.0,6.0,4.25,42.75,51.25,78.25,82.75,8.75,8.75,1.0,0.5,1.0,0.5,4,4,42.75,51.25,53.0,55.0,50.0,75.0,4,4,373.75,433.75,294.5,360.0,78.13,82.72,0.0,50.0,4,4,14.5,14.5,6.0,4.25,41.38,29.31,6.9,6.9,14.5,14.5,4,4,2.5,3.0,0.5,1.0,83.33,75.0,50.0,0.0,364,19,4,0,1,A
1.29,0.86,1.14,0.57,1.0,1.14,3.5,2.4,43.5,42.0,71.0,75.8,6.0,5.5,1.33,0.75,1.67,0.5,4,5,43.5,42.0,53.0,54.0,50.0,20.0,4,5,300.75,366.0,217.0,279.4,71.11,75.52,0.0,0.0,4,5,10.0,7.8,3.5,2.4,35.0,30.77,10.0,7.69,10.0,13.0,3,5,2.33,3.4,1.67,1.0,58.33,77.27,0.0,20.0,1449,97,86,1,1,D
1.8,1.4,1.0,2.8,0.4,1.2,5.67,4.5,50.0,50.75,79.67,84.5,8.0,8.25,2.0,1.0,1.0,1.67,3,4,50.0,50.75,59.0,58.0,66.67,50.0,3,4,421.0,427.0,338.33,362.0,79.52,84.67,0.0,50.0,3,4,14.0,11.5,5.67,4.5,40.48,39.13,9.52,13.04,10.5,7.67,3,4,2.33,4.0,0.33,1.5,87.5,72.73,66.67,0.0,48,38,27,0,0,D
1.0,1.8,0.8,1.2,1.4,0.0,3.0,4.0,40.33,58.5,78.33,90.25,8.25,8.0,0.67,2.0,1.0,1.5,3,4,40.33,58.5,58.0,66.0,33.33,75.0,3,4,320.0,567.75,252.33,512.25,78.38,90.26,0.0,100.0,3,4,11.67,11.0,3.0,4.0,25.71,36.36,8.57,13.64,11.67,7.33,3,4,2.67,1.25,1.33,0.0,66.67,100.0,33.33,100.0,1049,64,65,0,3,A
0.2,2.4,1.0,2.0,2.8,0.2,3.33,5.25,45.0,60.25,79.67,86.5,8.25,8.25,0.0,3.0,1.5,2.5,3,4,45.0,60.25,48.0,69.0,0.0,75.0,3,4,351.33,560.0,279.67,485.25,79.55,86.52,0.0,50.0,3,4,10.67,15.5,3.33,5.25,31.25,33.87,9.38,11.29,10.67,8.86,3,4,3.33,2.25,3.0,0.25,52.63,90.0,0.0,75.0,365,5,6,1,2,A
3.0,2.25,4.0,3.25,0.75,2.25,7.67,9.33,69.67,60.33,88.67,88.33,8.67,9.33,3.0,3.0,2.0,3.5,3,3,69.67,60.33,71.0,63.0,100.0,100.0,3,3,704.33,606.33,628.33,535.67,88.91,88.28,100.0,100.0,3,3,16.67,23.67,7.67,9.33,46.0,39.44,22.0,12.68,4.55,7.89,3,3,1.0,3.33,1.0,2.0,50.0,62.5,33.33,0.0,731,40,48,1,1,D
0.71,0.71,0.43,0.71,1.0,1.43,2.0,3.0,58.0,48.5,78.25,81.25,5.17,5.83,0.0,0.0,0.67,0.33,4,4,58.0,48.5,66.0,58.0,75.0,50.0,4,4,407.75,425.25,325.0,348.25,78.25,81.26,25.0,25.0,4,4,7.5,10.75,2.0,3.0,26.67,27.91,10.0,6.98,10.0,14.33,4,4,2.25,2.5,1.0,1.75,69.23,58.82,50.0,0.0,1450,94,82,3,0,H
1.2,1.4,1.4,1.6,2.0,1.4,5.0,5.0,38.0,61.75,79.0,87.25,8.75,8.5,1.5,1.5,2.0,1.0,3,4,38.0,61.75,49.0,71.0,0.0,75.0,3,4,331.33,587.25,264.33,514.5,78.87,87.37,0.0,100.0,3,4,13.67,14.5,5.0,5.0,36.59,34.48,14.63,8.62,6.83,11.6,3,4,4.0,2.5,1.67,1.0,70.59,71.43,33.33,50.0,49,36,22,0,3,A
1.2,1.2,1.2,2.0,1.6,2.2,4.0,5.33,64.75,52.0,85.75,86.0,8.25,8.75,1.0,1.0,1.0,1.67,4,3,64.75,52.0,74.0,58.0,100.0,66.67,4,3,542.25,446.33,464.5,385.0,85.64,86.37,50.0,66.67,4,3,14.5,15.67,4.0,5.33,27.59,34.04,6.9,10.64,14.5,9.4,4,3,1.75,3.0,1.75,2.0,50.0,60.0,0.0,33.33,1050,68,67,1,1,D
2.6,0.8,2.0,1.0,0.4,3.0,5.0,4.0,61.33,47.33,84.0,82.67,8.25,8.25,2.33,0.0,1.67,0.0,3,3,61.33,47.33,62.0,69.0,100.0,33.33,3,3,473.0,406.67,398.67,341.0,84.22,83.0,33.33,33.33,3,3,17.33,8.67,5.0,4.0,28.85,46.15,7.69,7.69,13.0,13.0,3,3,2.33,3.0,0.33,3.33,87.5,47.37,66.67,0.0,50,29,25,2,1,H
1.57,3.0,1.14,3.29,1.57,0.71,3.5,6.75,49.0,66.25,79.25,87.5,5.83,6.0,2.5,3.0,1.75,3.25,4,4,49.0,66.25,61.0,71.0,25.0,100.0,4,4,404.25,567.5,322.0,496.25,79.38,87.34,0.0,75.0,4,4,10.5,19.0,3.5,6.75,33.33,35.53,11.9,17.11,8.4,5.85,4,4,2.0,1.5,1.75,0.75,53.33,66.67,25.0,25.0,1451,96,79,4,2,H
2.2,1.4,1.6,1.8,1.0,1.6,5.33,5.33,48.0,58.0,83.67,88.33,8.0,8.25,2.0,0.0,1.0,1.0,3,3,48.0,58.0,58.0,67.0,33.33,66.67,3,3,422.67,474.0,354.67,419.0,83.7,88.13,33.33,100.0,3,3,10.67,12.33,5.33,5.33,50.0,43.24,15.62,16.22,6.4,6.17,3,3,5.0,1.67,1.0,1.67,83.33,50.0,33.33,0.0,1051,70,59,2,3,A
1.29,1.14,2.0,1.14,2.0,1.43,5.5,3.75,54.5,57.5,85.75,90.0,6.5,6.5,2.25,1.0,2.0,0.75,4,4,54.5,57.5,64.0,61.0,50.0,100.0,4,4,515.5,548.0,443.5,492.75,85.88,89.81,75.0,100.0,4,4,11.25,11.75,5.5,3.75,48.89,31.91,22.22,14.89,4.5,6.71,4,4,2.75,2.75,2.25,1.0,55.0,73.33,0.0,50.0,1452,87,93,1,1,D
1.0,0.8,0.8,1.2,1.2,2.2,3.33,4.67,40.0,46.33,77.33,81.0,8.5,8.5,1.33,0.5,1.0,0.0,3,3,40.0,46.33,54.0,52.0,33.33,33.33,3,3,364.0,394.67,285.33,320.67,77.64,80.91,0.0,0.0,3,3,10.0,12.33,3.33,4.67,33.33,37.84,6.67,10.81,15.0,9.25,3,3,2.0,4.67,1.33,2.67,60.0,63.64,33.33,0.0,51,33,23,1,2,A
0.6,2.4,0.6,2.0,1.6,1.4,2.0,4.75,35.75,50.5,79.0,85.0,8.75,8.25,0.5,3.0,0.5,2.0,4,4,35.75,50.5,49.0,73.0,0.0,25.0,4,4,313.5,442.75,250.25,380.0,79.14,84.86,25.0,25.0,4,4,6.25,13.25,2.0,4.75,32.0,35.85,8.0,13.21,12.5,7.57,4,4,3.25,1.75,1.75,1.5,65.0,53.85,25.0,0.0,366,18,20,2,2,D
1.2,0.8,1.0,0.6,0.6,1.6,3.67,3.33,60.0,40.0,86.33,80.33,8.5,8.0,1.5,0.33,2.0,0.33,3,3,60.0,40.0,73.0,45.0,66.67,0.0,3,3,515.67,337.67,446.67,271.0,86.26,80.3,66.67,0.0,3,3,16.33,10.67,3.67,3.33,22.45,31.25,2.04,3.12,49.0,32.0,3,3,1.67,5.33,0.67,1.33,71.43,80.0,66.67,33.33,1052,66,74,2,1,H
1.0,1.2,1.2,1.6,1.8,1.6,3.0,2.67,48.75,38.33,83.25,75.67,8.5,8.0,1.0,1.5,2.0,1.5,4,3,48.75,38.33,56.0,42.0,50.0,0.0,4,3,417.5,330.67,348.25,253.33,83.41,75.58,25.0,33.33,4,3,13.0,8.67,3.0,2.67,23.08,30.77,5.77,19.23,17.33,5.2,4,3,2.75,2.33,1.75,1.0,61.11,70.0,0.0,66.67,1053,77,71,3,2,H
0.25,2.25,1.25,1.75,3.25,1.0,4.0,5.0,42.67,40.0,79.33,82.67,9.0,9.0,0.0,1.5,0.5,1.0,3,3,42.67,40.0,54.0,50.0,33.33,0.0,3,3,371.0,367.33,295.67,304.33,79.45,82.55,0.0,33.33,3,3,11.67,13.0,4.0,5.0,34.29,38.46,8.57,12.82,11.67,7.8,3,3,4.67,2.67,3.67,1.33,56.0,66.67,0.0,0.0,732,57,49,2,4,A
1.86,1.14,1.57,1.0,1.0,1.29,2.75,6.0,52.0,54.0,81.0,84.0,6.0,6.0,1.75,0.67,1.25,1.0,4,4,52.0,54.0,69.0,60.0,75.0,75.0,4,4,435.0,482.0,355.75,404.25,81.12,83.88,25.0,25.0,4,4,9.0,16.5,2.75,6.0,30.56,36.36,8.33,4.55,12.0,22.0,4,4,1.25,3.5,1.0,1.5,55.56,70.0,25.0,25.0,1453,81,85,1,1,D
0.4,1.6,0.6,1.4,1.8,1.4,4.0,3.33,43.33,39.33,80.0,79.0,8.5,8.5,0.33,2.0,0.67,2.0,3,3,43.33,39.33,54.0,53.0,33.33,33.33,3,3,369.67,336.67,298.67,266.67,80.17,78.72,33.33,0.0,3,3,9.33,8.67,4.0,3.33,42.86,38.46,3.57,15.38,28.0,6.5,3,3,3.67,5.67,2.33,1.67,61.11,77.27,0.0,0.0,52,21,30,1,3,A
1.6,0.6,1.4,0.2,0.8,3.0,3.67,3.5,37.33,44.75,76.67,78.0,8.5,8.25,1.5,0.0,1.5,0.0,3,4,37.33,44.75,46.0,59.0,0.0,50.0,3,4,321.67,350.0,250.67,276.5,77.01,77.97,0.0,0.0,3,4,9.33,11.5,3.67,3.5,39.29,30.43,17.86,2.17,5.6,46.0,3,4,4.0,4.0,0.33,1.75,92.31,69.57,66.67,25.0,53,26,39,2,2,D
1.4,1.4,1.0,1.8,1.0,1.0,5.5,6.67,54.0,69.0,86.5,87.67,8.5,7.75,1.5,0.5,0.5,1.0,4,3,54.0,69.0,56.0,71.0,100.0,100.0,4,3,527.75,593.33,457.75,520.67,86.49,87.48,50.0,66.67,4,3,13.25,16.0,5.5,6.67,41.51,41.67,9.43,12.5,10.6,8.0,4,3,1.75,1.33,1.25,1.0,58.33,57.14,50.0,33.33,367,1,11,0,3,A
0.75,1.25,1.5,1.0,2.75,2.0,5.33,3.0,48.33,51.0,84.33,83.5,9.33,9.0,1.5,2.0,2.0,2.0,3,2,48.33,51.0,55.0,55.0,33.33,50.0,3,2,437.67,452.0,369.0,377.0,84.33,83.4,0.0,0.0,3,2,15.67,8.0,5.33,3.0,34.04,37.5,10.64,12.5,9.4,8.0,3,2,3.67,3.0,3.0,1.0,55.0,75.0,0.0,50.0,733,47,43,3,4,A
1.8,1.2,1.0,1.4,0.4,1.4,2.75,7.0,32.75,61.33,73.0,84.67,8.0,8.5,1.0,0.5,0.0,1.5,4,3,32.75,61.33,38.0,68.0,0.0,100.0,4,3,278.0,482.33,203.75,409.33,73.02,84.73,0.0,33.33,4,3,9.0,15.67,2.75,7.0,30.56,44.68,8.33,6.38,12.0,15.67,4,3,3.25,3.67,0.5,1.0,86.67,78.57,50.0,33.33,1054,73,69,0,0,D
1.29,1.0,1.0,1.0,1.0,1.57,3.5,2.8,51.5,42.4,84.0,77.8,6.33,5.83,1.75,0.33,1.5,0.33,4,5,51.5,42.4,64.0,55.0,50.0,20.0,4,5,483.0,344.2,407.25,269.8,84.04,77.81,25.0,0.0,4,5,14.75,10.0,3.5,2.8,23.73,28.0,5.08,10.0,19.67,10.0,4,5,1.75,3.4,0.75,1.0,70.0,77.27,50.0,20.0,1454,91,88,1,0,H
1.2,2.6,2.2,3.0,2.0,1.2,5.67,6.25,56.67,62.0,83.67,88.75,8.25,8.75,2.0,3.0,2.0,3.67,3,4,56.67,62.0,60.0,76.0,100.0,75.0,3,4,483.67,630.5,405.33,563.5,83.72,88.69,33.33,75.0,3,4,12.33,12.5,5.67,6.25,45.95,50.0,18.92,24.0,5.29,4.17,3,4,5.33,2.75,2.0,1.0,72.73,73.33,0.0,25.0,54,32,24,1,0,H
2.0,0.6,1.8,0.8,0.8,1.2,5.33,2.0,53.33,54.67,82.67,80.67,8.25,8.5,3.0,1.0,2.5,1.0,3,3,53.33,54.67,67.0,70.0,66.67,66.67,3,3,448.33,451.0,373.0,371.67,82.64,80.49,33.33,33.33,3,3,19.67,6.33,5.33,2.0,27.12,31.58,8.47,10.53,11.8,9.5,3,3,1.33,2.0,1.33,1.0,50.0,66.67,33.33,33.33,1055,62,78,2,0,H
2.14,2.43,1.57,2.29,0.43,0.71,4.75,7.25,51.5,61.5,86.75,89.75,6.17,5.83,2.33,1.67,2.0,1.33,4,4,51.5,61.5,62.0,66.0,50.0,100.0,4,4,543.25,617.5,471.25,553.75,86.7,89.58,75.0,100.0,4,4,13.5,19.25,4.75,7.25,35.19,37.66,11.11,9.09,9.0,11.0,4,4,2.0,1.75,0.5,0.5,80.0,77.78,75.0,50.0,1455,80,89,1,1,D
1.0,0.4,1.6,0.2,1.8,1.6,4.33,3.0,41.33,51.67,81.0,78.0,8.5,7.75,1.33,0.0,1.67,0.0,3,3,41.33,51.67,46.0,65.0,0.0,33.33,3,3,344.67,386.0,281.0,303.0,80.86,78.16,0.0,0.0,3,3,12.0,15.0,4.33,3.0,36.11,20.0,11.11,2.22,9.0,45.0,3,3,5.0,2.67,1.33,0.67,78.95,80.0,0.0,33.33,1056,75,61,2,3,A
1.0,0.2,1.0,0.4,1.6,1.8,5.0,3.75,46.33,62.5,77.0,89.0,8.25,8.5,0.5,0.0,0.5,0.5,3,4,46.33,62.5,53.0,78.0,33.33,75.0,3,4,381.67,601.5,293.33,536.0,76.8,89.0,0.0,100.0,3,4,15.33,12.0,5.0,3.75,32.61,31.25,10.87,2.08,9.2,48.0,3,4,5.67,4.5,1.33,2.0,80.95,69.23,0.0,0.0,368,3,7,3,1,H
2.0,0.43,2.0,1.14,2.0,1.86,4.8,4.5,43.6,55.75,82.8,83.0,6.17,6.33,1.33,0.0,2.33,0.67,5,4,43.6,55.75,46.0,71.0,0.0,50.0,5,4,407.6,493.5,340.8,411.5,83.05,83.2,40.0,50.0,5,4,14.2,11.0,4.8,4.5,33.8,40.91,15.49,9.09,6.45,11.0,5,4,4.0,4.25,1.6,1.75,71.43,70.83,0.0,0.0,1456,83,84,3,1,H
2.17,1.33,1.83,1.5,0.67,1.83,5.33,3.0,53.33,48.75,82.67,83.25,8.2,7.6,3.0,1.0,2.33,1.0,3,4,53.33,48.75,67.0,56.0,66.67,50.0,3,4,448.33,417.5,373.0,348.25,82.64,83.41,33.33,25.0,3,4,19.67,13.0,5.33,3.0,27.12,23.08,8.47,5.77,11.8,17.33,3,4,1.33,2.75,1.33,1.75,50.0,61.11,33.33,0.0,1057,62,77,3,1,H
0.8,1.2,1.4,1.2,2.8,1.6,2.0,6.67,54.5,49.0,82.5,81.67,8.5,8.5,1.33,1.5,2.33,1.0,2,3,54.5,49.0,64.0,61.0,50.0,33.33,2,3,450.5,480.0,374.5,393.0,82.9,81.59,0.0,0.0,2,3,13.0,14.67,2.0,6.67,15.38,45.45,7.69,11.36,13.0,8.8,2,3,3.5,5.0,3.0,2.0,53.85,71.43,0.0,33.33,734,50,44,2,1,H
2.17,0.33,2.5,0.67,1.17,2.0,6.25,4.0,62.0,43.33,88.75,80.0,8.4,8.2,2.0,0.5,2.0,0.5,4,3,62.0,43.33,76.0,54.0,75.0,33.33,4,3,630.5,369.67,563.5,298.67,88.69,80.17,75.0,33.33,4,3,12.5,9.33,6.25,4.0,50.0,42.86,24.0,3.57,4.17,28.0,4,3,2.75,3.67,1.0,2.33,73.33,61.11,25.0,0.0,55,24,21,1,1,D
1.0,0.67,1.67,0.67,1.83,1.67,2.67,3.33,38.33,40.0,75.67,80.33,8.0,8.0,1.0,0.25,1.67,0.5,3,3,38.33,40.0,42.0,45.0,0.0,0.0,3,3,330.67,337.67,253.33,271.0,75.58,80.3,33.33,0.0,3,3,8.67,10.67,2.67,3.33,30.77,31.25,19.23,3.12,5.2,32.0,3,3,2.33,5.33,1.0,1.33,70.0,80.0,66.67,33.33,1058,71,74,2,1,H
0.88,0.62,0.62,0.62,1.12,1.62,2.4,3.0,42.0,48.5,75.8,81.25,5.57,5.43,1.0,0.0,0.67,0.25,5,4,42.0,48.5,54.0,58.0,20.0,50.0,5,4,366.0,425.25,279.4,348.25,75.52,81.26,0.0,25.0,5,4,7.8,10.75,2.4,3.0,30.77,27.91,7.69,6.98,13.0,14.33,5,4,3.4,2.5,1.0,1.75,77.27,58.82,20.0,0.0,1457,86,82,0,0,D
0.5,2.5,0.83,2.0,1.5,0.33,3.75,5.25,54.0,60.25,81.75,86.5,7.8,8.0,0.67,3.0,0.67,2.33,4,4,54.0,60.25,67.0,69.0,75.0,75.0,4,4,494.5,560.0,405.5,485.25,81.63,86.52,0.0,50.0,4,4,14.25,15.5,3.75,5.25,26.32,33.87,7.02,11.29,14.25,8.86,4,4,3.0,2.25,1.75,0.25,63.16,90.0,0.0,75.0,369,16,6,0,1,A
0.88,1.75,0.88,1.0,1.5,0.75,2.8,3.4,42.4,46.8,77.8,81.2,5.29,5.43,1.5,2.25,1.5,1.25,5,5,42.4,46.8,55.0,55.0,20.0,40.0,5,5,344.2,385.0,269.8,312.0,77.81,81.11,0.0,0.0,5,5,10.0,11.0,2.8,3.4,28.0,30.91,10.0,5.45,10.0,18.33,5,5,3.4,4.0,1.0,0.8,77.27,83.33,20.0,40.0,1458,88,98,2,1,H
1.67,0.83,1.5,0.5,1.67,1.83,2.67,4.0,35.0,40.33,73.67,79.67,7.6,7.4,2.0,0.33,1.67,0.0,3,3,35.0,40.33,44.0,47.0,0.0,0.0,3,3,283.33,343.33,214.0,277.33,73.63,79.75,0.0,33.33,3,3,7.33,16.0,2.67,4.0,36.36,25.0,18.18,2.08,5.5,48.0,3,3,4.0,1.67,0.67,2.0,85.71,45.45,33.33,33.33,1059,63,76,1,0,H
1.6,1.8,1.6,1.6,2.2,1.4,3.0,6.0,51.0,40.0,83.5,76.33,8.75,8.5,0.5,1.5,0.0,1.5,2,3,51.0,40.0,55.0,54.0,50.0,33.33,2,3,452.0,365.0,377.0,279.67,83.4,76.45,0.0,0.0,2,3,8.0,17.0,3.0,6.0,37.5,35.29,12.5,9.8,8.0,10.2,2,3,3.0,1.33,1.0,1.33,75.0,50.0,50.0,0.0,735,43,41,0,1,A
2.0,0.2,2.8,1.4,2.0,3.4,9.33,4.0,60.33,42.67,88.33,79.33,8.5,8.75,1.5,0.5,3.0,2.0,3,3,60.33,42.67,63.0,54.0,100.0,33.33,3,3,606.33,371.0,535.67,295.67,88.28,79.45,100.0,0.0,3,3,23.67,11.67,9.33,4.0,39.44,34.29,12.68,8.57,7.89,11.67,3,3,3.33,4.67,2.0,3.67,62.5,56.0,0.0,0.0,736,48,57,2,2,D
0.2,0.8,1.0,2.0,2.2,2.2,3.67,3.67,40.67,45.0,72.67,74.67,8.5,8.5,0.5,1.5,1.0,2.5,3,3,40.67,45.0,46.0,60.0,0.0,33.33,3,3,343.33,360.33,249.67,274.33,72.63,74.63,0.0,0.0,3,3,12.67,13.67,3.67,3.67,28.95,26.83,2.63,12.2,38.0,8.2,3,3,3.67,5.0,1.67,1.67,68.75,75.0,0.0,33.33,737,53,42,1,3,A
1.6,2.0,0.8,2.2,0.6,1.8,4.33,5.0,39.0,61.33,73.33,88.33,8.5,8.0,3.0,0.5,1.5,0.5,3,3,39.0,61.33,46.0,70.0,0.0,100.0,3,3,345.67,596.67,254.0,528.33,73.43,88.31,0.0,100.0,3,3,12.0,14.0,4.33,5.0,36.11,35.71,5.56,14.29,18.0,7.0,3,3,2.33,1.67,0.33,0.67,87.5,71.43,66.67,66.67,738,55,46,2,1,H
2.33,0.17,2.0,0.5,0.83,2.0,5.67,3.75,50.0,62.5,83.33,89.0,8.0,8.6,2.33,0.0,2.33,0.67,3,4,50.0,62.5,61.0,78.0,66.67,75.0,3,4,401.33,601.5,342.0,536.0,83.44,89.0,66.67,100.0,3,4,12.67,12.0,5.67,3.75,44.74,31.25,13.16,2.08,7.6,48.0,3,4,3.0,4.5,0.33,2.0,90.0,69.23,66.67,0.0,370,8,7,3,1,H
0.5,1.33,1.33,1.33,2.0,1.5,3.5,5.0,41.75,46.33,79.75,77.0,7.8,8.4,0.67,1.33,1.0,1.33,4,3,41.75,46.33,58.0,53.0,25.0,33.33,4,3,383.75,381.67,313.0,293.33,79.75,76.8,25.0,0.0,4,3,8.75,15.33,3.5,5.0,40.0,32.61,14.29,10.87,7.0,9.2,4,3,3.5,5.67,1.75,1.33,66.67,80.95,0.0,0.0,371,10,3,1,0,H
0.83,0.67,1.0,0.83,1.67,1.67,2.75,2.0,42.75,35.75,80.5,79.0,7.8,8.4,0.0,0.67,0.67,0.67,4,4,42.75,35.75,52.0,49.0,25.0,0.0,4,4,370.75,313.5,299.0,250.25,80.56,79.14,0.0,25.0,4,4,13.25,6.25,2.75,2.0,20.75,32.0,9.43,8.0,10.6,12.5,4,4,3.0,3.25,1.5,1.75,66.67,65.0,25.0,25.0,372,12,18,4,1,H
2.33,1.83,2.33,1.33,1.0,0.83,6.25,4.25,62.25,51.25,90.75,82.75,7.6,8.4,2.33,1.33,2.67,0.67,4,4,62.25,51.25,75.0,55.0,100.0,75.0,4,4,640.0,433.75,583.0,360.0,90.83,82.72,100.0,50.0,4,4,16.5,14.5,6.25,4.25,37.88,29.31,16.67,6.9,6.0,14.5,4,4,2.5,3.0,0.75,1.0,76.92,75.0,25.0,0.0,373,14,4,3,2,H
1.17,0.17,1.33,1.0,1.67,2.67,4.75,3.33,41.5,45.0,82.75,79.67,8.0,8.0,2.33,0.33,2.0,0.67,4,3,41.5,45.0,46.0,48.0,0.0,0.0,4,3,396.75,351.33,328.25,279.67,82.73,79.55,50.0,0.0,4,3,11.25,10.67,4.75,3.33,42.22,31.25,13.33,9.38,7.5,10.67,4,3,5.5,3.33,1.5,3.0,78.57,52.63,0.0,0.0,374,17,5,5,3,H
0.88,1.75,0.62,1.5,0.75,1.62,1.0,3.5,44.0,49.0,62.67,79.25,5.71,5.57,1.5,0.33,0.75,0.33,3,4,44.0,49.0,53.0,61.0,33.33,25.0,3,4,272.67,404.25,172.67,322.0,62.69,79.38,0.0,0.0,3,4,12.33,10.5,1.0,3.5,8.11,33.33,2.7,11.9,37.0,8.4,2,4,1.5,2.0,0.5,1.75,75.0,53.33,50.0,25.0,1459,92,96,1,1,D
0.67,1.0,0.5,1.33,2.83,2.0,3.5,4.33,44.75,53.67,78.0,84.67,8.2,7.8,1.5,0.0,0.5,1.0,4,3,44.75,53.67,59.0,65.0,50.0,66.67,4,3,350.0,471.33,276.5,400.0,77.97,84.92,0.0,66.67,4,3,11.5,11.67,3.5,4.33,30.43,37.14,2.17,8.57,46.0,11.67,4,3,4.0,3.33,1.75,2.0,69.57,62.5,25.0,0.0,56,39,35,3,1,H
1.17,0.83,1.83,0.67,2.0,1.67,5.33,3.0,52.0,40.33,86.0,78.33,7.8,8.0,1.5,1.5,2.5,0.5,3,3,52.0,40.33,58.0,58.0,66.67,33.33,3,3,446.33,320.0,385.0,252.33,86.37,78.38,66.67,0.0,3,3,15.67,11.67,5.33,3.0,34.04,25.71,10.64,8.57,9.4,11.67,3,3,3.0,2.67,2.0,1.33,60.0,66.67,33.33,33.33,1060,67,64,5,1,H
0.67,1.83,1.17,1.33,2.5,1.17,3.0,3.0,35.25,39.0,75.5,71.33,8.2,7.6,1.0,1.33,1.33,1.33,4,3,35.25,39.0,47.0,61.0,0.0,33.33,4,3,296.0,312.33,223.25,231.0,75.42,71.38,0.0,0.0,4,3,10.75,8.67,3.0,3.0,27.91,34.62,9.3,15.38,10.75,6.5,4,3,3.25,4.0,3.25,0.67,50.0,85.71,0.0,33.33,375,9,2,0,0,D
0.8,1.0,0.8,1.6,1.2,2.0,2.0,5.0,61.0,45.0,80.0,77.5,8.0,8.5,0.5,2.0,0.0,3.0,2,2,61.0,45.0,61.0,54.0,100.0,50.0,2,2,568.0,332.5,451.5,259.0,79.53,77.84,0.0,0.0,2,2,9.5,12.5,2.0,5.0,21.05,40.0,0.0,16.0,0.0,6.25,2,2,2.5,6.0,1.5,2.0,62.5,75.0,0.0,0.0,739,56,45,0,3,A
0.38,1.25,1.12,1.88,2.0,1.88,4.5,5.5,55.75,54.5,83.0,85.75,6.0,5.86,0.75,0.0,1.5,2.0,4,4,55.75,54.5,71.0,64.0,50.0,50.0,4,4,493.5,515.5,411.5,443.5,83.2,85.88,50.0,75.0,4,4,11.0,11.25,4.5,5.5,40.91,48.89,9.09,22.22,11.0,4.5,4,4,4.25,2.75,1.75,2.25,70.83,55.0,0.0,0.0,1460,84,87,0,1,A
0.62,1.25,0.5,1.12,2.12,1.0,1.0,3.5,42.25,43.5,83.0,71.0,5.14,5.43,1.25,1.25,0.5,0.75,4,4,42.25,43.5,59.0,53.0,25.0,50.0,4,4,371.5,300.75,310.25,217.0,82.86,71.11,25.0,0.0,4,4,9.0,10.0,1.0,3.5,11.11,35.0,2.78,10.0,36.0,10.0,4,3,3.25,2.33,2.5,1.67,56.52,58.33,50.0,0.0,1461,95,97,1,2,A
1.67,0.83,1.83,0.83,1.17,1.33,5.0,3.33,61.75,40.0,87.25,77.33,8.2,8.0,1.33,0.5,2.0,0.5,4,3,61.75,40.0,71.0,54.0,75.0,33.33,4,3,587.25,364.0,514.5,285.33,87.37,77.64,100.0,0.0,4,3,14.5,10.0,5.0,3.33,34.48,33.33,8.62,6.67,11.6,15.0,4,3,2.5,2.0,1.0,1.33,71.43,60.0,50.0,33.33,57,22,33,2,1,H
1.83,1.83,2.17,1.67,1.17,1.33,5.0,5.33,61.0,48.0,89.33,83.67,8.2,8.0,2.0,2.33,2.33,2.0,3,3,61.0,48.0,67.0,58.0,100.0,33.33,3,3,527.0,422.67,470.67,354.67,89.27,83.7,100.0,33.33,3,3,13.67,10.67,5.0,5.33,36.59,50.0,19.51,15.62,5.12,6.4,3,3,3.33,5.0,0.67,1.0,83.33,83.33,66.67,33.33,1061,72,70,3,2,H
1.17,2.67,1.67,2.0,1.5,0.5,6.0,5.0,45.0,61.33,81.33,84.0,7.6,7.8,2.33,3.0,2.33,2.5,3,3,45.0,61.33,48.0,62.0,0.0,100.0,3,3,376.0,473.0,306.67,398.67,81.4,84.22,0.0,33.33,3,3,16.33,17.33,6.0,5.0,36.73,28.85,10.2,7.69,9.8,13.0,3,3,3.33,2.33,1.67,0.33,66.67,87.5,33.33,66.67,58,31,29,1,2,A
2.25,2.12,2.12,2.12,0.75,1.88,7.25,4.8,61.5,43.6,89.75,82.8,5.71,5.86,3.0,2.5,3.0,1.75,4,5,61.5,43.6,66.0,46.0,100.0,0.0,4,5,617.5,407.6,553.75,340.8,89.58,83.05,100.0,40.0,4,5,19.25,14.2,7.25,4.8,37.66,33.8,9.09,15.49,11.0,6.45,4,5,1.75,4.0,0.5,1.6,77.78,71.43,50.0,0.0,1462,89,83,2,0,H
2.0,0.83,1.5,0.67,0.0,1.67,4.0,3.0,58.5,51.67,90.25,78.0,7.8,8.2,1.67,1.5,1.0,1.5,4,3,58.5,51.67,66.0,65.0,75.0,33.33,4,3,567.75,386.0,512.25,303.0,90.26,78.16,100.0,0.0,4,3,11.0,15.0,4.0,3.0,36.36,20.0,13.64,2.22,7.33,45.0,4,3,1.25,2.67,0.0,0.67,100.0,80.0,100.0,33.33,1062,65,61,1,1,D
1.12,1.75,1.12,1.5,1.38,1.0,3.75,2.75,57.5,52.0,90.0,81.0,6.0,6.14,1.33,2.0,1.67,2.0,4,4,57.5,52.0,61.0,69.0,100.0,75.0,4,4,548.0,435.0,492.75,355.75,89.81,81.12,100.0,25.0,4,4,11.75,9.0,3.75,2.75,31.91,30.56,14.89,8.33,6.71,12.0,4,4,2.75,1.25,1.0,1.0,73.33,55.56,50.0,25.0,1463,93,81,2,1,H
1.17,1.5,1.33,1.5,2.0,1.0,4.67,3.67,46.33,37.33,81.0,76.67,8.0,8.2,1.0,1.67,2.0,1.33,3,3,46.33,37.33,52.0,46.0,33.33,0.0,3,3,394.67,321.67,320.67,250.67,80.91,77.01,0.0,0.0,3,3,12.33,9.33,4.67,3.67,37.84,39.29,10.81,17.86,9.25,5.6,3,3,4.67,4.0,2.67,0.33,63.64,92.31,0.0,66.67,59,23,26,2,0,H
2.17,1.5,2.5,1.0,1.17,0.83,6.0,6.0,57.0,42.75,88.33,78.25,7.6,8.2,1.33,2.33,1.67,1.33,3,4,57.0,42.75,63.0,53.0,66.67,50.0,3,4,525.0,373.75,464.67,294.5,88.4,78.13,100.0,0.0,3,4,12.33,14.5,6.0,6.0,48.65,41.38,18.92,6.9,5.29,14.5,3,4,2.33,2.5,1.67,0.5,58.33,83.33,0.0,50.0,376,13,19,1,1,D
2.17,1.17,2.0,0.83,1.5,1.33,4.75,5.5,50.5,54.0,85.0,86.5,8.0,8.2,2.0,1.33,2.0,1.33,4,4,50.5,54.0,73.0,56.0,25.0,100.0,4,4,442.75,527.75,380.0,457.75,84.86,86.49,25.0,50.0,4,4,13.25,13.25,4.75,5.5,35.85,41.51,13.21,9.43,7.57,10.6,4,4,1.75,1.75,1.5,1.25,53.85,58.33,0.0,50.0,377,20,1,0,0,D
1.67,1.67,2.0,0.83,1.67,0.33,5.33,2.75,58.0,32.75,88.33,73.0,8.0,8.0,2.33,2.33,2.33,1.67,3,4,58.0,32.75,67.0,38.0,66.67,0.0,3,4,474.0,278.0,419.0,203.75,88.13,73.02,100.0,0.0,3,4,12.33,9.0,5.33,2.75,43.24,30.56,16.22,8.33,6.17,12.0,3,4,1.67,3.25,1.67,0.5,50.0,86.67,0.0,50.0,1063,59,73,2,1,H
1.17,0.83,1.17,1.67,1.5,2.0,4.0,4.33,64.75,41.33,85.75,81.0,7.8,8.6,1.0,0.5,1.0,1.5,4,3,64.75,41.33,74.0,46.0,100.0,0.0,4,3,542.25,344.67,464.5,281.0,85.64,80.86,50.0,0.0,4,3,14.5,12.0,4.0,4.33,27.59,36.11,6.9,11.11,14.5,9.0,4,3,1.75,5.0,1.75,1.33,50.0,78.95,0.0,0.0,1064,68,75,0,0,D
1.8,2.2,2.0,1.6,1.4,0.4,5.0,3.33,38.0,56.0,74.67,84.33,8.0,8.25,1.5,2.0,2.0,1.5,3,3,38.0,56.0,39.0,68.0,0.0,66.67,3,3,330.33,533.67,246.67,453.33,74.72,84.23,0.0,33.33,3,3,10.33,12.0,5.0,3.33,48.39,27.78,25.81,11.11,3.88,9.0,3,3,1.67,4.67,1.33,0.67,55.56,87.5,66.67,66.67,740,54,52,0,1,A
1.25,2.62,1.38,3.12,1.5,1.12,3.8,6.75,42.2,66.25,72.6,87.5,5.71,5.57,2.33,2.4,1.33,3.0,5,4,42.2,66.25,62.0,71.0,20.0,100.0,5,4,314.4,567.5,229.6,496.25,72.46,87.34,0.0,75.0,5,4,12.6,19.0,3.8,6.75,30.16,35.53,11.11,17.11,9.0,5.85,5,4,2.4,1.5,1.2,0.75,66.67,66.67,40.0,25.0,1464,90,79,0,3,A
1.83,0.67,1.67,1.0,1.33,2.83,3.33,4.0,39.33,47.33,79.0,82.67,8.2,7.8,1.33,0.0,1.0,0.33,3,3,39.33,47.33,53.0,69.0,33.33,33.33,3,3,336.67,406.67,266.67,341.0,78.72,83.0,0.0,33.33,3,3,8.67,8.67,3.33,4.0,38.46,46.15,15.38,7.69,6.5,13.0,3,3,5.67,3.0,1.67,3.33,77.27,47.37,0.0,0.0,60,30,25,4,2,H
1.5,1.67,2.0,0.83,1.67,0.33,5.67,5.67,56.67,50.0,83.67,79.67,8.2,7.6,2.33,1.67,1.67,1.0,3,3,56.67,50.0,60.0,59.0,100.0,66.67,3,3,483.67,421.0,405.33,338.33,83.72,79.52,33.33,0.0,3,3,12.33,14.0,5.67,5.67,45.95,40.48,18.92,9.52,5.29,10.5,3,3,5.33,2.33,2.0,0.33,72.73,87.5,0.0,66.67,61,32,38,2,2,D
1.0,1.0,1.33,1.17,2.17,2.17,6.0,5.0,48.33,38.0,80.33,79.0,7.8,8.2,2.0,1.0,2.33,1.0,3,3,48.33,38.0,50.0,49.0,0.0,0.0,3,3,425.33,331.33,343.33,264.33,79.98,78.87,33.33,0.0,3,3,14.33,13.67,6.0,5.0,41.86,36.59,11.63,14.63,8.6,6.83,3,3,2.67,4.0,2.33,1.67,53.33,70.59,33.33,33.33,62,34,36,2,0,H
1.5,1.67,1.67,2.0,1.33,0.83,5.0,6.67,60.75,69.0,85.75,87.67,8.0,7.8,1.67,1.33,1.33,1.67,4,3,60.75,69.0,69.0,71.0,75.0,100.0,4,3,523.25,593.33,448.25,520.67,85.66,87.48,100.0,66.67,4,3,16.75,16.0,5.0,6.67,29.85,41.67,8.96,12.5,11.17,8.0,4,3,2.5,1.33,0.5,1.0,83.33,57.14,50.0,33.33,378,15,11,3,2,H
2.4,2.6,2.2,3.4,1.2,0.8,5.0,7.67,40.0,69.67,82.67,88.67,8.5,8.25,3.0,3.0,2.5,4.67,3,3,40.0,69.67,50.0,71.0,0.0,100.0,3,3,367.33,704.33,304.33,628.33,82.55,88.91,33.33,100.0,3,3,13.0,16.67,5.0,7.67,38.46,46.0,12.82,22.0,7.8,4.55,3,3,2.67,1.0,1.33,1.0,66.67,50.0,0.0,33.33,741,49,40,3,3,D
0.5,1.5,0.67,1.17,1.33,0.67,2.0,3.67,54.67,60.0,80.67,86.33,8.2,8.0,0.33,1.0,0.67,0.33,3,3,54.67,60.0,70.0,73.0,66.67,66.67,3,3,451.0,515.67,371.67,446.67,80.49,86.26,33.33,66.67,3,3,6.33,16.33,2.0,3.67,31.58,22.45,10.53,2.04,9.5,49.0,3,3,2.0,1.67,1.0,0.67,66.67,71.43,33.33,66.67,1065,78,66,1,1,D
1.12,1.5,1.0,1.0,1.25,0.88,6.0,3.5,54.0,51.5,84.0,84.0,5.71,5.71,1.5,0.67,1.0,0.33,4,4,54.0,51.5,60.0,64.0,75.0,50.0,4,4,482.0,483.0,404.25,407.25,83.88,84.04,25.0,25.0,4,4,16.5,14.75,6.0,3.5,36.36,23.73,4.55,5.08,22.0,19.67,4,4,3.5,1.75,1.5,0.75,70.0,70.0,25.0,50.0,1465,85,91,1,0,H
1.6,0.6,2.8,1.8,2.0,3.0,7.0,5.33,62.33,48.33,86.0,84.33,8.5,9.0,2.0,0.0,4.0,1.0,3,3,62.33,48.33,67.0,55.0,100.0,33.33,3,3,564.0,437.67,485.33,369.0,85.94,84.33,66.67,0.0,3,3,16.33,15.67,7.0,5.33,42.86,34.04,14.29,10.64,7.0,9.4,3,3,4.0,3.67,2.33,3.0,63.16,55.0,0.0,0.0,742,51,47,1,1,D
1.33,2.67,2.33,3.33,1.0,0.83,4.5,9.33,50.75,67.67,84.5,91.67,8.0,8.4,2.0,2.33,4.5,2.67,4,3,50.75,67.67,58.0,76.0,50.0,100.0,4,3,427.0,726.33,362.0,668.67,84.67,91.81,50.0,100.0,4,3,11.5,17.67,4.5,9.33,39.13,52.83,13.04,24.53,7.67,4.08,4,3,4.0,2.33,1.5,0.67,72.73,77.78,0.0,33.33,63,27,28,1,1,D
1.17,1.83,1.17,2.33,1.17,1.17,7.0,5.0,61.33,58.33,84.67,89.67,8.2,8.0,1.67,1.33,1.33,1.67,3,3,61.33,58.33,68.0,61.0,100.0,100.0,3,3,482.33,520.33,409.33,466.0,84.73,89.62,33.33,100.0,3,3,15.67,17.67,7.0,5.0,44.68,28.3,6.38,9.43,15.67,10.6,3,3,3.67,2.33,1.0,2.0,78.57,53.85,33.33,0.0,1066,69,60,2,1,H
1.0,2.0,0.75,1.5,0.88,0.5,2.0,4.75,58.0,51.5,78.25,86.75,5.43,5.71,0.75,2.0,1.25,1.25,4,4,58.0,51.5,66.0,62.0,75.0,50.0,4,4,407.75,543.25,325.0,471.25,78.25,86.7,25.0,75.0,4,4,7.5,13.5,2.0,4.75,26.67,35.19,10.0,11.11,10.0,9.0,4,4,2.25,2.0,1.0,0.5,69.23,80.0,50.0,75.0,1466,94,80,1,1,D
1.67,0.67,2.0,0.67,1.83,1.5,5.0,2.0,61.33,61.0,88.33,80.0,7.8,7.8,3.0,1.0,3.33,1.33,3,2,61.33,61.0,70.0,61.0,100.0,100.0,3,2,596.67,568.0,528.33,451.5,88.31,79.53,100.0,0.0,3,2,14.0,9.5,5.0,2.0,35.71,21.05,14.29,0.0,7.0,0.0,3,2,1.67,2.5,0.67,1.5,71.43,62.5,66.67,0.0,743,46,56,2,1,H
2.71,1.86,2.0,1.86,0.57,1.14,5.0,5.0,61.33,61.75,84.0,87.25,7.67,8.0,2.5,2.0,1.75,1.67,3,4,61.33,61.75,62.0,71.0,100.0,75.0,3,4,473.0,587.25,398.67,514.5,84.22,87.37,33.33,100.0,3,4,17.33,14.5,5.0,5.0,28.85,34.48,7.69,8.62,13.0,11.6,3,4,2.33,2.5,0.33,1.0,87.5,71.43,66.67,50.0,64,29,22,0,0,D
1.11,0.56,1.22,0.56,1.67,2.11,3.8,1.0,42.2,42.25,72.6,83.0,6.0,5.38,1.75,0.0,1.0,0.5,5,4,42.2,42.25,62.0,59.0,20.0,25.0,5,4,314.4,371.5,229.6,310.25,72.46,82.86,0.0,25.0,5,4,12.6,9.0,3.8,1.0,30.16,11.11,11.11,2.78,9.0,36.0,5,4,2.4,3.25,1.2,2.5,66.67,56.52,40.0,50.0,1467,90,95,2,3,A
1.43,1.14,2.0,1.43,1.14,1.57,6.67,2.75,69.0,42.75,87.67,80.5,7.67,7.67,2.0,1.67,2.33,1.33,3,4,69.0,42.75,71.0,52.0,100.0,25.0,3,4,593.33,370.75,520.67,299.0,87.48,80.56,66.67,0.0,3,4,16.0,13.25,6.67,2.75,41.67,20.75,12.5,9.43,8.0,10.6,3,4,1.33,3.0,1.0,1.5,57.14,66.67,33.33,25.0,379,11,12,4,1,H
1.56,1.11,1.44,1.0,1.11,1.44,2.75,2.8,52.0,42.4,81.0,77.8,6.12,5.25,1.6,0.25,1.2,0.25,4,5,52.0,42.4,69.0,55.0,75.0,20.0,4,5,435.0,344.2,355.75,269.8,81.12,77.81,25.0,0.0,4,5,9.0,10.0,2.75,2.8,30.56,28.0,8.33,10.0,12.0,10.0,4,5,1.25,3.4,1.0,1.0,55.56,77.27,25.0,20.0,1468,81,88,4,1,H
0.71,1.14,0.71,1.0,2.14,1.29,3.0,4.0,40.33,64.75,78.33,85.75,7.83,7.67,0.5,1.33,0.75,1.33,3,4,40.33,64.75,58.0,74.0,33.33,100.0,3,4,320.0,542.25,252.33,464.5,78.38,85.64,0.0,50.0,3,4,11.67,14.5,3.0,4.0,25.71,27.59,8.57,6.9,11.67,14.5,3,4,2.67,1.75,1.33,1.75,66.67,50.0,33.33,0.0,1067,64,68,2,2,D
1.14,0.86,1.43,1.43,2.0,1.71,3.0,4.33,48.75,41.33,83.25,81.0,7.17,8.0,2.0,0.67,2.5,1.0,4,3,48.75,41.33,56.0,46.0,50.0,0.0,4,3,417.5,344.67,348.25,281.0,83.41,80.86,25.0,0.0,4,3,13.0,12.0,3.0,4.33,23.08,36.11,5.77,11.11,17.33,9.0,4,3,2.75,5.0,1.75,1.33,61.11,78.95,0.0,0.0,1068,77,75,1,1,D
2.0,1.17,1.5,1.5,1.17,2.5,6.0,2.0,40.0,54.5,76.33,82.5,8.2,8.0,2.0,0.0,1.67,0.0,3,2,40.0,54.5,54.0,64.0,33.33,50.0,3,2,365.0,450.5,279.67,374.5,76.45,82.9,0.0,0.0,3,2,17.0,13.0,6.0,2.0,35.29,15.38,9.8,7.69,10.2,13.0,3,2,1.33,3.5,1.33,3.0,50.0,53.85,0.0,0.0,744,41,50,3,1,H
1.0,1.5,1.17,1.67,1.67,1.33,6.67,5.0,49.0,38.0,81.67,74.67,8.0,8.0,1.0,2.0,1.33,2.0,3,3,49.0,38.0,61.0,39.0,33.33,0.0,3,3,480.0,330.33,393.0,246.67,81.59,74.72,0.0,0.0,3,3,14.67,10.33,6.67,5.0,45.45,48.39,11.36,25.81,8.8,3.88,3,3,5.0,1.67,2.0,1.33,71.43,55.56,33.33,66.67,745,44,54,3,2,H
1.33,2.33,1.83,1.5,1.67,0.33,5.0,3.33,45.0,56.0,77.5,84.33,8.2,8.2,0.33,2.33,0.67,1.33,2,3,45.0,56.0,54.0,68.0,50.0,66.67,2,3,332.5,533.67,259.0,453.33,77.84,84.23,0.0,33.33,2,3,12.5,12.0,5.0,3.33,40.0,27.78,16.0,11.11,6.25,9.0,2,3,6.0,4.67,2.0,0.67,75.0,87.5,0.0,66.67,746,45,52,0,2,A
0.67,0.17,1.67,1.0,2.67,2.33,5.33,3.67,48.33,40.67,84.33,72.67,8.6,8.2,1.0,0.0,2.33,1.0,3,3,48.33,40.67,55.0,46.0,33.33,0.0,3,3,437.67,343.33,369.0,249.67,84.33,72.63,0.0,0.0,3,3,15.67,12.67,5.33,3.67,34.04,28.95,10.64,2.63,9.4,38.0,3,3,3.67,3.67,3.0,1.67,55.0,68.75,0.0,0.0,747,47,53,3,1,H
1.83,2.17,2.67,2.33,2.0,1.5,9.33,5.0,60.33,40.0,88.33,82.67,8.0,8.2,1.33,2.0,2.67,2.0,3,3,60.33,40.0,63.0,50.0,100.0,0.0,3,3,606.33,367.33,535.67,304.33,88.28,82.55,100.0,33.33,3,3,23.67,13.0,9.33,5.0,39.44,38.46,12.68,12.82,7.89,7.8,3,3,3.33,2.67,2.0,1.33,62.5,66.67,0.0,0.0,748,48,49,2,1,H
1.14,1.43,0.71,1.86,1.14,1.86,5.5,4.75,54.0,41.5,86.5,82.75,7.83,7.83,1.0,0.0,0.33,0.67,4,4,54.0,41.5,56.0,46.0,100.0,0.0,4,4,527.75,396.75,457.75,328.25,86.49,82.73,50.0,50.0,4,4,13.25,11.25,5.5,4.75,41.51,42.22,9.43,13.33,10.6,7.5,4,4,1.75,5.5,1.25,1.5,58.33,78.57,50.0,0.0,380,1,17,2,1,H
1.71,1.71,1.14,1.86,1.0,1.43,3.0,5.0,39.0,60.75,71.33,85.75,7.5,8.0,2.33,1.33,1.33,2.0,3,4,39.0,60.75,61.0,69.0,33.33,75.0,3,4,312.33,523.25,231.0,448.25,71.38,85.66,0.0,100.0,3,4,8.67,16.75,3.0,5.0,34.62,29.85,15.38,8.96,6.5,11.17,3,4,4.0,2.5,0.67,0.5,85.71,83.33,33.33,50.0,381,2,15,0,1,A
1.57,2.0,1.43,1.71,1.14,1.29,4.25,4.75,51.25,50.5,82.75,85.0,8.17,7.83,2.33,2.33,2.0,2.0,4,4,51.25,50.5,55.0,73.0,75.0,25.0,4,4,433.75,442.75,360.0,380.0,82.72,84.86,50.0,25.0,4,4,14.5,13.25,4.25,4.75,29.31,35.85,6.9,13.21,14.5,7.57,4,4,3.0,1.75,1.0,1.5,75.0,53.85,0.0,0.0,382,4,20,1,3,A
0.14,0.86,0.57,1.29,2.14,1.71,3.75,3.5,62.5,41.75,89.0,79.75,7.83,7.67,0.33,0.33,0.33,1.67,4,4,62.5,41.75,78.0,58.0,75.0,25.0,4,4,601.5,383.75,536.0,313.0,89.0,79.75,100.0,25.0,4,4,12.0,8.75,3.75,3.5,31.25,40.0,2.08,14.29,48.0,7.0,4,4,4.5,3.5,2.0,1.75,69.23,66.67,0.0,0.0,383,7,10,2,3,A
0.57,0.71,0.86,1.0,2.0,2.14,2.0,3.0,35.75,35.25,79.0,75.5,8.0,8.0,0.67,0.33,1.0,1.0,4,4,35.75,35.25,49.0,47.0,0.0,0.0,4,4,313.5,296.0,250.25,223.25,79.14,75.42,25.0,0.0,4,4,6.25,10.75,2.0,3.0,32.0,27.91,8.0,9.3,12.5,10.75,4,4,3.25,3.25,1.75,3.25,65.0,50.0,25.0,0.0,384,18,9,0,2,A
1.67,1.33,1.44,0.89,1.56,0.89,3.5,3.5,49.0,51.5,79.25,84.0,5.62,5.88,2.6,0.5,2.2,0.25,4,4,49.0,51.5,61.0,64.0,25.0,50.0,4,4,404.25,483.0,322.0,407.25,79.38,84.04,0.0,25.0,4,4,10.5,14.75,3.5,3.5,33.33,23.73,11.9,5.08,8.4,19.67,4,4,2.0,1.75,1.75,0.75,53.33,70.0,25.0,50.0,1469,96,91,1,2,A
1.29,1.0,1.43,1.57,1.86,1.57,6.0,6.0,48.33,45.0,80.33,81.33,7.83,7.67,2.25,0.0,2.25,1.0,3,3,48.33,45.0,50.0,48.0,0.0,0.0,3,3,425.33,376.0,343.33,306.67,79.98,81.4,33.33,0.0,3,3,14.33,16.33,6.0,6.0,41.86,36.73,11.63,10.2,8.6,9.8,3,3,2.67,3.33,2.33,1.67,53.33,66.67,33.33,33.33,65,34,31,1,1,D
1.57,1.86,2.14,1.43,1.29,1.43,5.0,2.67,58.33,35.0,89.67,73.67,8.17,7.5,2.33,1.33,3.0,1.33,3,3,58.33,35.0,61.0,44.0,100.0,0.0,3,3,520.33,283.33,466.0,214.0,89.62,73.63,100.0,0.0,3,3,17.67,7.33,5.0,2.67,28.3,36.36,9.43,18.18,10.6,5.5,3,3,2.33,4.0,2.0,0.67,53.85,85.71,0.0,33.33,1069,60,63,1,0,H
1.14,2.43,1.14,2.14,1.43,0.86,5.0,5.67,46.33,50.0,77.0,83.33,7.67,7.83,1.33,2.33,1.33,1.67,3,3,46.33,50.0,53.0,61.0,33.33,66.67,3,3,381.67,401.33,293.33,342.0,76.8,83.44,0.0,66.67,3,3,15.33,12.67,5.0,5.67,32.61,44.74,10.87,13.16,9.2,7.6,3,3,5.67,3.0,1.33,0.33,80.95,90.0,0.0,66.67,385,3,8,2,0,H
2.33,1.5,3.33,2.5,1.17,1.83,7.67,7.0,69.67,62.33,88.67,86.0,8.0,8.4,2.0,1.33,1.5,2.0,3,3,69.67,62.33,71.0,67.0,100.0,100.0,3,3,704.33,564.0,628.33,485.33,88.91,85.94,100.0,66.67,3,3,16.67,16.33,7.67,7.0,46.0,42.86,22.0,14.29,4.55,7.0,3,3,1.0,4.0,1.0,2.33,50.0,63.16,33.33,0.0,749,40,51,4,0,H
1.33,1.0,1.22,0.78,1.33,0.89,3.75,2.0,57.5,58.0,90.0,78.25,6.12,5.75,1.75,1.25,1.75,0.25,4,4,57.5,58.0,61.0,66.0,100.0,75.0,4,4,548.0,407.75,492.75,325.0,89.81,78.25,100.0,25.0,4,4,11.75,7.5,3.75,2.0,31.91,26.67,14.89,10.0,6.71,10.0,4,4,2.75,2.25,1.0,1.0,73.33,69.23,50.0,50.0,1470,93,94,0,1,A
1.0,1.57,0.86,1.0,2.57,0.57,3.5,5.67,44.75,50.0,78.0,79.67,7.83,7.67,2.0,1.5,1.33,1.25,4,3,44.75,50.0,59.0,59.0,50.0,66.67,4,3,350.0,421.0,276.5,338.33,77.97,79.52,0.0,0.0,4,3,11.5,14.0,3.5,5.67,30.43,40.48,2.17,9.52,46.0,10.5,4,3,4.0,2.33,1.75,0.33,69.57,87.5,25.0,66.67,66,39,38,0,2,A
1.86,1.86,1.43,2.0,0.14,1.57,4.0,5.33,58.5,58.0,90.25,88.33,7.67,7.83,1.5,1.0,1.0,1.67,4,3,58.5,58.0,66.0,67.0,75.0,66.67,4,3,567.75,474.0,512.25,419.0,90.26,88.13,100.0,100.0,4,3,11.0,12.33,4.0,5.33,36.36,43.24,13.64,16.22,7.33,6.17,4,3,1.25,1.67,0.0,1.67,100.0,50.0,100.0,0.0,1070,65,59,1,0,H
2.43,1.43,3.0,2.0,0.86,1.71,9.33,5.67,67.67,56.67,91.67,83.67,8.33,7.83,3.0,0.67,4.0,2.33,3,3,67.67,56.67,76.0,60.0,100.0,100.0,3,3,726.33,483.67,668.67,405.33,91.81,83.72,100.0,33.33,3,3,17.67,12.33,9.33,5.67,52.83,45.95,24.53,18.92,4.08,5.29,3,3,2.33,5.33,0.67,2.0,77.78,72.73,33.33,0.0,67,28,32,4,2,H
1.44,2.33,1.78,2.11,1.67,0.67,5.5,7.25,54.5,61.5,85.75,89.75,5.88,5.75,2.0,1.5,1.8,1.25,4,4,54.5,61.5,64.0,66.0,50.0,100.0,4,4,515.5,617.5,443.5,553.75,85.88,89.58,75.0,100.0,4,4,11.25,19.25,5.5,7.25,48.89,37.66,22.22,9.09,4.5,11.0,4,4,2.75,1.75,2.25,0.5,55.0,77.78,0.0,50.0,1471,87,89,1,2,A
1.43,2.29,0.86,2.0,0.57,0.71,2.75,5.33,32.75,53.33,73.0,82.67,7.67,7.5,1.0,1.33,0.0,1.33,4,3,32.75,53.33,38.0,67.0,0.0,66.67,4,3,278.0,448.33,203.75,373.0,73.02,82.64,0.0,33.33,4,3,9.0,19.67,2.75,5.33,30.56,27.12,8.33,8.47,12.0,11.8,4,3,3.25,1.33,0.5,1.33,86.67,50.0,50.0,33.33,1071,73,62,0,1,A
1.56,1.44,1.0,1.22,0.89,1.0,3.4,3.5,46.8,43.5,81.2,71.0,5.62,5.62,1.25,1.6,0.75,1.0,5,4,46.8,43.5,55.0,53.0,40.0,50.0,5,4,385.0,300.75,312.0,217.0,81.11,71.11,0.0,0.0,5,4,11.0,10.0,3.4,3.5,30.91,35.0,5.45,10.0,18.33,10.0,5,3,4.0,2.33,0.8,1.67,83.33,58.33,40.0,0.0,1472,98,97,1,0,H
0.86,1.43,1.0,1.43,2.14,1.71,5.0,4.67,38.0,46.33,79.0,81.0,8.0,7.83,1.0,1.33,1.33,0.67,3,3,38.0,46.33,49.0,52.0,0.0,33.33,3,3,331.33,394.67,264.33,320.67,78.87,80.91,0.0,0.0,3,3,13.67,12.33,5.0,4.67,36.59,37.84,14.63,10.81,6.83,9.25,3,3,4.0,4.67,1.67,2.67,70.59,63.64,33.33,0.0,68,36,23,0,4,A
0.14,2.43,1.29,2.43,3.0,1.14,3.33,6.25,45.0,62.25,79.67,90.75,7.67,7.5,0.0,2.33,1.33,2.0,3,4,45.0,62.25,48.0,75.0,0.0,100.0,3,4,351.33,640.0,279.67,583.0,79.55,90.83,0.0,100.0,3,4,10.67,16.5,3.33,6.25,31.25,37.88,9.38,16.67,10.67,6.0,3,4,3.33,2.5,3.0,0.75,52.63,76.92,0.0,25.0,386,5,14,1,2,A
0.57,1.43,0.71,2.29,1.71,1.86,3.33,5.33,40.0,52.0,80.33,86.0,7.5,7.5,1.5,1.0,1.0,1.5,3,3,40.0,52.0,45.0,58.0,0.0,66.67,3,3,337.67,446.33,271.0,385.0,80.3,86.37,0.0,66.67,3,3,10.67,15.67,3.33,5.33,31.25,34.04,3.12,10.64,32.0,9.4,3,3,5.33,3.0,1.33,2.0,80.0,60.0,33.33,33.33,1072,74,67,0,2,A
0.71,1.43,0.43,1.29,1.71,1.14,4.0,7.0,40.33,61.33,79.67,84.67,7.33,8.0,1.33,0.67,1.0,1.0,3,3,40.33,61.33,47.0,68.0,0.0,100.0,3,3,343.33,482.33,277.33,409.33,79.75,84.73,33.33,33.33,3,3,16.0,15.67,4.0,7.0,25.0,44.68,2.08,6.38,48.0,15.67,3,3,1.67,3.67,2.0,1.0,45.45,78.57,33.33,33.33,1073,76,69,0,6,A
0.33,1.83,1.5,1.0,3.17,0.67,4.0,4.33,42.67,39.0,79.33,73.33,8.2,8.2,0.0,0.67,1.0,0.33,3,3,42.67,39.0,54.0,46.0,33.33,0.0,3,3,371.0,345.67,295.67,254.0,79.45,73.43,0.0,0.0,3,3,11.67,12.0,4.0,4.33,34.29,36.11,8.57,5.56,11.67,18.0,3,3,4.67,2.33,3.67,0.33,56.0,87.5,0.0,66.67,750,57,55,0,2,A
1.89,0.89,1.44,0.56,0.56,1.0,4.75,2.4,51.5,42.0,86.75,75.8,5.88,5.62,2.0,0.8,1.75,0.6,4,5,51.5,42.0,62.0,54.0,50.0,20.0,4,5,543.25,366.0,471.25,279.4,86.7,75.52,75.0,0.0,4,5,13.5,7.8,4.75,2.4,35.19,30.77,11.11,7.69,9.0,13.0,4,5,2.0,3.4,0.5,1.0,80.0,77.27,75.0,20.0,1473,80,86,3,1,H
1.29,1.29,1.29,2.14,1.14,1.0,3.67,4.5,37.33,50.75,76.67,84.5,7.83,8.0,1.33,1.0,1.67,1.25,3,4,37.33,50.75,46.0,58.0,0.0,50.0,3,4,321.67,427.0,250.67,362.0,77.01,84.67,0.0,50.0,3,4,9.33,11.5,3.67,4.5,39.29,39.13,17.86,13.04,5.6,7.67,3,4,4.0,4.0,0.33,1.5,92.31,72.73,66.67,0.0,69,26,27,1,1,D
0.71,0.43,0.86,0.71,1.43,1.86,3.33,4.0,40.0,43.33,77.33,80.0,7.67,7.67,1.0,0.67,1.0,0.67,3,3,40.0,43.33,54.0,54.0,33.33,33.33,3,3,364.0,369.67,285.33,298.67,77.64,80.17,0.0,33.33,3,3,10.0,9.33,3.33,4.0,33.33,42.86,6.67,3.57,15.0,28.0,3,3,2.0,3.67,1.33,2.33,60.0,61.11,33.33,0.0,70,33,21,1,1,D
0.86,2.0,1.29,2.0,2.14,1.43,4.33,3.33,53.67,39.33,84.67,79.0,7.67,8.0,2.0,2.33,1.67,2.33,3,3,53.67,39.33,65.0,53.0,66.67,33.33,3,3,471.33,336.67,400.0,266.67,84.92,78.72,66.67,0.0,3,3,11.67,8.67,4.33,3.33,37.14,38.46,8.57,15.38,11.67,6.5,3,3,3.33,5.67,2.0,1.67,62.5,77.27,0.0,0.0,71,35,30,2,1,H
2.57,2.0,1.86,2.29,0.29,1.14,5.25,6.0,60.25,57.0,86.5,88.33,7.67,7.5,2.0,3.0,1.67,3.33,4,3,60.25,57.0,69.0,63.0,75.0,66.67,4,3,560.0,525.0,485.25,464.67,86.52,88.4,50.0,100.0,4,3,15.5,12.33,5.25,6.0,33.87,48.65,11.29,18.92,8.86,5.29,4,3,2.25,2.33,0.25,1.67,90.0,58.33,75.0,0.0,387,6,13,2,1,H
1.17,1.33,2.17,1.33,2.0,2.0,3.67,3.0,45.0,51.0,74.67,83.5,8.2,8.0,0.33,2.33,1.67,2.67,3,2,45.0,51.0,60.0,55.0,33.33,50.0,3,2,360.33,452.0,274.33,377.0,74.63,83.4,0.0,0.0,3,2,13.67,8.0,3.67,3.0,26.83,37.5,12.2,12.5,8.2,8.0,3,2,5.0,3.0,1.67,1.0,75.0,75.0,33.33,50.0,751,42,43,2,4,A
0.86,1.57,0.71,1.71,1.57,1.57,3.0,5.33,51.67,48.0,78.0,83.67,7.67,7.67,0.5,1.75,0.25,2.0,3,3,51.67,48.0,65.0,58.0,33.33,33.33,3,3,386.0,422.67,303.0,354.67,78.16,83.7,0.0,33.33,3,3,15.0,10.67,3.0,5.33,20.0,50.0,2.22,15.62,45.0,6.4,3,3,2.67,5.0,0.67,1.0,80.0,83.33,33.33,33.33,1074,61,70,3,2,H
1.89,0.89,1.89,0.67,1.89,0.78,4.8,1.0,43.6,44.0,82.8,62.67,5.75,5.88,1.75,0.25,2.5,0.5,5,3,43.6,44.0,46.0,53.0,0.0,33.33,5,3,407.6,272.67,340.8,172.67,83.05,62.69,40.0,0.0,5,3,14.2,12.33,4.8,1.0,33.8,8.11,15.49,2.7,6.45,37.0,5,2,4.0,1.5,1.6,0.5,71.43,75.0,0.0,50.0,1474,83,92,1,1,D
0.57,2.0,1.14,2.29,3.0,1.14,4.0,6.25,47.33,62.0,82.67,88.75,7.67,7.83,1.33,2.25,1.67,2.75,3,4,47.33,62.0,69.0,76.0,33.33,75.0,3,4,406.67,630.5,341.0,563.5,83.0,88.69,33.33,75.0,3,4,8.67,12.5,4.0,6.25,46.15,50.0,7.69,24.0,13.0,4.17,3,4,3.0,2.75,3.33,1.0,47.37,73.33,0.0,25.0,72,25,24,0,5,A
1.43,2.0,1.14,2.29,0.71,1.29,3.67,5.0,60.0,61.0,86.33,89.33,7.83,8.0,2.0,1.67,2.0,2.0,3,3,60.0,61.0,73.0,67.0,66.67,100.0,3,3,515.67,527.0,446.67,470.67,86.26,89.27,66.67,100.0,3,3,16.33,13.67,3.67,5.0,22.45,36.59,2.04,19.51,49.0,5.12,3,3,1.67,3.33,0.67,0.67,71.43,83.33,66.67,66.67,1075,66,72,0,1,A
2.67,1.33,3.11,1.0,1.0,1.11,6.75,6.0,66.25,54.0,87.5,84.0,5.75,5.88,3.0,0.75,3.33,1.0,4,4,66.25,54.0,71.0,60.0,100.0,75.0,4,4,567.5,482.0,496.25,404.25,87.34,83.88,75.0,25.0,4,4,19.0,16.5,6.75,6.0,35.53,36.36,17.11,4.55,5.85,22.0,4,4,1.5,3.5,0.75,1.5,66.67,70.0,25.0,25.0,1475,79,85,5,1,H
1.29,0.57,1.71,0.71,1.71,1.29,2.67,2.0,38.33,54.67,75.67,80.67,7.5,7.83,1.5,0.67,1.75,0.67,3,3,38.33,54.67,42.0,70.0,0.0,66.67,3,3,330.67,451.0,253.33,371.67,75.58,80.49,33.33,33.33,3,3,8.67,6.33,2.67,2.0,30.77,31.58,19.23,10.53,5.2,9.5,3,3,2.33,2.0,1.0,1.0,70.0,66.67,66.67,33.33,1076,71,78,0,3,A
1.43,0.43,1.0,0.71,0.86,1.43,6.0,3.75,42.75,54.0,78.25,81.75,8.0,7.5,0.67,0.33,0.67,1.0,4,4,42.75,54.0,53.0,67.0,50.0,75.0,4,4,373.75,494.5,294.5,405.5,78.13,81.63,0.0,0.0,4,4,14.5,14.25,6.0,3.75,41.38,26.32,6.9,7.02,14.5,14.25,4,4,2.5,3.0,0.5,1.75,83.33,63.16,50.0,0.0,388,19,16,1,0,H
0.67,0.33,0.56,1.0,1.44,1.89,3.0,4.5,48.5,55.75,81.25,83.0,5.5,5.75,1.25,0.0,1.0,0.75,4,4,48.5,55.75,58.0,71.0,50.0,50.0,4,4,425.25,493.5,348.25,411.5,81.26,83.2,25.0,50.0,4,4,10.75,11.0,3.0,4.5,27.91,40.91,6.98,9.09,14.33,11.0,4,4,2.5,4.25,1.75,1.75,58.82,70.83,0.0,0.0,1476,82,84,2,3,A
1.62,1.12,1.25,1.0,1.38,1.62,2.67,3.0,35.0,51.67,73.67,78.0,8.43,8.57,2.25,1.33,1.5,1.33,3,3,35.0,51.67,44.0,65.0,0.0,33.33,3,3,283.33,386.0,214.0,303.0,73.63,78.16,0.0,0.0,3,3,7.33,15.0,2.67,3.0,36.36,20.0,18.18,2.22,5.5,45.0,3,3,4.0,2.67,0.67,0.67,85.71,80.0,33.33,33.33,1077,63,61,2,0,H
1.14,1.29,1.57,1.43,1.71,1.71,5.0,6.67,45.0,49.0,77.5,81.67,9.0,9.0,0.25,1.0,0.5,1.0,2,3,45.0,49.0,54.0,61.0,50.0,33.33,2,3,332.5,480.0,259.0,393.0,77.84,81.59,0.0,0.0,2,3,12.5,14.67,5.0,6.67,40.0,45.45,16.0,11.36,6.25,8.8,2,3,6.0,5.0,2.0,2.0,75.0,71.43,0.0,33.33,752,45,44,1,1,D
1.0,0.75,1.5,0.88,1.5,2.38,6.0,5.0,45.0,38.0,81.33,79.0,8.43,8.71,1.75,0.75,2.0,0.75,3,3,45.0,38.0,48.0,49.0,0.0,0.0,3,3,376.0,331.33,306.67,264.33,81.4,78.87,0.0,0.0,3,3,16.33,13.67,6.0,5.0,36.73,36.59,10.2,14.63,9.8,6.83,3,3,3.33,4.0,1.67,1.67,66.67,70.59,33.33,33.33,73,31,36,1,0,H
1.38,1.12,1.75,1.38,1.75,1.88,5.33,3.0,48.0,48.75,83.67,83.25,8.57,8.14,1.33,0.8,1.33,1.0,3,4,48.0,48.75,58.0,56.0,33.33,50.0,3,4,422.67,417.5,354.67,348.25,83.7,83.41,33.33,25.0,3,4,10.67,13.0,5.33,3.0,50.0,23.08,15.62,5.77,6.4,17.33,3,4,5.0,2.75,1.0,1.75,83.33,61.11,33.33,0.0,1078,70,77,1,0,H
1.12,1.62,1.5,1.0,1.75,0.75,3.5,6.0,41.75,42.75,79.75,78.25,8.57,9.0,1.25,2.0,1.0,1.25,4,4,41.75,42.75,58.0,53.0,25.0,50.0,4,4,383.75,373.75,313.0,294.5,79.75,78.13,25.0,0.0,4,4,8.75,14.5,3.5,6.0,40.0,41.38,14.29,6.9,7.0,14.5,4,4,3.5,2.5,1.75,0.5,66.67,83.33,0.0,50.0,389,10,19,1,3,A
1.0,1.2,1.0,1.0,1.7,1.5,2.8,6.0,42.4,54.0,77.8,84.0,6.22,6.78,1.8,0.6,1.6,1.0,5,4,42.4,54.0,55.0,60.0,20.0,75.0,5,4,344.2,482.0,269.8,404.25,77.81,83.88,0.0,25.0,5,4,10.0,16.5,2.8,6.0,28.0,36.36,10.0,4.55,10.0,22.0,5,4,3.4,3.5,1.0,1.5,77.27,70.0,20.0,25.0,1477,88,85,0,2,A
0.8,1.8,0.8,1.8,2.1,1.8,1.0,4.8,42.25,43.6,83.0,82.8,6.22,6.67,1.0,2.0,0.6,1.4,4,5,42.25,43.6,59.0,46.0,25.0,0.0,4,5,371.5,407.6,310.25,340.8,82.86,83.05,25.0,40.0,4,5,9.0,14.2,1.0,4.8,11.11,33.8,2.78,15.49,36.0,6.45,4,5,3.25,4.0,2.5,1.6,56.52,71.43,50.0,0.0,1478,95,83,1,2,A
2.38,0.62,1.88,0.38,0.62,2.25,5.33,4.0,53.33,40.33,82.67,79.67,8.57,8.43,3.0,0.25,2.5,0.0,3,3,53.33,40.33,67.0,47.0,66.67,0.0,3,3,448.33,343.33,373.0,277.33,82.64,79.75,33.33,33.33,3,3,19.67,16.0,5.33,4.0,27.12,25.0,8.47,2.08,11.8,48.0,3,3,1.33,1.67,1.33,2.0,50.0,45.45,33.33,33.33,1079,62,76,1,0,H
1.0,1.86,1.43,2.0,2.57,1.71,2.0,5.0,54.5,61.33,82.5,88.33,9.0,8.67,1.75,0.33,2.25,0.67,2,3,54.5,61.33,64.0,70.0,50.0,100.0,2,3,450.5,596.67,374.5,528.33,82.9,88.31,0.0,100.0,2,3,13.0,14.0,2.0,5.0,15.38,35.71,7.69,14.29,13.0,7.0,2,3,3.5,1.67,3.0,0.67,53.85,71.43,0.0,66.67,753,50,46,2,1,H
1.29,0.29,2.14,1.29,2.14,3.0,7.0,4.0,62.33,42.67,86.0,79.33,9.0,9.33,1.67,0.67,3.0,2.0,3,3,62.33,42.67,67.0,54.0,100.0,33.33,3,3,564.0,371.0,485.33,295.67,85.94,79.45,66.67,0.0,3,3,16.33,11.67,7.0,4.0,42.86,34.29,14.29,8.57,7.0,11.67,3,3,4.0,4.67,2.33,3.67,63.16,56.0,0.0,0.0,754,51,57,2,1,H
2.43,2.14,1.57,1.71,0.29,1.14,3.33,6.0,56.0,40.0,84.33,76.33,9.0,9.17,2.33,2.0,1.67,1.33,3,3,56.0,40.0,68.0,54.0,66.67,33.33,3,3,533.67,365.0,453.33,279.67,84.23,76.45,33.33,0.0,3,3,12.0,17.0,3.33,6.0,27.78,35.29,11.11,9.8,9.0,10.2,3,3,4.67,1.33,0.67,1.33,87.5,50.0,66.67,0.0,755,52,41,3,1,H
0.57,1.0,0.71,2.14,1.57,2.29,2.0,3.67,61.0,45.0,80.0,74.67,8.67,9.33,0.33,2.0,0.0,2.67,2,3,61.0,45.0,61.0,60.0,100.0,33.33,2,3,568.0,360.33,451.5,274.33,79.53,74.63,0.0,0.0,2,3,9.5,13.67,2.0,3.67,21.05,26.83,0.0,12.2,0.0,8.2,2,3,2.5,5.0,1.5,1.67,62.5,75.0,0.0,33.33,756,56,42,0,0,D
2.5,0.12,2.38,0.75,1.12,2.25,6.25,3.75,62.25,62.5,90.75,89.0,8.43,8.71,2.5,0.0,2.75,0.75,4,4,62.25,62.5,75.0,78.0,100.0,75.0,4,4,640.0,601.5,583.0,536.0,90.83,89.0,100.0,100.0,4,4,16.5,12.0,6.25,3.75,37.88,31.25,16.67,2.08,6.0,48.0,4,4,2.5,4.5,0.75,2.0,76.92,69.23,25.0,0.0,390,14,7,1,0,H
1.88,0.12,1.75,1.25,1.25,2.88,5.0,3.33,60.75,45.0,85.75,79.67,8.57,8.57,2.0,0.25,1.75,1.25,4,3,60.75,45.0,69.0,48.0,75.0,0.0,4,3,523.25,351.33,448.25,279.67,85.66,79.55,100.0,0.0,4,3,16.75,10.67,5.0,3.33,29.85,31.25,8.96,9.38,11.17,10.67,4,3,2.5,3.33,0.5,3.0,83.33,52.63,50.0,0.0,391,15,5,2,2,D
1.25,0.5,1.75,0.75,1.88,2.0,4.75,2.0,41.5,35.75,82.75,79.0,8.71,8.86,2.5,0.5,2.75,0.75,4,4,41.5,35.75,46.0,49.0,0.0,0.0,4,4,396.75,313.5,328.25,250.25,82.73,79.14,50.0,25.0,4,4,11.25,6.25,4.75,2.0,42.22,32.0,13.33,8.0,7.5,12.5,4,4,5.5,3.25,1.5,1.75,78.57,65.0,0.0,25.0,392,17,18,4,3,H
2.12,1.38,1.88,1.25,1.25,1.25,4.75,5.0,50.5,46.33,85.0,77.0,8.57,8.57,1.75,1.0,1.5,1.0,4,3,50.5,46.33,73.0,53.0,25.0,33.33,4,3,442.75,381.67,380.0,293.33,84.86,76.8,25.0,0.0,4,3,13.25,15.33,4.75,5.0,35.85,32.61,13.21,10.87,7.57,9.2,4,3,1.75,5.67,1.5,1.33,53.85,80.95,0.0,0.0,393,20,3,1,1,D
1.3,1.0,1.1,1.3,1.0,1.8,3.5,3.8,43.5,42.2,71.0,72.6,6.56,6.67,1.25,0.6,1.5,1.4,4,5,43.5,42.2,53.0,62.0,50.0,20.0,4,5,300.75,314.4,217.0,229.6,71.11,72.46,0.0,0.0,4,5,10.0,12.6,3.5,3.8,35.0,30.16,10.0,11.11,10.0,9.0,3,5,2.33,2.4,1.67,1.2,58.33,66.67,0.0,40.0,1479,97,90,1,0,H
0.5,0.88,0.75,0.75,1.75,2.5,4.0,3.5,43.33,44.75,80.0,78.0,8.71,8.71,0.25,0.25,0.75,0.5,3,4,43.33,44.75,54.0,59.0,33.33,50.0,3,4,369.67,350.0,298.67,276.5,80.17,77.97,33.33,0.0,3,4,9.33,11.5,4.0,3.5,42.86,30.43,3.57,2.17,28.0,46.0,3,4,3.67,4.0,2.33,1.75,61.11,69.57,0.0,25.0,74,21,39,4,2,H
1.0,1.38,1.12,1.38,1.88,1.38,3.0,4.25,35.25,51.25,75.5,82.75,8.71,9.0,1.0,1.0,1.0,1.0,4,4,35.25,51.25,47.0,55.0,0.0,75.0,4,4,296.0,433.75,223.25,360.0,75.42,82.72,0.0,50.0,4,4,10.75,14.5,3.0,4.25,27.91,29.31,9.3,6.9,10.75,14.5,4,4,3.25,3.0,3.25,1.0,50.0,75.0,0.0,0.0,394,9,4,1,1,D
1.57,2.0,1.71,2.57,2.0,1.86,3.0,9.33,51.0,60.33,83.5,88.33,9.17,9.0,0.33,2.33,0.0,2.67,2,3,51.0,60.33,55.0,63.0,50.0,100.0,2,3,452.0,606.33,377.0,535.67,83.4,88.28,0.0,100.0,2,3,8.0,23.67,3.0,9.33,37.5,39.44,12.5,12.68,8.0,7.89,2,3,3.0,3.33,1.0,2.0,75.0,62.5,50.0,0.0,757,43,48,2,2,D
0.6,1.2,1.2,1.1,1.9,1.3,4.5,3.75,55.75,57.5,83.0,90.0,6.89,6.89,0.6,1.0,1.2,0.8,4,4,55.75,57.5,71.0,61.0,50.0,100.0,4,4,493.5,548.0,411.5,492.75,83.2,89.81,50.0,100.0,4,4,11.0,11.75,4.5,3.75,40.91,31.91,9.09,14.89,11.0,6.71,4,4,4.25,2.75,1.75,1.0,70.83,73.33,0.0,50.0,1480,84,93,1,0,H
1.75,1.25,1.88,1.38,1.5,1.75,3.33,6.0,39.33,48.33,79.0,80.33,8.86,8.57,1.75,0.0,1.75,0.33,3,3,39.33,48.33,53.0,50.0,33.33,0.0,3,3,336.67,425.33,266.67,343.33,78.72,79.98,0.0,33.33,3,3,8.67,14.33,3.33,6.0,38.46,41.86,15.38,11.63,6.5,8.6,3,3,5.67,2.67,1.67,2.33,77.27,53.33,0.0,33.33,75,30,34,1,2,A
1.62,1.12,2.25,1.5,1.62,1.88,5.33,2.67,52.0,38.33,86.0,75.67,8.43,8.86,2.0,1.0,3.33,1.67,3,3,52.0,38.33,58.0,42.0,66.67,0.0,3,3,446.33,330.67,385.0,253.33,86.37,75.58,66.67,33.33,3,3,15.67,8.67,5.33,2.67,34.04,30.77,10.64,19.23,9.4,5.2,3,3,3.0,2.33,2.0,1.0,60.0,70.0,33.33,66.67,1080,67,71,6,1,H
1.75,1.75,1.12,1.62,0.5,1.0,5.67,5.0,50.0,61.75,79.67,87.25,8.43,8.71,1.67,1.75,0.67,1.25,3,4,50.0,61.75,59.0,71.0,66.67,75.0,3,4,421.0,587.25,338.33,514.5,79.52,87.37,0.0,100.0,3,4,14.0,14.5,5.67,5.0,40.48,34.48,9.52,8.62,10.5,11.6,3,4,2.33,2.5,0.33,1.0,87.5,71.43,66.67,50.0,76,38,22,0,2,A
2.4,2.7,2.1,3.3,0.7,1.0,7.25,6.75,61.5,66.25,89.75,87.5,6.67,6.67,3.0,2.5,2.8,3.0,4,4,61.5,66.25,66.0,71.0,100.0,100.0,4,4,617.5,567.5,553.75,496.25,89.58,87.34,100.0,75.0,4,4,19.25,19.0,7.25,6.75,37.66,35.53,9.09,17.11,11.0,5.85,4,4,1.75,1.5,0.5,0.75,77.78,66.67,50.0,25.0,1481,89,79,0,4,A
0.88,1.25,1.38,0.75,1.62,0.62,4.33,2.75,41.33,32.75,81.0,73.0,8.71,8.43,1.0,1.75,1.75,1.5,3,4,41.33,32.75,46.0,38.0,0.0,0.0,3,4,344.67,278.0,281.0,203.75,80.86,73.02,0.0,0.0,3,4,12.0,9.0,4.33,2.75,36.11,30.56,11.11,8.33,9.0,12.0,3,4,5.0,3.25,1.33,0.5,78.95,86.67,0.0,50.0,1081,75,73,1,1,D
0.8,1.3,0.6,1.7,1.2,1.7,2.4,5.5,42.0,54.5,75.8,85.75,6.67,6.78,1.0,0.75,0.5,1.75,5,4,42.0,54.5,54.0,64.0,20.0,50.0,5,4,366.0,515.5,279.4,443.5,75.52,85.88,0.0,75.0,5,4,7.8,11.25,2.4,5.5,30.77,48.89,7.69,22.22,13.0,4.5,5,4,3.4,2.75,1.0,2.25,77.27,55.0,20.0,0.0,1482,86,87,3,0,H
1.62,1.12,1.75,1.38,1.5,2.0,4.67,4.33,46.33,53.67,81.0,84.67,8.71,8.71,1.5,0.0,2.0,1.0,3,3,46.33,53.67,52.0,65.0,33.33,66.67,3,3,394.67,471.33,320.67,400.0,80.91,84.92,0.0,66.67,3,3,12.33,11.67,4.67,4.33,37.84,37.14,10.81,8.57,9.25,11.67,3,3,4.67,3.33,2.67,2.0,63.64,62.5,0.0,0.0,77,23,35,2,2,D
1.0,1.38,1.38,0.88,1.88,1.12,2.75,5.5,42.75,54.0,80.5,86.5,8.43,8.57,0.75,1.25,1.5,1.0,4,4,42.75,54.0,52.0,56.0,25.0,100.0,4,4,370.75,527.75,299.0,457.75,80.56,86.49,0.0,50.0,4,4,13.25,13.25,2.75,5.5,20.75,41.51,9.43,9.43,10.6,10.6,4,4,3.0,1.75,1.5,1.25,66.67,58.33,25.0,50.0,395,12,1,2,1,H
1.75,1.5,2.12,1.0,1.25,1.0,6.0,3.0,57.0,39.0,88.33,71.33,8.43,8.29,1.25,1.25,1.5,1.0,3,3,57.0,39.0,63.0,61.0,66.67,33.33,3,3,525.0,312.33,464.67,231.0,88.4,71.38,100.0,0.0,3,3,12.33,8.67,6.0,3.0,48.65,34.62,18.92,15.38,5.29,6.5,3,3,2.33,4.0,1.67,0.67,58.33,85.71,0.0,33.33,396,13,2,2,1,H
0.38,1.62,0.62,2.25,1.38,1.12,3.75,6.67,54.0,69.0,81.75,87.67,8.71,8.29,0.5,1.0,0.5,1.75,4,3,54.0,69.0,67.0,71.0,75.0,100.0,4,3,494.5,593.33,405.5,520.67,81.63,87.48,0.0,66.67,4,3,14.25,16.0,3.75,6.67,26.32,41.67,7.02,12.5,14.25,8.0,4,3,3.0,1.33,1.75,1.0,63.16,57.14,0.0,33.33,397,16,11,1,0,H
1.62,0.75,1.75,0.88,1.5,2.12,5.33,3.0,58.0,40.33,88.33,78.33,8.57,8.57,2.5,1.0,2.25,0.67,3,3,58.0,40.33,67.0,58.0,66.67,33.33,3,3,474.0,320.0,419.0,252.33,88.13,78.38,100.0,0.0,3,3,12.33,11.67,5.33,3.0,43.24,25.71,16.22,8.57,6.17,11.67,3,3,1.67,2.67,1.67,1.33,50.0,66.67,0.0,33.33,1082,59,64,3,0,H
0.88,0.5,1.0,0.62,1.12,1.75,2.0,3.33,54.67,40.0,80.67,80.33,8.86,8.57,0.5,0.2,0.75,0.6,3,3,54.67,40.0,70.0,45.0,66.67,0.0,3,3,451.0,337.67,371.67,271.0,80.49,80.3,33.33,0.0,3,3,6.33,10.67,2.0,3.33,31.58,31.25,10.53,3.12,9.5,32.0,3,3,2.0,5.33,1.0,1.33,66.67,80.0,33.33,33.33,1083,78,74,2,2,D
0.9,0.6,0.7,0.7,0.8,1.6,1.0,3.0,44.0,48.5,62.67,81.25,6.89,6.78,1.4,0.2,0.8,0.2,3,4,44.0,48.5,53.0,58.0,33.33,50.0,3,4,272.67,425.25,172.67,348.25,62.69,81.26,0.0,25.0,3,4,12.33,10.75,1.0,3.0,8.11,27.91,2.7,6.98,37.0,14.33,2,4,1.5,2.5,0.5,1.75,75.0,58.82,50.0,0.0,1483,92,82,1,1,D
0.14,2.43,1.0,3.43,2.43,1.0,3.67,7.67,40.67,69.67,72.67,88.67,9.17,8.83,0.33,2.5,1.0,4.25,3,3,40.67,69.67,46.0,71.0,0.0,100.0,3,3,343.33,704.33,249.67,628.33,72.63,88.91,0.0,100.0,3,3,12.67,16.67,3.67,7.67,28.95,46.0,2.63,22.0,38.0,4.55,3,3,3.67,1.0,1.67,1.0,68.75,50.0,0.0,33.33,758,53,40,0,5,A
0.5,0.75,1.0,0.88,3.25,1.38,4.0,3.33,47.33,40.0,82.67,77.33,8.57,8.57,1.0,0.33,1.25,0.67,3,3,47.33,40.0,69.0,54.0,33.33,33.33,3,3,406.67,364.0,341.0,285.33,83.0,77.64,33.33,0.0,3,3,8.67,10.0,4.0,3.33,46.15,33.33,7.69,6.67,13.0,15.0,3,3,3.0,2.0,3.33,1.33,47.37,60.0,0.0,33.33,78,25,33,0,3,A
1.25,2.5,2.0,1.75,1.0,0.5,4.5,5.0,50.75,61.33,84.5,84.0,8.71,8.29,1.67,3.0,3.33,2.33,4,3,50.75,61.33,58.0,62.0,50.0,100.0,4,3,427.0,473.0,362.0,398.67,84.67,84.22,50.0,33.33,4,3,11.5,17.33,4.5,5.0,39.13,28.85,13.04,7.69,7.67,13.0,4,3,4.0,2.33,1.5,0.33,72.73,87.5,0.0,66.67,79,27,29,2,1,H
1.25,1.25,2.0,1.25,2.0,1.12,5.67,3.67,56.67,37.33,83.67,76.67,8.57,8.71,2.0,1.25,1.75,1.0,3,3,56.67,37.33,60.0,46.0,100.0,0.0,3,3,483.67,321.67,405.33,250.67,83.72,77.01,33.33,0.0,3,3,12.33,9.33,5.67,3.67,45.95,39.29,18.92,17.86,5.29,5.6,3,3,5.33,4.0,2.0,0.33,72.73,92.31,0.0,66.67,80,32,26,3,1,H
2.12,2.62,1.88,1.88,1.0,0.38,5.67,5.25,50.0,60.25,83.33,86.5,8.71,8.71,2.5,3.0,2.5,2.0,3,4,50.0,60.25,61.0,69.0,66.67,75.0,3,4,401.33,560.0,342.0,485.25,83.44,86.52,66.67,50.0,3,4,12.67,15.5,5.67,5.25,44.74,33.87,13.16,11.29,7.6,8.86,3,4,3.0,2.25,0.33,0.25,90.0,90.0,66.67,75.0,398,8,6,2,2,D
2.12,2.0,2.12,1.38,1.12,0.12,5.0,4.0,61.0,58.5,89.33,90.25,9.0,8.43,2.25,2.33,2.5,2.0,3,4,61.0,58.5,67.0,66.0,100.0,75.0,3,4,527.0,567.75,470.67,512.25,89.27,90.26,100.0,100.0,3,4,13.67,11.0,5.0,4.0,36.59,36.36,19.51,13.64,5.12,7.33,3,4,3.33,1.25,0.67,0.0,83.33,100.0,66.67,100.0,1084,72,65,4,4,D
2.0,1.86,1.14,2.14,0.57,1.57,4.33,5.0,39.0,40.0,73.33,82.67,9.33,8.83,3.0,1.5,1.67,1.75,3,3,39.0,40.0,46.0,50.0,0.0,0.0,3,3,345.67,367.33,254.0,304.33,73.43,82.55,0.0,33.33,3,3,12.0,13.0,4.33,5.0,36.11,38.46,5.56,12.82,18.0,7.8,3,3,2.33,2.67,0.33,1.33,87.5,66.67,66.67,0.0,759,55,49,1,1,D
1.5,2.0,1.0,1.6,0.9,0.6,3.5,4.75,51.5,51.5,84.0,86.75,6.56,6.67,2.0,1.8,1.4,1.2,4,4,51.5,51.5,64.0,62.0,50.0,50.0,4,4,483.0,543.25,407.25,471.25,84.04,86.7,25.0,75.0,4,4,14.75,13.5,3.5,4.75,23.73,35.19,5.08,11.11,19.67,9.0,4,4,1.75,2.0,0.75,0.5,70.0,80.0,50.0,75.0,1484,91,80,1,0,H
1.29,1.0,1.71,1.86,1.57,2.43,5.0,5.33,38.0,48.33,74.67,84.33,8.83,9.17,1.0,0.33,1.33,1.0,3,3,38.0,48.33,39.0,55.0,0.0,33.33,3,3,330.33,437.67,246.67,369.0,74.72,84.33,0.0,0.0,3,3,10.33,15.67,5.0,5.33,48.39,34.04,25.81,10.64,3.88,9.4,3,3,1.67,3.67,1.33,3.0,55.56,55.0,66.67,0.0,760,54,47,0,0,D
2.12,2.5,2.62,3.12,1.0,1.0,6.25,9.33,62.0,67.67,88.75,91.67,9.0,9.0,1.67,2.0,1.67,2.25,4,3,62.0,67.67,76.0,76.0,75.0,100.0,4,3,630.5,726.33,563.5,668.67,88.69,91.81,75.0,100.0,4,3,12.5,17.67,6.25,9.33,50.0,52.83,24.0,24.53,4.17,4.08,4,3,2.75,2.33,1.0,0.67,73.33,77.78,25.0,33.33,81,24,28,0,3,A
1.62,1.25,1.88,1.0,1.0,0.75,7.0,3.67,61.33,60.0,84.67,86.33,8.71,8.71,2.0,1.0,1.5,0.5,3,3,61.33,60.0,68.0,73.0,100.0,66.67,3,3,482.33,515.67,409.33,446.67,84.73,86.26,33.33,66.67,3,3,15.67,16.33,7.0,3.67,44.68,22.45,6.38,2.04,15.67,49.0,3,3,3.67,1.67,1.0,0.67,78.57,71.43,33.33,66.67,1085,69,66,5,1,H
1.2,1.5,0.8,1.4,0.8,1.6,2.0,3.5,58.0,49.0,78.25,79.25,6.44,6.56,0.8,0.5,1.2,0.5,4,4,58.0,49.0,66.0,61.0,75.0,25.0,4,4,407.75,404.25,325.0,322.0,78.25,79.38,25.0,0.0,4,4,7.5,10.5,2.0,3.5,26.67,33.33,10.0,11.9,10.0,8.4,4,4,2.25,2.0,1.0,1.75,69.23,53.33,50.0,25.0,1485,94,96,0,2,A
1.7,1.7,1.0,1.7,0.8,1.1,3.4,2.75,46.8,52.0,81.2,81.0,6.67,6.89,1.6,1.5,0.8,1.75,5,4,46.8,52.0,55.0,69.0,40.0,75.0,5,4,385.0,435.0,312.0,355.75,81.11,81.12,0.0,25.0,5,4,11.0,9.0,3.4,2.75,30.91,30.56,5.45,8.33,18.33,12.0,5,4,4.0,1.25,0.8,1.0,83.33,55.56,40.0,25.0,1486,98,81,0,0,D
1.0,1.12,0.89,1.12,1.67,1.38,3.0,4.0,51.67,64.75,78.0,85.75,8.12,8.43,1.0,1.25,0.8,1.5,3,4,51.67,64.75,65.0,74.0,33.33,100.0,3,4,386.0,542.25,303.0,464.5,78.16,85.64,0.0,50.0,3,4,15.0,14.5,3.0,4.0,20.0,27.59,2.22,6.9,45.0,14.5,3,4,2.67,1.75,0.67,1.75,80.0,50.0,33.33,0.0,1086,61,68,0,2,A
0.56,1.0,0.33,1.44,2.11,2.33,4.0,2.67,40.33,38.33,79.67,75.67,8.12,8.38,1.0,0.75,0.75,1.5,3,3,40.33,38.33,47.0,42.0,0.0,0.0,3,3,343.33,330.67,277.33,253.33,79.75,75.58,33.33,33.33,3,3,16.0,8.67,4.0,2.67,25.0,30.77,2.08,19.23,48.0,5.2,3,3,1.67,2.33,2.0,1.0,45.45,70.0,33.33,66.67,1087,76,71,1,0,H
1.75,2.44,2.0,1.78,1.12,0.56,5.0,5.33,58.33,53.33,89.67,82.67,8.71,8.25,2.5,1.75,2.5,1.25,3,3,58.33,53.33,61.0,67.0,100.0,66.67,3,3,520.33,448.33,466.0,373.0,89.62,82.64,100.0,33.33,3,3,17.67,19.67,5.0,5.33,28.3,27.12,9.43,8.47,10.6,11.8,3,3,2.33,1.33,2.0,1.33,53.85,50.0,0.0,33.33,1088,60,62,0,2,A
1.22,2.0,0.78,2.33,0.67,1.44,2.75,5.0,32.75,61.0,73.0,89.33,8.25,8.62,0.75,2.0,0.0,1.75,4,3,32.75,61.0,38.0,67.0,0.0,100.0,4,3,278.0,527.0,203.75,470.67,73.02,89.27,0.0,100.0,4,3,9.0,13.67,2.75,5.0,30.56,36.59,8.33,19.51,12.0,5.12,4,3,3.25,3.33,0.5,0.67,86.67,83.33,50.0,66.67,1089,73,72,0,3,A
0.56,1.78,0.78,1.33,1.78,1.22,3.33,2.67,40.0,35.0,80.33,73.67,8.38,8.12,1.0,1.0,0.67,1.0,3,3,40.0,35.0,45.0,44.0,0.0,0.0,3,3,337.67,283.33,271.0,214.0,80.3,73.63,0.0,0.0,3,3,10.67,7.33,3.33,2.67,31.25,36.36,3.12,18.18,32.0,5.5,3,3,5.33,4.0,1.33,0.67,80.0,85.71,33.33,33.33,1090,74,63,3,2,H
1.89,0.89,1.67,1.33,0.56,1.56,4.0,4.33,58.5,41.33,90.25,81.0,8.25,8.5,1.8,0.75,1.0,1.0,4,3,58.5,41.33,66.0,46.0,75.0,0.0,4,3,567.75,344.67,512.25,281.0,90.26,80.86,100.0,0.0,4,3,11.0,12.0,4.0,4.33,36.36,36.11,13.64,11.11,7.33,9.0,4,3,1.25,5.0,0.0,1.33,100.0,78.95,100.0,0.0,1091,65,75,2,2,D
1.78,0.89,2.67,1.11,1.56,1.22,5.33,2.0,52.0,54.67,86.0,80.67,8.12,8.38,2.25,1.25,4.0,1.25,3,3,52.0,54.67,58.0,70.0,66.67,66.67,3,3,446.33,451.0,385.0,371.67,86.37,80.49,66.67,33.33,3,3,15.67,6.33,5.33,2.0,34.04,31.58,10.64,10.53,9.4,9.5,3,3,3.0,2.0,2.0,1.0,60.0,66.67,33.33,33.33,1092,67,78,2,0,H
0.67,1.78,0.78,2.22,2.22,1.0,3.0,7.0,40.33,61.33,78.33,84.67,8.5,8.5,0.6,1.25,1.0,2.25,3,3,40.33,61.33,58.0,68.0,33.33,100.0,3,3,320.0,482.33,252.33,409.33,78.38,84.73,0.0,33.33,3,3,11.67,15.67,3.0,7.0,25.71,44.68,8.57,6.38,11.67,15.67,3,3,2.67,3.67,1.33,1.0,66.67,78.57,33.33,33.33,1093,64,69,0,1,A
1.11,1.56,1.0,1.67,1.22,1.56,3.67,5.33,60.0,48.0,86.33,83.67,8.5,8.12,1.5,1.4,1.5,2.0,3,3,60.0,48.0,73.0,58.0,66.67,33.33,3,3,515.67,422.67,446.67,354.67,86.26,83.7,66.67,33.33,3,3,16.33,10.67,3.67,5.33,22.45,50.0,2.04,15.62,49.0,6.4,3,3,1.67,5.0,0.67,1.0,71.43,83.33,66.67,33.33,1094,66,70,1,0,H
1.0,1.78,1.22,1.89,1.78,1.33,3.0,5.33,48.75,58.0,83.25,88.33,7.88,8.38,1.67,0.75,2.0,1.25,4,3,48.75,58.0,56.0,67.0,50.0,66.67,4,3,417.5,474.0,348.25,419.0,83.41,88.13,25.0,100.0,4,3,13.0,12.33,3.0,5.33,23.08,43.24,5.77,16.22,17.33,6.17,4,3,2.75,1.67,1.75,1.67,61.11,50.0,0.0,0.0,1095,77,59,1,5,A
2.22,0.78,1.67,1.11,0.67,1.78,5.0,4.0,61.33,43.33,84.0,80.0,8.25,8.38,2.2,0.75,1.4,0.75,3,3,61.33,43.33,62.0,54.0,100.0,33.33,3,3,473.0,369.67,398.67,298.67,84.22,80.17,33.33,33.33,3,3,17.33,9.33,5.0,4.0,28.85,42.86,7.69,3.57,13.0,28.0,3,3,2.33,3.67,0.33,2.33,87.5,61.11,66.67,0.0,82,29,21,0,1,A
1.88,1.5,2.5,2.12,1.88,2.0,9.33,7.0,60.33,62.33,88.33,86.0,8.71,8.57,1.75,1.0,2.5,1.5,3,3,60.33,62.33,63.0,67.0,100.0,100.0,3,3,606.33,564.0,535.67,485.33,88.28,85.94,100.0,66.67,3,3,23.67,16.33,9.33,7.0,39.44,42.86,12.68,14.29,7.89,7.0,3,3,3.33,4.0,2.0,2.33,62.5,63.16,0.0,0.0,761,48,51,0,0,D
1.89,1.56,1.67,1.78,0.89,1.56,5.0,4.67,61.75,46.33,87.25,81.0,8.62,8.5,1.75,1.75,2.0,1.5,4,3,61.75,46.33,71.0,52.0,75.0,33.33,4,3,587.25,394.67,514.5,320.67,87.37,80.91,100.0,0.0,4,3,14.5,12.33,5.0,4.67,34.48,37.84,8.62,10.81,11.6,9.25,4,3,2.5,4.67,1.0,2.67,71.43,63.64,50.0,0.0,83,22,23,1,1,D
1.0,1.7,1.2,0.9,1.7,0.7,3.8,3.4,42.2,46.8,72.6,81.2,6.7,6.8,1.4,1.8,1.2,1.2,5,5,42.2,46.8,62.0,55.0,20.0,40.0,5,5,314.4,385.0,229.6,312.0,72.46,81.11,0.0,0.0,5,5,12.6,11.0,3.8,3.4,30.16,30.91,11.11,5.45,9.0,18.33,5,5,2.4,4.0,1.2,0.8,66.67,83.33,40.0,40.0,1487,90,98,1,0,H
1.33,2.0,1.0,1.89,1.11,1.11,3.0,5.67,39.0,50.0,71.33,83.33,8.12,8.5,1.75,1.75,1.0,1.25,3,3,39.0,50.0,61.0,61.0,33.33,66.67,3,3,312.33,401.33,231.0,342.0,71.38,83.44,0.0,66.67,3,3,8.67,12.67,3.0,5.67,34.62,44.74,15.38,13.16,6.5,7.6,3,3,4.0,3.0,0.67,0.33,85.71,90.0,33.33,66.67,399,2,8,1,0,H
1.7,0.5,1.5,0.8,1.5,2.3,3.5,1.0,49.0,42.25,79.25,83.0,6.7,6.3,2.17,0.6,2.0,1.0,4,4,49.0,42.25,61.0,59.0,25.0,25.0,4,4,404.25,371.5,322.0,310.25,79.38,82.86,0.0,25.0,4,4,10.5,9.0,3.5,1.0,33.33,11.11,11.9,2.78,8.4,36.0,4,4,2.0,3.25,1.75,2.5,53.33,56.52,25.0,50.0,1488,96,95,1,0,H
1.33,0.8,1.22,0.4,1.22,1.9,4.0,4.0,64.75,40.33,85.75,79.67,8.62,7.56,1.0,0.2,0.75,0.0,4,3,64.75,40.33,74.0,47.0,100.0,0.0,4,3,542.25,343.33,464.5,277.33,85.64,79.75,50.0,33.33,4,3,14.5,16.0,4.0,4.0,27.59,25.0,6.9,2.08,14.5,48.0,4,3,1.75,1.67,1.75,2.0,50.0,45.45,0.0,33.33,1096,68,76,1,0,H
2.5,1.88,3.62,1.12,0.88,0.62,7.67,4.33,69.67,39.0,88.67,73.33,8.57,9.0,2.33,1.25,2.33,0.75,3,3,69.67,39.0,71.0,46.0,100.0,0.0,3,3,704.33,345.67,628.33,254.0,88.91,73.43,100.0,0.0,3,3,16.67,12.0,7.67,4.33,46.0,36.11,22.0,5.56,4.55,18.0,3,3,1.0,2.33,1.0,0.33,50.0,87.5,33.33,66.67,762,40,55,3,0,H
1.0,1.25,1.88,1.5,2.0,2.38,3.67,2.0,45.0,54.5,74.67,82.5,8.71,8.71,0.25,0.0,1.75,0.33,3,2,45.0,54.5,60.0,64.0,33.33,50.0,3,2,360.33,450.5,274.33,374.5,74.63,82.9,0.0,0.0,3,2,13.67,13.0,3.67,2.0,26.83,15.38,12.2,7.69,8.2,13.0,3,2,5.0,3.5,1.67,3.0,75.0,53.85,33.33,0.0,763,42,50,1,1,D
1.0,0.62,1.62,0.62,2.12,1.38,5.33,2.0,48.33,61.0,84.33,80.0,9.0,8.43,1.5,0.75,2.5,1.25,3,2,48.33,61.0,55.0,61.0,33.33,100.0,3,2,437.67,568.0,369.0,451.5,84.33,79.53,0.0,0.0,3,2,15.67,9.5,5.33,2.0,34.04,21.05,10.64,0.0,9.4,0.0,3,2,3.67,2.5,3.0,1.5,55.0,62.5,0.0,0.0,764,47,56,0,2,A
1.75,0.12,2.0,0.88,1.5,2.75,5.0,3.67,40.0,40.67,82.67,72.67,8.71,9.0,2.33,0.0,2.67,1.0,3,3,40.0,40.67,50.0,46.0,0.0,0.0,3,3,367.33,343.33,304.33,249.67,82.55,72.63,33.33,0.0,3,3,13.0,12.67,5.0,3.67,38.46,28.95,12.82,2.63,7.8,38.0,3,3,2.67,3.67,1.33,1.67,66.67,68.75,0.0,0.0,765,49,53,7,2,H
0.25,1.25,1.25,1.5,2.88,1.38,4.0,5.0,42.67,38.0,79.33,74.67,8.86,8.71,0.0,1.5,0.75,2.0,3,3,42.67,38.0,54.0,39.0,33.33,0.0,3,3,371.0,330.33,295.67,246.67,79.45,74.72,0.0,0.0,3,3,11.67,10.33,4.0,5.0,34.29,48.39,8.57,25.81,11.67,3.88,3,3,4.67,1.67,3.67,1.33,56.0,55.56,0.0,66.67,766,57,54,1,0,H
1.33,2.56,1.22,2.22,1.22,1.0,5.0,6.25,46.33,62.25,77.0,90.75,8.25,8.12,1.75,2.5,1.5,2.0,3,4,46.33,62.25,53.0,75.0,33.33,100.0,3,4,381.67,640.0,293.33,583.0,76.8,90.83,0.0,100.0,3,4,15.33,16.5,5.0,6.25,32.61,37.88,10.87,16.67,9.2,6.0,3,4,5.67,2.5,1.33,0.75,80.95,76.92,0.0,25.0,400,3,14,2,1,H
2.44,1.78,1.89,1.78,0.56,1.33,5.25,5.0,60.25,60.75,86.5,85.75,8.5,8.38,2.25,1.75,1.75,1.75,4,4,60.25,60.75,69.0,69.0,75.0,75.0,4,4,560.0,523.25,485.25,448.25,86.52,85.66,50.0,100.0,4,4,15.5,16.75,5.25,5.0,33.87,29.85,11.29,8.96,8.86,11.17,4,4,2.25,2.5,0.25,0.5,90.0,83.33,75.0,50.0,401,6,15,2,1,H
0.11,1.0,0.67,1.11,2.11,1.78,3.75,3.0,62.5,35.25,89.0,75.5,8.5,8.5,0.25,1.0,0.75,1.25,4,4,62.5,35.25,78.0,47.0,75.0,0.0,4,4,601.5,296.0,536.0,223.25,89.0,75.42,100.0,0.0,4,4,12.0,10.75,3.75,3.0,31.25,27.91,2.08,9.3,48.0,10.75,4,4,4.5,3.25,2.0,3.25,69.23,50.0,0.0,0.0,402,7,9,1,0,H
0.44,1.0,1.0,1.44,2.22,1.89,2.0,3.5,35.75,41.75,79.0,79.75,8.62,8.25,0.5,1.0,0.75,2.0,4,4,35.75,41.75,49.0,58.0,0.0,25.0,4,4,313.5,383.75,250.25,313.0,79.14,79.75,25.0,25.0,4,4,6.25,8.75,2.0,3.5,32.0,40.0,8.0,14.29,12.5,7.0,4,4,3.25,3.5,1.75,1.75,65.0,66.67,25.0,0.0,403,18,10,1,1,D
1.78,1.22,1.22,1.44,0.78,1.78,6.0,2.75,42.75,42.75,78.25,80.5,8.38,8.38,1.25,1.25,0.75,1.25,4,4,42.75,42.75,53.0,52.0,50.0,25.0,4,4,373.75,370.75,294.5,299.0,78.13,80.56,0.0,0.0,4,4,14.5,13.25,6.0,2.75,41.38,20.75,6.9,9.43,14.5,10.6,4,4,2.5,3.0,0.5,1.5,83.33,66.67,50.0,25.0,404,19,12,3,0,H
1.1,1.0,1.0,0.8,1.3,1.1,3.75,2.4,57.5,42.0,90.0,75.8,6.9,6.6,1.4,0.67,1.4,0.67,4,5,57.5,42.0,61.0,54.0,100.0,20.0,4,5,548.0,366.0,492.75,279.4,89.81,75.52,100.0,0.0,4,5,11.75,7.8,3.75,2.4,31.91,30.77,14.89,7.69,6.71,13.0,4,5,2.75,3.4,1.0,1.0,73.33,77.27,50.0,20.0,1489,93,86,4,3,H
2.56,1.56,3.11,1.0,0.89,0.67,9.33,5.67,67.67,50.0,91.67,79.67,8.88,8.25,3.0,1.8,4.0,1.4,3,3,67.67,50.0,76.0,59.0,100.0,66.67,3,3,726.33,421.0,668.67,338.33,91.81,79.52,100.0,0.0,3,3,17.67,14.0,9.33,5.67,52.83,40.48,24.53,9.52,4.08,10.5,3,3,2.33,2.33,0.67,0.33,77.78,87.5,33.33,66.67,84,28,38,1,0,H
1.6,1.8,1.4,1.7,1.4,0.7,2.67,4.0,35.0,58.5,73.67,90.25,7.78,7.67,2.4,2.0,1.6,2.5,3,4,35.0,58.5,44.0,66.0,0.0,75.0,3,4,283.33,567.75,214.0,512.25,73.63,90.26,0.0,100.0,3,4,7.33,11.0,2.67,4.0,36.36,36.36,18.18,13.64,5.5,7.33,3,4,4.0,1.25,0.67,0.0,85.71,100.0,33.33,100.0,1097,63,65,0,2,A
0.22,0.67,1.33,0.67,2.78,1.22,3.33,3.75,45.0,54.0,79.67,81.75,8.25,8.25,0.0,0.25,1.25,0.75,3,4,45.0,54.0,48.0,67.0,0.0,75.0,3,4,351.33,494.5,279.67,405.5,79.55,81.63,0.0,0.0,3,4,10.67,14.25,3.33,3.75,31.25,26.32,9.38,7.02,10.67,14.25,3,4,3.33,3.0,3.0,1.75,52.63,63.16,0.0,0.0,405,5,16,2,2,D
1.62,2.5,1.88,1.75,1.75,0.38,5.0,3.33,61.33,56.0,88.33,84.33,8.43,8.71,3.0,2.5,3.0,1.5,3,3,61.33,56.0,70.0,68.0,100.0,66.67,3,3,596.67,533.67,528.33,453.33,88.31,84.23,100.0,33.33,3,3,14.0,12.0,5.0,3.33,35.71,27.78,14.29,11.11,7.0,9.0,3,3,1.67,4.67,0.67,0.67,71.43,87.5,66.67,66.67,767,46,52,2,1,H
1.44,1.44,1.44,2.0,1.67,1.0,6.0,4.5,48.33,50.75,80.33,84.5,8.38,8.5,2.0,1.0,2.0,1.2,3,4,48.33,50.75,50.0,58.0,0.0,50.0,3,4,425.33,427.0,343.33,362.0,79.98,84.67,33.33,50.0,3,4,14.33,11.5,6.0,4.5,41.86,39.13,11.63,13.04,8.6,7.67,3,4,2.67,4.0,2.33,1.5,53.33,72.73,33.33,0.0,85,34,27,0,1,A
0.8,1.56,1.0,1.78,1.3,1.22,2.0,5.0,54.67,58.33,80.67,89.67,7.78,8.88,0.6,1.0,1.0,1.5,3,3,54.67,58.33,70.0,61.0,66.67,100.0,3,3,451.0,520.33,371.67,466.0,80.49,89.62,33.33,100.0,3,3,6.33,17.67,2.0,5.0,31.58,28.3,10.53,9.43,9.5,10.6,3,3,2.0,2.33,1.0,2.0,66.67,53.85,33.33,0.0,1098,78,60,0,1,A
0.78,1.44,0.89,2.11,2.67,1.89,3.5,5.67,44.75,56.67,78.0,83.67,8.38,8.38,1.5,0.5,1.0,2.25,4,3,44.75,56.67,59.0,60.0,50.0,100.0,4,3,350.0,483.67,276.5,405.33,77.97,83.72,0.0,33.33,4,3,11.5,12.33,3.5,5.67,30.43,45.95,2.17,18.92,46.0,5.29,4,3,4.0,5.33,1.75,2.0,69.57,72.73,25.0,0.0,86,39,32,2,0,H
2.5,1.9,1.8,2.6,0.5,1.4,5.33,5.33,53.33,52.0,82.67,86.0,7.67,7.67,3.0,1.4,2.2,1.6,3,3,53.33,52.0,67.0,58.0,66.67,66.67,3,3,448.33,446.33,373.0,385.0,82.64,86.37,33.33,66.67,3,3,19.67,15.67,5.33,5.33,27.12,34.04,8.47,10.64,11.8,9.4,3,3,1.33,3.0,1.33,2.0,50.0,60.0,33.33,33.33,1099,62,67,0,3,A
1.9,0.8,1.4,1.1,0.5,1.7,4.75,4.5,51.5,55.75,86.75,83.0,6.7,6.6,2.2,0.6,2.0,1.2,4,4,51.5,55.75,62.0,71.0,50.0,50.0,4,4,543.25,493.5,471.25,411.5,86.7,83.2,75.0,50.0,4,4,13.5,11.0,4.75,4.5,35.19,40.91,11.11,9.09,9.0,11.0,4,4,2.0,4.25,0.5,1.75,80.0,70.83,75.0,0.0,1490,80,84,2,0,H
1.0,1.56,1.11,1.78,1.22,1.56,3.33,3.33,40.0,39.33,77.33,79.0,8.38,8.5,1.0,1.75,1.0,2.0,3,3,40.0,39.33,54.0,53.0,33.33,33.33,3,3,364.0,336.67,285.33,266.67,77.64,78.72,0.0,0.0,3,3,10.0,8.67,3.33,3.33,33.33,38.46,6.67,15.38,15.0,6.5,3,3,2.0,5.67,1.33,1.67,60.0,77.27,33.33,0.0,87,33,30,1,0,H
1.44,2.0,2.0,1.78,1.11,1.22,6.67,4.75,69.0,50.5,87.67,85.0,8.25,8.38,2.25,2.5,2.75,2.25,3,4,69.0,50.5,71.0,73.0,100.0,25.0,3,4,593.33,442.75,520.67,380.0,87.48,84.86,66.67,25.0,3,4,16.0,13.25,6.67,4.75,41.67,35.85,12.5,13.21,8.0,7.57,3,4,1.33,1.75,1.0,1.5,57.14,53.85,33.33,0.0,406,11,20,4,1,H
1.4,1.9,1.5,2.1,1.5,0.9,5.33,7.0,48.0,61.33,83.67,84.67,7.89,7.89,1.75,1.6,1.25,2.0,3,3,48.0,61.33,58.0,68.0,33.33,100.0,3,3,422.67,482.33,354.67,409.33,83.7,84.73,33.33,33.33,3,3,10.67,15.67,5.33,7.0,50.0,44.68,15.62,6.38,6.4,15.67,3,3,5.0,3.67,1.0,1.0,83.33,78.57,33.33,33.33,1100,70,69,0,1,A
1.88,1.12,1.62,1.5,1.38,1.62,6.0,5.0,40.0,45.0,76.33,77.5,8.86,8.57,2.25,2.33,2.0,3.0,3,2,40.0,45.0,54.0,54.0,33.33,50.0,3,2,365.0,332.5,279.67,259.0,76.45,77.84,0.0,0.0,3,2,17.0,12.5,6.0,5.0,35.29,40.0,9.8,16.0,10.2,6.25,3,2,1.33,6.0,1.33,2.0,50.0,75.0,0.0,0.0,768,41,45,0,0,D
2.7,1.0,3.5,1.0,0.9,1.8,6.75,2.8,66.25,42.4,87.5,77.8,6.6,6.2,3.0,0.2,3.75,0.4,4,5,66.25,42.4,71.0,55.0,100.0,20.0,4,5,567.5,344.2,496.25,269.8,87.34,77.81,75.0,0.0,4,5,19.0,10.0,6.75,2.8,35.53,28.0,17.11,10.0,5.85,10.0,4,5,1.5,3.4,0.75,1.0,66.67,77.27,25.0,20.0,1491,79,88,3,1,H
1.11,1.22,1.44,1.44,2.0,1.33,4.33,6.0,53.67,45.0,84.67,81.33,8.38,8.12,2.25,0.25,1.75,1.0,3,3,53.67,45.0,65.0,48.0,66.67,0.0,3,3,471.33,376.0,400.0,306.67,84.92,81.4,66.67,0.0,3,3,11.67,16.33,4.33,6.0,37.14,36.73,8.57,10.2,11.67,9.8,3,3,3.33,3.33,2.0,1.67,62.5,66.67,0.0,33.33,88,35,31,4,0,H
0.67,0.44,0.78,0.89,2.22,3.22,5.0,4.0,38.0,47.33,79.0,82.67,8.25,8.25,0.75,0.0,1.0,0.75,3,3,38.0,47.33,49.0,69.0,0.0,33.33,3,3,331.33,406.67,264.33,341.0,78.87,83.0,0.0,33.33,3,3,13.67,8.67,5.0,4.0,36.59,46.15,14.63,7.69,6.83,13.0,3,3,4.0,3.0,1.67,3.33,70.59,47.37,33.33,0.0,89,36,25,1,0,H
1.22,1.89,0.89,2.11,1.22,1.22,5.5,6.0,54.0,57.0,86.5,88.33,8.38,8.12,1.5,2.25,0.75,2.75,4,3,54.0,57.0,56.0,63.0,100.0,66.67,4,3,527.75,525.0,457.75,464.67,86.49,88.4,50.0,100.0,4,3,13.25,12.33,5.5,6.0,41.51,48.65,9.43,18.92,10.6,5.29,4,3,1.75,2.33,1.25,1.67,58.33,58.33,50.0,0.0,407,1,13,1,1,D
1.25,1.5,1.38,1.75,1.62,2.0,6.67,3.0,49.0,51.0,81.67,83.5,8.57,8.71,1.5,2.5,1.75,3.0,3,2,49.0,51.0,61.0,55.0,33.33,50.0,3,2,480.0,452.0,393.0,377.0,81.59,83.4,0.0,0.0,3,2,14.67,8.0,6.67,3.0,45.45,37.5,11.36,12.5,8.8,8.0,3,2,5.0,3.0,2.0,1.0,71.43,75.0,33.33,50.0,769,44,43,4,1,H
0.9,1.3,1.3,1.0,2.2,1.1,2.67,3.67,38.33,60.0,75.67,86.33,7.67,8.0,1.2,0.8,1.4,0.6,3,3,38.33,60.0,42.0,73.0,0.0,66.67,3,3,330.67,515.67,253.33,446.67,75.58,86.26,33.33,66.67,3,3,8.67,16.33,2.67,3.67,30.77,22.45,19.23,2.04,5.2,49.0,3,3,2.33,1.67,1.0,0.67,70.0,71.43,66.67,66.67,1101,71,66,3,2,H
1.4,1.2,1.0,0.7,1.3,0.8,6.0,2.0,54.0,58.0,84.0,78.25,6.6,6.6,1.8,1.6,1.0,0.4,4,4,54.0,58.0,60.0,66.0,75.0,75.0,4,4,482.0,407.75,404.25,325.0,83.88,78.25,25.0,25.0,4,4,16.5,7.5,6.0,2.0,36.36,26.67,4.55,10.0,22.0,10.0,4,4,3.5,2.25,1.5,1.0,70.0,69.23,25.0,50.0,1492,85,94,0,2,A
1.11,1.89,1.22,2.33,1.33,1.22,3.67,6.25,37.33,62.0,76.67,88.75,8.5,8.75,1.25,2.4,1.5,3.2,3,4,37.33,62.0,46.0,76.0,0.0,75.0,3,4,321.67,630.5,250.67,563.5,77.01,88.69,0.0,75.0,3,4,9.33,12.5,3.67,6.25,39.29,50.0,17.86,24.0,5.6,4.17,3,4,4.0,2.75,0.33,1.0,92.31,73.33,66.67,25.0,90,26,24,1,2,A
2.1,0.8,2.4,1.0,1.3,1.8,5.0,3.33,61.0,40.0,89.33,80.33,8.0,7.78,2.0,0.33,2.8,0.83,3,3,61.0,40.0,67.0,45.0,100.0,0.0,3,3,527.0,337.67,470.67,271.0,89.27,80.3,100.0,0.0,3,3,13.67,10.67,5.0,3.33,36.59,31.25,19.51,3.12,5.12,32.0,3,3,3.33,5.33,0.67,1.33,83.33,80.0,66.67,33.33,1102,72,74,1,0,H
1.7,1.7,1.6,1.0,1.0,0.8,2.75,3.5,52.0,51.5,81.0,84.0,7.1,6.7,1.83,1.0,1.67,0.6,4,4,52.0,51.5,69.0,64.0,75.0,50.0,4,4,435.0,483.0,355.75,407.25,81.12,84.04,25.0,25.0,4,4,9.0,14.75,2.75,3.5,30.56,23.73,8.33,5.08,12.0,19.67,4,4,1.25,1.75,1.0,0.75,55.56,70.0,25.0,50.0,1493,81,91,1,1,D
1.1,0.9,0.7,1.2,0.9,2.1,2.75,3.0,32.75,48.75,73.0,83.25,7.67,7.67,0.6,0.67,0.0,0.83,4,4,32.75,48.75,38.0,56.0,0.0,50.0,4,4,278.0,417.5,203.75,348.25,73.02,83.41,0.0,25.0,4,4,9.0,13.0,2.75,3.0,30.56,23.08,8.33,5.77,12.0,17.33,4,4,3.25,2.75,0.5,1.75,86.67,61.11,50.0,0.0,1103,73,77,1,0,H
0.9,0.6,1.4,0.7,1.6,2.1,4.33,3.0,41.33,40.33,81.0,78.33,7.89,8.0,1.0,0.75,1.6,0.5,3,3,41.33,40.33,46.0,58.0,0.0,33.33,3,3,344.67,320.0,281.0,252.33,80.86,78.38,0.0,0.0,3,3,12.0,11.67,4.33,3.0,36.11,25.71,11.11,8.57,9.0,11.67,3,3,5.0,2.67,1.33,1.33,78.95,66.67,0.0,33.33,1104,75,64,0,1,A
1.9,0.9,2.2,0.8,1.3,1.7,5.33,3.0,58.0,51.67,88.33,78.0,7.89,7.67,2.6,1.0,2.4,1.0,3,3,58.0,51.67,67.0,65.0,66.67,33.33,3,3,474.0,386.0,419.0,303.0,88.13,78.16,100.0,0.0,3,3,12.33,15.0,5.33,3.0,43.24,20.0,16.22,2.22,6.17,45.0,3,3,1.67,2.67,1.67,0.67,50.0,80.0,0.0,33.33,1105,59,61,2,1,H
1.33,1.44,1.33,2.0,1.33,2.0,4.25,4.75,51.25,41.5,82.75,82.75,8.75,8.5,1.75,0.0,1.75,0.75,4,4,51.25,41.5,55.0,46.0,75.0,0.0,4,4,433.75,396.75,360.0,328.25,82.72,82.73,50.0,50.0,4,4,14.5,11.25,4.25,4.75,29.31,42.22,6.9,13.33,14.5,7.5,4,4,3.0,5.5,1.0,1.5,75.0,78.57,0.0,0.0,408,4,17,2,1,H
1.0,0.9,1.5,0.7,1.9,0.8,5.5,1.0,54.5,44.0,85.75,62.67,6.8,6.8,1.67,0.4,1.67,0.6,4,3,54.5,44.0,64.0,53.0,50.0,33.33,4,3,515.5,272.67,443.5,172.67,85.88,62.69,75.0,0.0,4,3,11.25,12.33,5.5,1.0,48.89,8.11,22.22,2.7,4.5,37.0,4,2,2.75,1.5,2.25,0.5,55.0,75.0,0.0,50.0,1494,87,92,1,0,H
0.8,0.9,0.6,1.2,1.9,1.9,3.0,3.0,40.33,48.75,78.33,83.25,7.6,7.2,0.5,0.57,0.83,0.71,3,4,40.33,48.75,58.0,56.0,33.33,50.0,3,4,320.0,417.5,252.33,348.25,78.38,83.41,0.0,25.0,3,4,11.67,13.0,3.0,3.0,25.71,23.08,8.57,5.77,11.67,17.33,3,4,2.67,2.75,1.33,1.75,66.67,61.11,33.33,0.0,1106,64,77,1,1,D
1.67,1.78,1.0,1.44,0.89,1.22,4.33,6.0,39.0,40.0,73.33,76.33,8.5,8.75,2.5,1.5,1.5,1.25,3,3,39.0,40.0,46.0,54.0,0.0,33.33,3,3,345.67,365.0,254.0,279.67,73.43,76.45,0.0,0.0,3,3,12.0,17.0,4.33,6.0,36.11,35.29,5.56,9.8,18.0,10.2,3,3,2.33,1.33,0.33,1.33,87.5,50.0,66.67,0.0,770,55,41,0,0,D
2.0,1.3,2.3,1.7,1.2,1.8,6.25,4.33,62.0,53.67,88.75,84.67,8.56,8.22,1.25,0.2,1.25,1.2,4,3,62.0,53.67,76.0,65.0,75.0,66.67,4,3,630.5,471.33,563.5,400.0,88.69,84.92,75.0,66.67,4,3,12.5,11.67,6.25,4.33,50.0,37.14,24.0,8.57,4.17,11.67,4,3,2.75,3.33,1.0,2.0,73.33,62.5,25.0,0.0,91,24,35,1,3,A
0.8,1.3,0.4,0.8,1.6,0.9,4.0,2.75,40.33,32.75,79.67,73.0,7.1,7.4,1.4,1.6,0.8,1.4,3,4,40.33,32.75,47.0,38.0,0.0,0.0,3,4,343.33,278.0,277.33,203.75,79.75,73.02,33.33,0.0,3,4,16.0,9.0,4.0,2.75,25.0,30.56,2.08,8.33,48.0,12.0,3,4,1.67,3.25,2.0,0.5,45.45,86.67,33.33,50.0,1107,76,73,1,1,D
1.3,0.8,1.0,1.0,0.9,1.7,3.5,4.5,43.5,55.75,71.0,83.0,6.5,6.5,1.6,0.5,1.4,1.0,4,4,43.5,55.75,53.0,71.0,50.0,50.0,4,4,300.75,493.5,217.0,411.5,71.11,83.2,0.0,50.0,4,4,10.0,11.0,3.5,4.5,35.0,40.91,10.0,9.09,10.0,11.0,3,4,2.33,4.25,1.67,1.75,58.33,70.83,0.0,0.0,1495,97,84,1,3,A
2.3,1.7,2.0,1.5,1.0,1.5,7.25,3.5,61.5,49.0,89.75,79.25,6.7,6.6,2.5,1.0,2.33,0.8,4,4,61.5,49.0,66.0,61.0,100.0,25.0,4,4,617.5,404.25,553.75,322.0,89.58,79.38,100.0,0.0,4,4,19.25,10.5,7.25,3.5,37.66,33.33,9.09,11.9,11.0,8.4,4,4,1.75,2.0,0.5,1.75,77.78,53.33,50.0,25.0,1496,89,96,4,0,H
0.8,0.8,0.9,1.3,1.6,1.6,3.33,4.33,40.0,41.33,80.33,81.0,7.4,7.5,1.5,0.8,1.25,1.2,3,3,40.0,41.33,45.0,46.0,0.0,0.0,3,3,337.67,344.67,271.0,281.0,80.3,80.86,0.0,0.0,3,3,10.67,12.0,3.33,4.33,31.25,36.11,3.12,11.11,32.0,9.0,3,3,5.33,5.0,1.33,1.33,80.0,78.95,33.33,0.0,1108,74,75,1,2,A
1.33,0.56,1.67,1.22,2.22,2.56,3.0,4.0,51.0,42.67,83.5,79.33,8.62,8.62,0.5,0.5,0.5,1.75,2,3,51.0,42.67,55.0,54.0,50.0,33.33,2,3,452.0,371.0,377.0,295.67,83.4,79.45,0.0,0.0,2,3,8.0,11.67,3.0,4.0,37.5,34.29,12.5,8.57,8.0,11.67,2,3,3.0,4.67,1.0,3.67,75.0,56.0,50.0,0.0,771,43,57,2,1,H
1.11,1.78,1.33,1.89,1.44,1.67,5.0,5.0,45.0,61.33,77.5,88.33,8.5,8.25,0.4,0.25,0.6,0.75,2,3,45.0,61.33,54.0,70.0,50.0,100.0,2,3,332.5,596.67,259.0,528.33,77.84,88.31,0.0,100.0,2,3,12.5,14.0,5.0,5.0,40.0,35.71,16.0,14.29,6.25,7.0,2,3,6.0,1.67,2.0,0.67,75.0,71.43,0.0,66.67,772,45,46,3,1,H
0.11,1.78,1.0,2.22,3.22,1.67,3.67,9.33,40.67,60.33,72.67,88.33,8.62,8.38,0.25,2.0,0.75,2.5,3,3,40.67,60.33,46.0,63.0,0.0,100.0,3,3,343.33,606.33,249.67,535.67,72.63,88.28,0.0,100.0,3,3,12.67,23.67,3.67,9.33,28.95,39.44,2.63,12.68,38.0,7.89,3,3,3.67,3.33,1.67,2.0,68.75,62.5,0.0,0.0,773,53,48,1,1,D
0.89,2.56,0.78,3.56,1.22,0.78,2.0,7.67,61.0,69.67,80.0,88.67,8.25,8.25,0.5,2.6,0.0,4.4,2,3,61.0,69.67,61.0,71.0,100.0,100.0,2,3,568.0,704.33,451.5,628.33,79.53,88.91,0.0,100.0,2,3,9.5,16.67,2.0,7.67,21.05,46.0,0.0,22.0,0.0,4.55,2,3,2.5,1.0,1.5,1.0,62.5,50.0,0.0,33.33,774,56,40,0,1,A
0.3,0.4,1.4,0.7,2.7,1.9,3.33,3.75,45.0,62.5,79.67,89.0,8.11,8.33,0.2,0.0,1.4,0.6,3,4,45.0,62.5,48.0,78.0,0.0,75.0,3,4,351.33,601.5,279.67,536.0,79.55,89.0,0.0,100.0,3,4,10.67,12.0,3.33,3.75,31.25,31.25,9.38,2.08,10.67,48.0,3,4,3.33,4.5,3.0,2.0,52.63,69.23,0.0,0.0,409,5,7,2,0,H
1.1,0.9,1.3,1.0,1.9,1.7,2.75,3.0,42.75,35.25,80.5,75.5,8.11,8.22,1.2,0.8,1.6,1.0,4,4,42.75,35.25,52.0,47.0,25.0,0.0,4,4,370.75,296.0,299.0,223.25,80.56,75.42,0.0,0.0,4,4,13.25,10.75,2.75,3.0,20.75,27.91,9.43,9.3,10.6,10.75,4,4,3.0,3.25,1.5,3.25,66.67,50.0,25.0,0.0,410,12,9,0,0,D
0.7,1.5,0.8,1.4,1.3,1.3,3.75,4.25,54.0,51.25,81.75,82.75,8.0,8.78,1.0,1.0,0.6,1.0,4,4,54.0,51.25,67.0,55.0,75.0,75.0,4,4,494.5,433.75,405.5,360.0,81.63,82.72,0.0,50.0,4,4,14.25,14.5,3.75,4.25,26.32,29.31,7.02,6.9,14.25,14.5,4,4,3.0,3.0,1.75,1.0,63.16,75.0,0.0,0.0,411,16,4,0,2,A
1.3,1.5,1.9,1.3,2.0,1.2,4.75,5.0,41.5,46.33,82.75,77.0,8.56,8.11,2.6,1.0,3.0,1.0,4,3,41.5,46.33,46.0,53.0,0.0,33.33,4,3,396.75,381.67,328.25,293.33,82.73,76.8,50.0,0.0,4,3,11.25,15.33,4.75,5.0,42.22,32.61,13.33,10.87,7.5,9.2,4,3,5.5,5.67,1.5,1.33,78.57,80.95,0.0,0.0,412,17,3,3,2,H
2.0,1.2,1.8,1.3,1.7,1.7,4.8,3.8,43.6,42.2,82.8,72.6,6.5,6.4,1.6,0.5,2.2,1.17,5,5,43.6,42.2,46.0,62.0,0.0,20.0,5,5,407.6,314.4,340.8,229.6,83.05,72.46,40.0,0.0,5,5,14.2,12.6,4.8,3.8,33.8,30.16,15.49,11.11,6.45,9.0,5,5,4.0,2.4,1.6,1.2,71.43,66.67,0.0,40.0,1497,83,90,3,0,H
1.3,2.0,1.9,1.5,1.9,0.7,5.67,5.0,56.67,61.33,83.67,84.0,8.11,7.89,2.2,2.25,2.0,2.0,3,3,56.67,61.33,60.0,62.0,100.0,100.0,3,3,483.67,473.0,405.33,398.67,83.72,84.22,33.33,33.33,3,3,12.33,17.33,5.67,5.0,45.95,28.85,18.92,7.69,5.29,13.0,3,3,5.33,2.33,2.0,0.33,72.73,87.5,0.0,66.67,92,32,29,1,3,A
0.8,1.7,0.9,1.7,1.9,1.1,3.0,5.0,51.67,58.33,78.0,89.67,7.5,8.33,0.83,1.4,0.67,1.4,3,3,51.67,58.33,65.0,61.0,33.33,100.0,3,3,386.0,520.33,303.0,466.0,78.16,89.62,0.0,100.0,3,3,15.0,17.67,3.0,5.0,20.0,28.3,2.22,9.43,45.0,10.6,3,3,2.67,2.33,0.67,2.0,80.0,53.85,33.33,0.0,1109,61,60,3,3,D
1.6,2.3,1.7,2.1,1.4,1.1,5.0,6.25,60.75,62.25,85.75,90.75,8.22,8.0,1.8,2.0,1.8,1.8,4,4,60.75,62.25,69.0,75.0,75.0,100.0,4,4,523.25,640.0,448.25,583.0,85.66,90.83,100.0,100.0,4,4,16.75,16.5,5.0,6.25,29.85,37.88,8.96,16.67,11.17,6.0,4,4,2.5,2.5,0.5,0.75,83.33,76.92,50.0,25.0,413,15,14,2,1,H
2.22,1.44,1.67,1.67,0.56,1.56,3.33,6.67,56.0,49.0,84.33,81.67,8.5,8.5,2.5,1.0,2.0,1.0,3,3,56.0,49.0,68.0,61.0,66.67,33.33,3,3,533.67,480.0,453.33,393.0,84.23,81.59,33.33,0.0,3,3,12.0,14.67,3.33,6.67,27.78,45.45,11.11,11.36,9.0,8.8,3,3,4.67,5.0,0.67,2.0,87.5,71.43,66.67,33.33,775,52,44,0,0,D
1.4,1.0,0.9,1.2,0.7,1.4,5.67,3.67,50.0,37.33,79.67,76.67,8.0,8.33,1.25,1.0,0.5,1.0,3,3,50.0,37.33,59.0,46.0,66.67,0.0,3,3,421.0,321.67,338.33,250.67,79.52,77.01,0.0,0.0,3,3,14.0,9.33,5.67,3.67,40.48,39.29,9.52,17.86,10.5,5.6,3,3,2.33,4.0,0.33,0.33,87.5,92.31,66.67,66.67,93,38,26,3,2,H
1.8,1.3,1.6,1.3,0.7,1.4,4.0,5.33,58.5,48.0,90.25,83.67,7.1,7.3,1.67,1.17,1.17,1.67,4,3,58.5,48.0,66.0,58.0,75.0,33.33,4,3,567.75,422.67,512.25,354.67,90.26,83.7,100.0,33.33,4,3,11.0,10.67,4.0,5.33,36.36,50.0,13.64,15.62,7.33,6.4,4,3,1.25,5.0,0.0,1.0,100.0,83.33,100.0,33.33,1110,65,70,2,0,H
1.0,2.6,1.1,2.9,1.6,0.8,4.0,9.33,43.33,67.67,80.0,91.67,8.11,8.44,0.8,2.2,1.4,2.4,3,3,43.33,67.67,54.0,76.0,33.33,100.0,3,3,369.67,726.33,298.67,668.67,80.17,91.81,33.33,100.0,3,3,9.33,17.67,4.0,9.33,42.86,52.83,3.57,24.53,28.0,4.08,3,3,3.67,2.33,2.33,0.67,61.11,77.78,0.0,33.33,94,21,28,2,4,A
2.5,1.8,1.9,1.7,0.6,1.5,5.25,4.75,60.25,50.5,86.5,85.0,8.11,8.33,2.4,2.0,1.8,2.0,4,4,60.25,50.5,69.0,73.0,75.0,25.0,4,4,560.0,442.75,485.25,380.0,86.52,84.86,50.0,25.0,4,4,15.5,13.25,5.25,4.75,33.87,35.85,11.29,13.21,8.86,7.57,4,4,2.25,1.75,0.25,1.5,90.0,53.85,75.0,0.0,414,6,20,2,0,H
0.7,1.4,0.9,0.9,1.4,1.3,2.4,6.0,42.0,54.0,75.8,84.0,6.4,6.7,1.4,1.0,1.0,1.17,5,4,42.0,54.0,54.0,60.0,20.0,75.0,5,4,366.0,482.0,279.4,404.25,75.52,83.88,0.0,25.0,5,4,7.8,16.5,2.4,6.0,30.77,36.36,7.69,4.55,13.0,22.0,5,4,3.4,3.5,1.0,1.5,77.27,70.0,20.0,25.0,1498,86,85,1,0,H
1.9,1.5,2.5,1.3,1.4,1.5,5.33,2.67,52.0,35.0,86.0,73.67,7.2,7.2,2.4,0.8,3.6,1.2,3,3,52.0,35.0,58.0,44.0,66.67,0.0,3,3,446.33,283.33,385.0,214.0,86.37,73.63,66.67,0.0,3,3,15.67,7.33,5.33,2.67,34.04,36.36,10.64,18.18,9.4,5.5,3,3,3.0,4.0,2.0,0.67,60.0,85.71,33.33,33.33,1111,67,63,2,1,H
1.7,1.0,1.1,1.3,0.9,1.8,3.5,5.5,51.5,54.5,84.0,85.75,6.5,6.9,2.17,0.6,1.33,1.4,4,4,51.5,54.5,64.0,64.0,50.0,50.0,4,4,483.0,515.5,407.25,443.5,84.04,85.88,25.0,75.0,4,4,14.75,11.25,3.5,5.5,23.73,48.89,5.08,22.22,19.67,4.5,4,4,1.75,2.75,0.75,2.25,70.0,55.0,50.0,0.0,1499,91,87,2,2,D
1.6,1.8,1.9,1.6,0.9,0.9,4.5,5.0,50.75,61.75,84.5,87.25,8.22,8.33,2.0,2.0,3.0,1.4,4,4,50.75,61.75,58.0,71.0,50.0,75.0,4,4,427.0,587.25,362.0,514.5,84.67,87.37,50.0,100.0,4,4,11.5,14.5,4.5,5.0,39.13,34.48,13.04,8.62,7.67,11.6,4,4,4.0,2.5,1.5,1.0,72.73,71.43,0.0,50.0,95,27,22,2,2,D
1.2,1.0,0.9,1.4,1.2,1.8,5.5,3.5,54.0,41.75,86.5,79.75,8.22,8.11,1.4,1.0,0.8,1.8,4,4,54.0,41.75,56.0,58.0,100.0,25.0,4,4,527.75,383.75,457.75,313.0,86.49,79.75,50.0,25.0,4,4,13.25,8.75,5.5,3.5,41.51,40.0,9.43,14.29,10.6,7.0,4,4,1.75,3.5,1.25,1.75,58.33,66.67,50.0,0.0,415,1,10,3,0,H
1.6,0.5,2.2,1.0,1.1,2.1,6.67,2.0,69.0,35.75,87.67,79.0,8.11,8.44,2.4,0.4,3.0,1.2,3,4,69.0,35.75,71.0,49.0,100.0,0.0,3,4,593.33,313.5,520.67,250.25,87.48,79.14,66.67,25.0,3,4,16.0,6.25,6.67,2.0,41.67,32.0,12.5,8.0,8.0,12.5,3,4,1.33,3.25,1.0,1.75,57.14,65.0,33.33,25.0,416,11,18,1,2,A
1.9,1.5,1.4,1.0,0.7,1.0,6.0,3.0,42.75,39.0,78.25,71.33,8.22,7.78,1.6,1.0,1.2,1.0,4,3,42.75,39.0,53.0,61.0,50.0,33.33,4,3,373.75,312.33,294.5,231.0,78.13,71.38,0.0,0.0,4,3,14.5,8.67,6.0,3.0,41.38,34.62,6.9,15.38,14.5,6.5,4,3,2.5,4.0,0.5,0.67,83.33,85.71,50.0,33.33,417,19,2,1,3,A
1.2,1.5,1.2,1.2,1.4,1.1,3.67,4.0,60.0,64.75,86.33,85.75,7.4,8.0,1.8,1.6,1.4,1.6,3,4,60.0,64.75,73.0,74.0,66.67,100.0,3,4,515.67,542.25,446.67,464.5,86.26,85.64,66.67,50.0,3,4,16.33,14.5,3.67,4.0,22.45,27.59,2.04,6.9,49.0,14.5,3,4,1.67,1.75,0.67,1.75,71.43,50.0,66.67,0.0,1112,66,68,2,3,A
2.1,0.9,2.1,1.3,0.8,2.4,7.0,2.67,61.33,38.33,84.67,75.67,7.3,7.3,2.2,0.6,2.2,1.2,3,3,61.33,38.33,68.0,42.0,100.0,0.0,3,3,482.33,330.67,409.33,253.33,84.73,75.58,33.33,33.33,3,3,15.67,8.67,7.0,2.67,44.68,30.77,6.38,19.23,15.67,5.2,3,3,3.67,2.33,1.0,1.0,78.57,70.0,33.33,66.67,1113,69,71,3,1,H
1.22,0.89,1.44,1.44,2.22,2.11,2.0,5.33,54.5,48.33,82.5,84.33,8.5,8.5,2.0,0.5,2.2,0.75,2,3,54.5,48.33,64.0,55.0,50.0,33.33,2,3,450.5,437.67,374.5,369.0,82.9,84.33,0.0,0.0,2,3,13.0,15.67,2.0,5.33,15.38,34.04,7.69,10.64,13.0,9.4,2,3,3.5,3.67,3.0,3.0,53.85,55.0,0.0,0.0,776,50,47,0,0,D
1.7,1.9,0.9,1.3,0.7,0.5,3.4,4.75,46.8,51.5,81.2,86.75,6.7,6.7,1.5,1.5,0.67,1.0,5,4,46.8,51.5,55.0,62.0,40.0,50.0,5,4,385.0,543.25,312.0,471.25,81.11,86.7,0.0,75.0,5,4,11.0,13.5,3.4,4.75,30.91,35.19,5.45,11.11,18.33,9.0,5,4,4.0,2.0,0.8,0.5,83.33,80.0,40.0,75.0,1500,98,80,0,1,A
0.4,1.3,0.8,1.3,3.0,1.6,4.0,6.0,47.33,48.33,82.67,80.33,8.11,8.22,0.8,0.75,1.0,0.75,3,3,47.33,48.33,69.0,50.0,33.33,0.0,3,3,406.67,425.33,341.0,343.33,83.0,79.98,33.33,33.33,3,3,8.67,14.33,4.0,6.0,46.15,41.86,7.69,11.63,13.0,8.6,3,3,3.0,2.67,3.33,2.33,47.37,53.33,0.0,33.33,96,25,34,3,1,H
1.1,1.2,1.3,1.1,1.6,1.1,6.0,3.33,45.0,40.0,81.33,77.33,8.11,8.11,2.0,1.0,1.8,1.25,3,3,45.0,40.0,48.0,54.0,0.0,33.33,3,3,376.0,364.0,306.67,285.33,81.4,77.64,0.0,0.0,3,3,16.33,10.0,6.0,3.33,36.73,33.33,10.2,6.67,9.8,15.0,3,3,3.33,2.0,1.67,1.33,66.67,60.0,33.33,33.33,97,31,33,0,2,A
0.9,1.4,0.8,1.6,2.0,1.5,5.0,3.33,38.0,39.33,79.0,79.0,8.22,8.33,1.2,1.4,1.0,1.6,3,3,38.0,39.33,49.0,53.0,0.0,33.33,3,3,331.33,336.67,264.33,266.67,78.87,78.72,0.0,0.0,3,3,13.67,8.67,5.0,3.33,36.59,38.46,14.63,15.38,6.83,6.5,3,3,4.0,5.67,1.67,1.67,70.59,77.27,33.33,0.0,98,36,30,0,3,A
1.8,1.8,2.0,1.7,1.2,1.1,6.0,5.67,57.0,50.0,88.33,83.33,8.0,8.11,1.6,1.4,1.6,1.0,3,3,57.0,50.0,63.0,61.0,66.67,66.67,3,3,525.0,401.33,464.67,342.0,88.4,83.44,100.0,66.67,3,3,12.33,12.67,6.0,5.67,48.65,44.74,18.92,13.16,5.29,7.6,3,3,2.33,3.0,1.67,0.33,58.33,90.0,0.0,66.67,418,13,8,1,1,D
1.44,1.89,1.89,2.56,1.78,1.56,7.0,5.0,62.33,40.0,86.0,82.67,8.25,8.25,2.0,1.4,2.75,1.6,3,3,62.33,40.0,67.0,50.0,100.0,0.0,3,3,564.0,367.33,485.33,304.33,85.94,82.55,66.67,33.33,3,3,16.33,13.0,7.0,5.0,42.86,38.46,14.29,12.82,7.0,7.8,3,3,4.0,2.67,2.33,1.33,63.16,66.67,0.0,0.0,777,51,49,2,3,A
0.7,1.9,1.0,2.1,1.4,1.3,2.0,5.33,54.67,58.0,80.67,88.33,7.3,7.5,0.5,1.2,0.83,2.0,3,3,54.67,58.0,70.0,67.0,66.67,66.67,3,3,451.0,474.0,371.67,419.0,80.49,88.13,33.33,100.0,3,3,6.33,12.33,2.0,5.33,31.58,43.24,10.53,16.22,9.5,6.17,3,3,2.0,1.67,1.0,1.67,66.67,50.0,33.33,0.0,1114,78,59,0,1,A
0.8,1.4,0.7,1.4,0.9,1.3,1.0,3.75,44.0,57.5,62.67,90.0,6.7,6.5,1.33,0.83,0.83,0.67,3,4,44.0,57.5,53.0,61.0,33.33,100.0,3,4,272.67,548.0,172.67,492.75,62.69,89.81,0.0,100.0,3,4,12.33,11.75,1.0,3.75,8.11,31.91,2.7,14.89,37.0,6.71,2,4,1.5,2.75,0.5,1.0,75.0,73.33,50.0,50.0,1501,92,93,0,1,A
0.5,1.8,0.8,1.6,2.1,0.9,1.0,2.75,42.25,52.0,83.0,81.0,6.5,6.8,0.83,1.4,0.67,1.4,4,4,42.25,52.0,59.0,69.0,25.0,75.0,4,4,371.5,435.0,310.25,355.75,82.86,81.12,25.0,25.0,4,4,9.0,9.0,1.0,2.75,11.11,30.56,2.78,8.33,36.0,12.0,4,4,3.25,1.25,2.5,1.0,56.52,55.56,50.0,25.0,1502,95,81,1,1,D
1.11,1.0,1.33,1.78,1.33,1.89,5.0,3.67,38.0,45.0,74.67,74.67,8.25,8.5,1.0,1.75,1.0,2.0,3,3,38.0,45.0,39.0,60.0,0.0,33.33,3,3,330.33,360.33,246.67,274.33,74.72,74.63,0.0,0.0,3,3,10.33,13.67,5.0,3.67,48.39,26.83,25.81,12.2,3.88,8.2,3,3,1.67,5.0,1.33,1.67,55.56,75.0,66.67,33.33,778,54,42,1,3,A
1.5,1.0,1.7,1.0,1.5,2.4,4.67,3.5,46.33,44.75,81.0,78.0,8.11,8.22,1.4,0.2,2.0,0.8,3,4,46.33,44.75,52.0,59.0,33.33,50.0,3,4,394.67,350.0,320.67,276.5,80.91,77.97,0.0,0.0,3,4,12.33,11.5,4.67,3.5,37.84,30.43,10.81,2.17,9.25,46.0,3,4,4.67,4.0,2.67,1.75,63.64,69.57,0.0,25.0,99,23,39,1,0,H
2.3,2.5,2.3,1.8,1.1,0.5,5.0,5.33,61.0,53.33,89.33,82.67,7.6,7.3,2.17,2.0,2.5,1.4,3,3,61.0,53.33,67.0,67.0,100.0,66.67,3,3,527.0,448.33,470.67,373.0,89.27,82.64,100.0,33.33,3,3,13.67,19.67,5.0,5.33,36.59,27.12,19.51,8.47,5.12,11.8,3,3,3.33,1.33,0.67,1.33,83.33,50.0,66.67,33.33,1115,72,62,1,1,D
1.2,2.7,0.8,3.6,0.8,0.9,2.0,6.75,58.0,66.25,78.25,87.5,6.6,6.7,0.67,2.57,1.0,3.14,4,4,58.0,66.25,66.0,71.0,75.0,100.0,4,4,407.75,567.5,325.0,496.25,78.25,87.34,25.0,75.0,4,4,7.5,19.0,2.0,6.75,26.67,35.53,10.0,17.11,10.0,5.85,4,4,2.25,1.5,1.0,0.75,69.23,66.67,50.0,25.0,1503,94,79,1,0,H
2.0,1.3,1.7,1.3,0.8,1.4,5.0,6.0,61.33,48.33,84.0,80.33,7.8,8.1,1.83,0.6,1.17,0.8,3,3,61.33,48.33,62.0,50.0,100.0,0.0,3,3,473.0,425.33,398.67,343.33,84.22,79.98,33.33,33.33,3,3,17.33,14.33,5.0,6.0,28.85,41.86,7.69,11.63,13.0,8.6,3,3,2.33,2.67,0.33,2.33,87.5,53.33,66.67,33.33,100,29,34,3,2,H
2.6,1.2,3.3,1.3,0.7,2.0,7.67,2.0,69.67,54.5,88.67,82.5,8.11,8.44,2.5,0.25,2.5,0.5,3,2,69.67,54.5,71.0,64.0,100.0,50.0,3,2,704.33,450.5,628.33,374.5,88.91,82.9,100.0,0.0,3,2,16.67,13.0,7.67,2.0,46.0,15.38,22.0,7.69,4.55,13.0,3,2,1.0,3.5,1.0,3.0,50.0,53.85,33.33,0.0,779,40,50,3,0,H
2.6,1.4,2.9,1.3,0.9,1.1,9.33,3.33,67.67,40.0,91.67,77.33,8.3,8.0,3.0,1.4,3.4,1.4,3,3,67.67,40.0,76.0,54.0,100.0,33.33,3,3,726.33,364.0,668.67,285.33,91.81,77.64,100.0,0.0,3,3,17.67,10.0,9.33,3.33,52.83,33.33,24.53,6.67,4.08,15.0,3,3,2.33,2.0,0.67,1.33,77.78,60.0,33.33,33.33,101,28,33,3,0,H
0.7,0.5,0.7,0.9,1.0,2.2,1.0,1.0,44.0,42.25,62.67,83.0,6.5,7.0,1.14,0.5,0.71,0.83,3,4,44.0,42.25,53.0,59.0,33.33,25.0,3,4,272.67,371.5,172.67,310.25,62.69,82.86,0.0,25.0,3,4,12.33,9.0,1.0,1.0,8.11,11.11,2.7,2.78,37.0,36.0,2,4,1.5,3.25,0.5,2.5,75.0,56.52,50.0,50.0,1504,92,95,2,0,H
0.9,1.9,1.3,2.1,2.0,1.1,3.5,6.0,41.75,57.0,79.75,88.33,8.0,7.9,1.0,2.0,1.0,2.4,4,3,41.75,57.0,58.0,63.0,25.0,66.67,4,3,383.75,525.0,313.0,464.67,79.75,88.4,25.0,100.0,4,3,8.75,12.33,3.5,6.0,40.0,48.65,14.29,18.92,7.0,5.29,4,3,3.5,2.33,1.75,1.67,66.67,58.33,0.0,0.0,419,10,13,1,2,A
0.7,1.8,0.7,1.3,1.5,0.9,3.0,3.5,48.5,51.5,81.25,84.0,6.6,6.4,1.0,1.0,1.2,0.67,4,4,48.5,51.5,58.0,64.0,50.0,50.0,4,4,425.25,483.0,348.25,407.25,81.26,84.04,25.0,25.0,4,4,10.75,14.75,3.0,3.5,27.91,23.73,6.98,5.08,14.33,19.67,4,4,2.5,1.75,1.75,0.75,58.82,70.0,0.0,50.0,1505,82,91,4,2,H
0.9,2.1,1.4,2.2,2.4,1.2,2.67,5.0,38.33,61.0,75.67,89.33,7.1,7.6,1.5,2.2,1.67,2.0,3,3,38.33,61.0,42.0,67.0,0.0,100.0,3,3,330.67,527.0,253.33,470.67,75.58,89.27,33.33,100.0,3,3,8.67,13.67,2.67,5.0,30.77,36.59,19.23,19.51,5.2,5.12,3,3,2.33,3.33,1.0,0.67,70.0,83.33,66.67,66.67,1116,71,72,0,5,A
1.2,1.6,1.9,0.9,1.8,0.8,3.67,4.33,45.0,39.0,74.67,73.33,8.44,8.22,0.4,1.0,1.6,0.6,3,3,45.0,39.0,60.0,46.0,33.33,0.0,3,3,360.33,345.67,274.33,254.0,74.63,73.43,0.0,0.0,3,3,13.67,12.0,3.67,4.33,26.83,36.11,12.2,5.56,8.2,18.0,3,3,5.0,2.33,1.67,0.33,75.0,87.5,33.33,66.67,780,42,55,1,0,H
1.6,1.7,1.8,1.3,1.8,1.1,5.0,6.0,61.33,40.0,88.33,76.33,8.0,8.33,3.0,1.4,2.8,1.0,3,3,61.33,40.0,70.0,54.0,100.0,33.33,3,3,596.67,365.0,528.33,279.67,88.31,76.45,100.0,0.0,3,3,14.0,17.0,5.0,6.0,35.71,35.29,14.29,9.8,7.0,10.2,3,3,1.67,1.33,0.67,1.33,71.43,50.0,66.67,0.0,781,46,41,4,0,H
0.9,2.1,1.3,1.5,1.9,0.5,5.33,3.33,48.33,56.0,84.33,84.33,8.44,8.33,1.2,2.0,2.0,1.4,3,3,48.33,56.0,55.0,68.0,33.33,66.67,3,3,437.67,533.67,369.0,453.33,84.33,84.23,0.0,33.33,3,3,15.67,12.0,5.33,3.33,34.04,27.78,10.64,11.11,9.4,9.0,3,3,3.67,4.67,3.0,0.67,55.0,87.5,0.0,66.67,782,47,52,4,3,H
1.7,1.0,2.1,1.3,1.6,1.5,9.33,5.0,60.33,38.0,88.33,74.67,8.22,8.22,1.6,1.2,2.0,1.6,3,3,60.33,38.0,63.0,39.0,100.0,0.0,3,3,606.33,330.33,535.67,246.67,88.28,74.72,100.0,0.0,3,3,23.67,10.33,9.33,5.0,39.44,48.39,12.68,25.81,7.89,3.88,3,3,3.33,1.67,2.0,1.33,62.5,55.56,0.0,66.67,783,48,54,5,2,H
1.3,0.2,1.9,1.0,1.9,3.0,7.0,3.67,62.33,40.67,86.0,72.67,8.22,8.44,1.6,0.0,2.6,1.2,3,3,62.33,40.67,67.0,46.0,100.0,0.0,3,3,564.0,343.33,485.33,249.67,85.94,72.63,66.67,0.0,3,3,16.33,12.67,7.0,3.67,42.86,28.95,14.29,2.63,7.0,38.0,3,3,4.0,3.67,2.33,1.67,63.16,68.75,0.0,0.0,784,51,53,2,0,H
1.4,1.6,1.4,1.6,1.4,1.5,5.0,5.0,46.33,60.75,77.0,85.75,8.0,8.1,2.0,1.4,1.6,1.6,3,4,46.33,60.75,53.0,69.0,33.33,75.0,3,4,381.67,523.25,293.33,448.25,76.8,85.66,0.0,100.0,3,4,15.33,16.75,5.0,5.0,32.61,29.85,10.87,8.96,9.2,11.17,3,4,5.67,2.5,1.33,0.5,80.95,83.33,0.0,50.0,420,3,15,1,2,A
1.8,0.6,1.6,1.6,1.2,2.5,4.25,3.33,51.25,45.0,82.75,79.67,8.3,7.9,2.0,0.4,1.8,1.4,4,3,51.25,45.0,55.0,48.0,75.0,0.0,4,3,433.75,351.33,360.0,279.67,82.72,79.55,50.0,0.0,4,3,14.5,10.67,4.25,3.33,29.31,31.25,6.9,9.38,14.5,10.67,4,3,3.0,3.33,1.0,3.0,75.0,52.63,0.0,0.0,421,4,5,1,4,A
1.6,1.8,1.6,1.4,1.2,0.9,5.67,6.0,50.0,42.75,83.33,78.25,8.1,8.1,2.2,2.2,2.4,1.6,3,4,50.0,42.75,61.0,53.0,66.67,50.0,3,4,401.33,373.75,342.0,294.5,83.44,78.13,66.67,0.0,3,4,12.67,14.5,5.67,6.0,44.74,41.38,13.16,6.9,7.6,14.5,3,4,3.0,2.5,0.33,0.5,90.0,83.33,66.67,50.0,422,8,19,3,0,H
1.0,1.3,1.0,2.0,1.4,2.1,3.0,4.75,35.25,41.5,75.5,82.75,8.1,8.1,1.0,0.0,1.0,0.8,4,4,35.25,41.5,47.0,46.0,0.0,0.0,4,4,296.0,396.75,223.25,328.25,75.42,82.73,0.0,50.0,4,4,10.75,11.25,3.0,4.75,27.91,42.22,9.3,13.33,10.75,7.5,4,4,3.25,5.5,3.25,1.5,50.0,78.57,0.0,0.0,423,9,17,0,0,D
1.5,0.7,1.5,0.7,1.6,1.3,4.75,3.75,50.5,54.0,85.0,81.75,8.1,7.8,1.6,0.4,1.4,1.0,4,4,50.5,54.0,73.0,67.0,25.0,75.0,4,4,442.75,494.5,380.0,405.5,84.86,81.63,25.0,0.0,4,4,13.25,14.25,4.75,3.75,35.85,26.32,13.21,7.02,7.57,14.25,4,4,1.75,3.0,1.5,1.75,53.85,63.16,0.0,0.0,424,20,16,2,2,D
2.1,0.9,1.4,1.1,0.5,1.9,4.75,3.8,51.5,42.2,86.75,72.6,7.1,6.8,2.33,0.43,2.0,1.0,4,5,51.5,42.2,62.0,62.0,50.0,20.0,4,5,543.25,314.4,471.25,229.6,86.7,72.46,75.0,0.0,4,5,13.5,12.6,4.75,3.8,35.19,30.16,11.11,11.11,9.0,9.0,4,5,2.0,2.4,0.5,1.2,80.0,66.67,75.0,40.0,1506,80,90,2,1,H
1.4,1.7,1.1,1.9,0.9,1.4,5.67,6.25,50.0,62.0,79.67,88.75,7.9,8.2,1.6,2.5,1.0,3.0,3,4,50.0,62.0,59.0,76.0,66.67,75.0,3,4,421.0,630.5,338.33,563.5,79.52,88.69,0.0,75.0,3,4,14.0,12.5,5.67,6.25,40.48,50.0,9.52,24.0,10.5,4.17,3,4,2.33,2.75,0.33,1.0,87.5,73.33,66.67,25.0,102,38,24,1,3,A
1.7,1.8,1.8,1.5,1.2,0.7,5.0,4.0,58.33,58.5,89.67,90.25,8.1,7.1,2.0,2.2,2.0,2.4,3,4,58.33,58.5,61.0,66.0,100.0,75.0,3,4,520.33,567.75,466.0,512.25,89.62,90.26,100.0,100.0,3,4,17.67,11.0,5.0,4.0,28.3,36.36,9.43,13.64,10.6,7.33,3,4,2.33,1.25,2.0,0.0,53.85,100.0,0.0,100.0,1117,60,65,0,0,D
2.0,1.5,2.0,2.2,1.3,1.2,6.25,6.67,62.25,69.0,90.75,87.67,7.9,8.0,2.6,0.8,2.4,1.4,4,3,62.25,69.0,75.0,71.0,100.0,100.0,4,3,640.0,593.33,583.0,520.67,90.83,87.48,100.0,66.67,4,3,16.5,16.0,6.25,6.67,37.88,41.67,16.67,12.5,6.0,8.0,4,3,2.5,1.33,0.75,1.0,76.92,57.14,25.0,33.33,425,14,11,0,4,A
2.0,1.5,2.6,1.7,1.6,2.1,5.0,3.0,40.0,51.0,82.67,83.5,8.22,8.22,2.5,2.0,3.75,2.6,3,2,40.0,51.0,50.0,55.0,0.0,50.0,3,2,367.33,452.0,304.33,377.0,82.55,83.4,33.33,0.0,3,2,13.0,8.0,5.0,3.0,38.46,37.5,12.82,12.5,7.8,8.0,3,2,2.67,3.0,1.33,1.0,66.67,75.0,0.0,50.0,785,49,43,1,0,H
1.0,1.6,1.2,0.9,1.7,0.8,4.5,3.4,55.75,46.8,83.0,81.2,6.6,7.2,1.0,1.5,1.17,1.0,4,5,55.75,46.8,71.0,55.0,50.0,40.0,4,5,493.5,385.0,411.5,312.0,83.2,81.11,50.0,0.0,4,5,11.0,11.0,4.5,3.4,40.91,30.91,9.09,5.45,11.0,18.33,4,5,4.25,4.0,1.75,0.8,70.83,83.33,0.0,40.0,1507,84,98,2,3,A
1.4,1.0,1.1,1.1,1.3,2.0,3.75,2.8,57.5,42.4,90.0,77.8,7.0,6.5,1.67,0.17,1.83,0.5,4,5,57.5,42.4,61.0,55.0,100.0,20.0,4,5,548.0,344.2,492.75,269.8,89.81,77.81,100.0,0.0,4,5,11.75,10.0,3.75,2.8,31.91,28.0,14.89,10.0,6.71,10.0,4,5,2.75,3.4,1.0,1.0,73.33,77.27,50.0,20.0,1508,93,88,4,1,H
1.0,0.6,1.0,1.0,2.4,3.0,3.5,4.0,44.75,47.33,78.0,82.67,8.1,8.0,1.8,0.0,1.2,0.6,4,3,44.75,47.33,59.0,69.0,50.0,33.33,4,3,350.0,406.67,276.5,341.0,77.97,83.0,0.0,33.33,4,3,11.5,8.67,3.5,4.0,30.43,46.15,2.17,7.69,46.0,13.0,4,3,4.0,3.0,1.75,3.33,69.57,47.37,25.0,0.0,103,39,25,1,0,H
0.8,2.2,1.3,2.6,1.6,1.3,4.33,5.33,41.33,52.0,81.0,86.0,7.2,7.3,0.83,1.67,1.33,1.83,3,3,41.33,52.0,46.0,58.0,0.0,66.67,3,3,344.67,446.33,281.0,385.0,80.86,86.37,0.0,66.67,3,3,12.0,15.67,4.33,5.33,36.11,34.04,11.11,10.64,9.0,9.4,3,3,5.0,3.0,1.33,2.0,78.95,60.0,0.0,33.33,1118,75,67,1,3,A
1.7,1.8,1.9,1.8,1.3,1.2,3.33,4.67,39.33,46.33,79.0,81.0,8.2,8.1,1.4,1.6,1.6,1.4,3,3,39.33,46.33,53.0,52.0,33.33,33.33,3,3,336.67,394.67,266.67,320.67,78.72,80.91,0.0,0.0,3,3,8.67,12.33,3.33,4.67,38.46,37.84,15.38,10.81,6.5,9.25,3,3,5.67,4.67,1.67,2.67,77.27,63.64,0.0,0.0,104,30,23,1,1,D
1.1,2.4,1.2,3.4,1.6,0.9,5.5,6.75,54.5,66.25,85.75,87.5,7.1,7.1,1.86,2.25,1.57,2.75,4,4,54.5,66.25,64.0,71.0,50.0,100.0,4,4,515.5,567.5,443.5,496.25,85.88,87.34,75.0,75.0,4,4,11.25,19.0,5.5,6.75,48.89,35.53,22.22,17.11,4.5,5.85,4,4,2.75,1.5,2.25,0.75,55.0,66.67,0.0,25.0,1509,87,79,2,2,D
0.6,0.8,0.6,1.1,2.0,2.1,3.0,3.0,40.33,51.67,78.33,78.0,7.2,7.2,0.57,0.8,0.86,1.0,3,3,40.33,51.67,58.0,65.0,33.33,33.33,3,3,320.0,386.0,252.33,303.0,78.38,78.16,0.0,0.0,3,3,11.67,15.0,3.0,3.0,25.71,20.0,8.57,2.22,11.67,45.0,3,3,2.67,2.67,1.33,0.67,66.67,80.0,33.33,33.33,1119,64,61,2,2,D
1.7,2.0,1.5,1.9,1.5,1.6,3.5,4.8,49.0,43.6,79.25,82.8,6.8,7.5,2.29,2.17,1.86,1.5,4,5,49.0,43.6,61.0,46.0,25.0,0.0,4,5,404.25,407.6,322.0,340.8,79.38,83.05,0.0,40.0,4,5,10.5,14.2,3.5,4.8,33.33,33.8,11.9,15.49,8.4,6.45,4,5,2.0,4.0,1.75,1.6,53.33,71.43,25.0,0.0,1510,96,83,2,2,D
1.6,0.8,1.6,1.0,1.1,1.8,5.0,6.0,61.75,45.0,87.25,81.33,8.3,8.0,1.6,0.2,1.8,0.8,4,3,61.75,45.0,71.0,48.0,75.0,0.0,4,3,587.25,376.0,514.5,306.67,87.37,81.4,100.0,0.0,4,3,14.5,16.33,5.0,6.0,34.48,36.73,8.62,10.2,11.6,9.8,4,3,2.5,3.33,1.0,1.67,71.43,66.67,50.0,33.33,105,22,31,1,0,H
0.4,2.5,0.7,1.9,2.0,0.6,3.75,5.25,62.5,60.25,89.0,86.5,8.2,8.0,0.8,2.6,0.8,2.0,4,4,62.5,60.25,78.0,69.0,75.0,75.0,4,4,601.5,560.0,536.0,485.25,89.0,86.52,100.0,50.0,4,4,12.0,15.5,3.75,5.25,31.25,33.87,2.08,11.29,48.0,8.86,4,4,4.5,2.25,2.0,0.25,69.23,90.0,0.0,75.0,426,7,6,2,3,A
1.0,0.7,1.1,1.0,1.5,1.4,5.33,2.0,48.0,54.67,83.67,80.67,7.2,7.3,1.4,1.0,1.0,1.0,3,3,48.0,54.67,58.0,70.0,33.33,66.67,3,3,422.67,451.0,354.67,371.67,83.7,80.49,33.33,33.33,3,3,10.67,6.33,5.33,2.0,50.0,31.58,15.62,10.53,6.4,9.5,3,3,5.0,2.0,1.0,1.0,83.33,66.67,33.33,33.33,1120,70,78,1,1,D
0.9,2.3,1.2,2.4,1.9,0.9,3.0,7.0,48.75,61.33,83.25,84.67,6.9,7.2,1.25,1.83,1.75,1.83,4,3,48.75,61.33,56.0,68.0,50.0,100.0,4,3,417.5,482.33,348.25,409.33,83.41,84.73,25.0,33.33,4,3,13.0,15.67,3.0,7.0,23.08,44.68,5.77,6.38,17.33,15.67,4,3,2.75,3.67,1.75,1.0,61.11,78.57,0.0,33.33,1121,77,69,0,2,A
0.5,1.3,1.2,1.5,2.5,1.4,4.0,5.0,42.67,45.0,79.33,77.5,8.44,8.22,0.6,2.0,0.8,2.25,3,2,42.67,45.0,54.0,54.0,33.33,50.0,3,2,371.0,332.5,295.67,259.0,79.45,77.84,0.0,0.0,3,2,11.67,12.5,4.0,5.0,34.29,40.0,8.57,16.0,11.67,6.25,3,2,4.67,6.0,3.67,2.0,56.0,75.0,0.0,0.0,786,57,45,0,3,A
1.3,1.2,0.9,1.1,1.4,1.2,6.0,3.5,54.0,43.5,84.0,71.0,7.0,7.2,1.5,1.33,0.83,0.83,4,4,54.0,43.5,60.0,53.0,75.0,50.0,4,4,482.0,300.75,404.25,217.0,83.88,71.11,25.0,0.0,4,4,16.5,10.0,6.0,3.5,36.36,35.0,4.55,10.0,22.0,10.0,4,3,3.5,2.33,1.5,1.67,70.0,58.33,25.0,0.0,1511,85,97,1,0,H
0.9,0.9,1.4,0.7,1.7,1.9,3.67,5.0,37.33,38.0,76.67,79.0,8.0,8.1,1.0,0.6,1.4,0.6,3,3,37.33,38.0,46.0,49.0,0.0,0.0,3,3,321.67,331.33,250.67,264.33,77.01,78.87,0.0,0.0,3,3,9.33,13.67,3.67,5.0,39.29,36.59,17.86,14.63,5.6,6.83,3,3,4.0,4.0,0.33,1.67,92.31,70.59,66.67,33.33,106,26,36,0,2,A
1.3,1.0,1.8,1.3,1.8,1.9,4.33,4.0,53.67,43.33,84.67,80.0,7.9,8.1,2.4,1.2,2.2,0.8,3,3,53.67,43.33,65.0,54.0,66.67,33.33,3,3,471.33,369.67,400.0,298.67,84.92,80.17,66.67,33.33,3,3,11.67,9.33,4.33,4.0,37.14,42.86,8.57,3.57,11.67,28.0,3,3,3.33,3.67,2.0,2.33,62.5,61.11,0.0,0.0,107,35,21,1,0,H
0.8,1.2,1.2,1.1,2.0,1.2,2.0,5.5,35.75,54.0,79.0,86.5,8.3,8.0,0.6,1.0,0.8,1.0,4,4,35.75,54.0,49.0,56.0,0.0,100.0,4,4,313.5,527.75,250.25,457.75,79.14,86.49,25.0,50.0,4,4,6.25,13.25,2.0,5.5,32.0,41.51,8.0,9.43,12.5,10.6,4,4,3.25,1.75,1.75,1.25,65.0,58.33,25.0,50.0,427,18,1,1,1,D
1.4,0.8,1.5,0.7,1.4,1.2,6.67,2.0,49.0,61.0,81.67,80.0,8.22,8.11,1.8,1.2,2.2,1.4,3,2,49.0,61.0,61.0,61.0,33.33,100.0,3,2,480.0,568.0,393.0,451.5,81.59,79.53,0.0,0.0,3,2,14.67,9.5,6.67,2.0,45.45,21.05,11.36,0.0,8.8,0.0,3,2,5.0,2.5,2.0,1.5,71.43,62.5,33.33,0.0,787,44,56,2,0,H
2.3,1.2,1.6,1.3,0.6,1.5,5.33,3.67,53.33,60.0,82.67,86.33,7.3,7.3,2.5,0.67,1.83,0.83,3,3,53.33,60.0,67.0,73.0,66.67,66.67,3,3,448.33,515.67,373.0,446.67,82.64,86.26,33.33,66.67,3,3,19.67,16.33,5.33,3.67,27.12,22.45,8.47,2.04,11.8,49.0,3,3,1.33,1.67,1.33,0.67,50.0,71.43,33.33,66.67,1122,62,66,1,0,H
0.9,2.3,1.0,2.1,1.4,1.0,2.4,7.25,42.0,61.5,75.8,89.75,6.8,7.4,1.67,1.8,1.0,1.4,5,4,42.0,61.5,54.0,66.0,20.0,100.0,5,4,366.0,617.5,279.4,553.75,75.52,89.58,0.0,100.0,5,4,7.8,19.25,2.4,7.25,30.77,37.66,7.69,9.09,13.0,11.0,5,4,3.4,1.75,1.0,0.5,77.27,77.78,20.0,50.0,1512,86,89,0,3,A
1.7,1.2,2.0,1.9,0.9,2.1,4.5,5.67,50.75,56.67,84.5,83.67,8.1,7.9,1.8,0.4,2.8,1.8,4,3,50.75,56.67,58.0,60.0,50.0,100.0,4,3,427.0,483.67,362.0,405.33,84.67,83.72,50.0,33.33,4,3,11.5,12.33,4.5,5.67,39.13,45.95,13.04,18.92,7.67,5.29,4,3,4.0,5.33,1.5,2.0,72.73,72.73,0.0,0.0,108,27,32,2,1,H
2.2,1.7,2.1,1.4,1.1,1.2,5.33,4.0,58.0,64.75,88.33,85.75,7.5,8.0,2.67,1.83,2.33,1.83,3,4,58.0,64.75,67.0,74.0,66.67,100.0,3,4,474.0,542.25,419.0,464.5,88.13,85.64,100.0,50.0,3,4,12.33,14.5,5.33,4.0,43.24,27.59,16.22,6.9,6.17,14.5,3,4,1.67,1.75,1.67,1.75,50.0,50.0,0.0,0.0,1123,59,68,3,0,H
1.6,1.5,1.6,0.8,1.0,0.6,2.75,2.0,52.0,58.0,81.0,78.25,7.0,6.9,1.71,1.83,1.57,0.67,4,4,52.0,58.0,69.0,66.0,75.0,75.0,4,4,435.0,407.75,355.75,325.0,81.12,78.25,25.0,25.0,4,4,9.0,7.5,2.75,2.0,30.56,26.67,8.33,10.0,12.0,10.0,4,4,1.25,2.25,1.0,1.0,55.56,69.23,25.0,50.0,1513,81,94,1,0,H
1.1,1.2,0.7,1.2,0.9,1.6,2.75,2.67,32.75,35.0,73.0,73.67,7.0,7.3,1.0,0.67,0.17,1.17,4,3,32.75,35.0,38.0,44.0,0.0,0.0,4,3,278.0,283.33,203.75,214.0,73.02,73.63,0.0,0.0,4,3,9.0,7.33,2.75,2.67,30.56,36.36,8.33,18.18,12.0,5.5,4,3,3.25,4.0,0.5,0.67,86.67,85.71,50.0,33.33,1124,73,63,1,1,D
0.7,0.9,1.0,0.5,1.8,1.5,3.33,4.0,40.0,40.33,80.33,79.67,7.3,7.2,1.2,0.17,1.2,0.0,3,3,40.0,40.33,45.0,47.0,0.0,0.0,3,3,337.67,343.33,271.0,277.33,80.3,79.75,0.0,33.33,3,3,10.67,16.0,3.33,4.0,31.25,25.0,3.12,2.08,32.0,48.0,3,3,5.33,1.67,1.33,2.0,80.0,45.45,33.33,33.33,1125,74,76,0,1,A
1.5,1.2,1.2,1.2,1.1,1.7,3.0,2.75,39.0,42.75,71.33,80.5,7.8,8.0,2.0,1.0,1.0,1.0,3,4,39.0,42.75,61.0,52.0,33.33,25.0,3,4,312.33,370.75,231.0,299.0,71.38,80.56,0.0,0.0,3,4,8.67,13.25,3.0,2.75,34.62,20.75,15.38,9.43,6.5,10.6,3,4,4.0,3.0,0.67,1.5,85.71,66.67,33.33,25.0,428,2,12,0,2,A
0.8,0.5,0.7,1.0,1.2,2.5,2.0,4.0,61.0,42.67,80.0,79.33,8.8,9.1,0.4,0.4,0.0,1.6,2,3,61.0,42.67,61.0,54.0,100.0,33.33,2,3,568.0,371.0,451.5,295.67,79.53,79.45,0.0,0.0,2,3,9.5,11.67,2.0,4.0,21.05,34.29,0.0,8.57,0.0,11.67,2,3,2.5,4.67,1.5,3.67,62.5,56.0,0.0,0.0,788,56,57,3,1,H
1.7,1.1,1.8,1.0,1.2,1.2,3.33,5.67,39.33,50.0,79.0,79.67,8.7,8.6,1.33,1.5,1.5,1.17,3,3,39.33,50.0,53.0,59.0,33.33,66.67,3,3,336.67,421.0,266.67,338.33,78.72,79.52,0.0,0.0,3,3,8.67,14.0,3.33,5.67,38.46,40.48,15.38,9.52,6.5,10.5,3,3,5.67,2.33,1.67,0.33,77.27,87.5,0.0,66.67,109,30,38,0,2,A
0.9,0.6,1.3,1.2,2.2,2.9,3.0,2.67,51.67,38.33,78.0,75.67,8.1,7.9,0.86,0.5,1.0,1.17,3,3,51.67,38.33,65.0,42.0,33.33,0.0,3,3,386.0,330.67,303.0,253.33,78.16,75.58,0.0,33.33,3,3,15.0,8.67,3.0,2.67,20.0,30.77,2.22,19.23,45.0,5.2,3,3,2.67,2.33,0.67,1.0,80.0,70.0,33.33,66.67,1126,61,71,1,0,H
1.6,0.4,1.6,0.9,1.5,2.2,5.0,3.75,60.75,62.5,85.75,89.0,8.8,8.9,2.0,0.0,1.83,0.5,4,4,60.75,62.5,69.0,78.0,75.0,75.0,4,4,523.25,601.5,448.25,536.0,85.66,89.0,100.0,100.0,4,4,16.75,12.0,5.0,3.75,29.85,31.25,8.96,2.08,11.17,48.0,4,4,2.5,4.5,0.5,2.0,83.33,69.23,50.0,0.0,429,15,7,1,1,D
1.6,1.0,1.1,1.0,1.0,1.4,3.4,3.0,46.8,48.5,81.2,81.25,8.1,8.7,1.29,0.33,0.57,0.33,5,4,46.8,48.5,55.0,58.0,40.0,50.0,5,4,385.0,425.25,312.0,348.25,81.11,81.26,0.0,25.0,5,4,11.0,10.75,3.4,3.0,30.91,27.91,5.45,6.98,18.33,14.33,5,4,4.0,2.5,0.8,1.75,83.33,58.82,40.0,0.0,1514,98,82,2,1,H
2.2,1.0,2.9,1.4,1.1,1.8,6.75,4.5,66.25,55.75,87.5,83.0,8.1,7.8,3.0,0.86,3.6,1.29,4,4,66.25,55.75,71.0,71.0,100.0,50.0,4,4,567.5,493.5,496.25,411.5,87.34,83.2,75.0,50.0,4,4,19.0,11.0,6.75,4.5,35.53,40.91,17.11,9.09,5.85,11.0,4,4,1.5,4.25,0.75,1.75,66.67,70.83,25.0,0.0,1515,79,84,1,2,A
0.9,0.7,1.2,0.9,2.0,1.3,3.0,2.0,48.75,54.67,83.25,80.67,7.9,7.9,1.0,1.0,1.4,1.0,4,3,48.75,54.67,56.0,70.0,50.0,66.67,4,3,417.5,451.0,348.25,371.67,83.41,80.49,25.0,33.33,4,3,13.0,6.33,3.0,2.0,23.08,31.58,5.77,10.53,17.33,9.5,4,3,2.75,2.0,1.75,1.0,61.11,66.67,0.0,33.33,1127,77,78,1,1,D
1.4,1.7,1.0,1.5,1.4,1.1,6.0,6.67,40.0,49.0,76.33,81.67,8.9,8.8,2.0,1.0,1.6,0.8,3,3,40.0,49.0,54.0,61.0,33.33,33.33,3,3,365.0,480.0,279.67,393.0,76.45,81.59,0.0,0.0,3,3,17.0,14.67,6.0,6.67,35.29,45.45,9.8,11.36,10.2,8.8,3,3,1.33,5.0,1.33,2.0,50.0,71.43,0.0,33.33,789,41,44,3,1,H
1.4,1.6,1.5,2.0,2.0,1.6,3.0,7.0,51.0,62.33,83.5,86.0,8.8,8.6,1.0,1.0,0.8,1.2,2,3,51.0,62.33,55.0,67.0,50.0,100.0,2,3,452.0,564.0,377.0,485.33,83.4,85.94,0.0,66.67,2,3,8.0,16.33,3.0,7.0,37.5,42.86,12.5,14.29,8.0,7.0,2,3,3.0,4.0,1.0,2.33,75.0,63.16,50.0,0.0,790,43,51,2,2,D
1.1,0.2,1.1,1.0,2.1,3.1,2.0,3.67,54.5,40.67,82.5,72.67,8.8,9.0,1.83,0.0,1.83,1.0,2,3,54.5,40.67,64.0,46.0,50.0,0.0,2,3,450.5,343.33,374.5,249.67,82.9,72.63,0.0,0.0,2,3,13.0,12.67,2.0,3.67,15.38,28.95,7.69,2.63,13.0,38.0,2,3,3.5,3.67,3.0,1.67,53.85,68.75,0.0,0.0,791,50,53,1,0,H
1.8,1.5,1.7,1.8,0.9,1.5,3.33,3.67,56.0,45.0,84.33,74.67,8.8,8.8,2.2,2.0,1.6,2.2,3,3,56.0,45.0,68.0,60.0,66.67,33.33,3,3,533.67,360.33,453.33,274.33,84.23,74.63,33.33,0.0,3,3,12.0,13.67,3.33,3.67,27.78,26.83,11.11,12.2,9.0,8.2,3,3,4.67,5.0,0.67,1.67,87.5,75.0,66.67,33.33,792,52,42,1,5,A
1.5,1.7,0.8,2.3,0.8,1.6,4.33,9.33,39.0,60.33,73.33,88.33,8.8,8.8,2.2,1.8,1.2,2.2,3,3,39.0,60.33,46.0,63.0,0.0,100.0,3,3,345.67,606.33,254.0,535.67,73.43,88.28,0.0,100.0,3,3,12.0,23.67,4.33,9.33,36.11,39.44,5.56,12.68,18.0,7.89,3,3,2.33,3.33,0.33,2.0,87.5,62.5,66.67,0.0,793,55,48,1,2,A
0.9,1.3,1.8,1.4,2.0,1.5,3.33,5.0,45.0,46.33,79.67,77.0,8.6,8.7,0.67,0.83,1.5,1.17,3,3,45.0,46.33,48.0,53.0,0.0,33.33,3,3,351.33,381.67,279.67,293.33,79.55,76.8,0.0,0.0,3,3,10.67,15.33,3.33,5.0,31.25,32.61,9.38,10.87,10.67,9.2,3,3,3.33,5.67,3.0,1.33,52.63,80.95,0.0,0.0,430,5,3,2,4,A
0.8,1.4,0.9,1.1,1.3,1.2,3.75,3.0,54.0,39.0,81.75,71.33,8.6,8.6,0.83,1.33,0.5,1.33,4,3,54.0,39.0,67.0,61.0,75.0,33.33,4,3,494.5,312.33,405.5,231.0,81.63,71.38,0.0,0.0,4,3,14.25,8.67,3.75,3.0,26.32,34.62,7.02,15.38,14.25,6.5,4,3,3.0,4.0,1.75,0.67,63.16,85.71,0.0,33.33,431,16,2,1,1,D
1.4,0.9,2.0,1.3,1.9,2.0,4.75,3.5,41.5,41.75,82.75,79.75,8.8,8.8,2.67,0.83,3.0,1.5,4,4,41.5,41.75,46.0,58.0,0.0,25.0,4,4,396.75,383.75,328.25,313.0,82.73,79.75,50.0,25.0,4,4,11.25,8.75,4.75,3.5,42.22,40.0,13.33,14.29,7.5,7.0,4,4,5.5,3.5,1.5,1.75,78.57,66.67,0.0,0.0,432,17,10,4,1,H
1.5,0.9,1.3,1.2,1.2,1.7,6.0,2.0,42.75,35.75,78.25,79.0,8.7,9.0,1.33,0.83,1.17,1.33,4,4,42.75,35.75,53.0,49.0,50.0,0.0,4,4,373.75,313.5,294.5,250.25,78.13,79.14,0.0,25.0,4,4,14.5,6.25,6.0,2.0,41.38,32.0,6.9,8.0,14.5,12.5,4,4,2.5,3.25,0.5,1.75,83.33,65.0,50.0,25.0,433,19,18,1,0,H
0.6,0.9,1.0,1.0,2.1,1.6,3.8,2.4,42.2,42.0,72.6,75.8,7.9,7.9,1.67,0.57,1.17,1.0,5,5,42.2,42.0,62.0,54.0,20.0,20.0,5,5,314.4,366.0,229.6,279.4,72.46,75.52,0.0,0.0,5,5,12.6,7.8,3.8,2.4,30.16,30.77,11.11,7.69,9.0,13.0,5,5,2.4,3.4,1.2,1.0,66.67,77.27,40.0,20.0,1516,90,86,1,1,D
0.8,1.3,0.9,1.1,1.6,2.2,6.0,3.5,45.0,44.75,81.33,78.0,8.7,8.6,1.67,0.17,1.5,0.67,3,4,45.0,44.75,48.0,59.0,0.0,50.0,3,4,376.0,350.0,306.67,276.5,81.4,77.97,0.0,0.0,3,4,16.33,11.5,6.0,3.5,36.73,30.43,10.2,2.17,9.8,46.0,3,4,3.33,4.0,1.67,1.75,66.67,69.57,33.33,25.0,110,31,39,5,0,H
1.8,1.1,1.7,0.7,1.0,0.9,5.0,2.75,58.33,32.75,89.67,73.0,8.9,8.1,1.83,1.5,1.67,1.33,3,4,58.33,32.75,61.0,38.0,100.0,0.0,3,4,520.33,278.0,466.0,203.75,89.62,73.02,100.0,0.0,3,4,17.67,9.0,5.0,2.75,28.3,30.56,9.43,8.33,10.6,12.0,3,4,2.33,3.25,2.0,0.5,53.85,86.67,0.0,50.0,1128,60,73,3,0,H
1.2,1.6,1.2,1.7,1.7,1.2,2.75,5.67,42.75,50.0,80.5,83.33,9.0,8.6,1.17,1.33,1.33,1.0,4,3,42.75,50.0,52.0,61.0,25.0,66.67,4,3,370.75,401.33,299.0,342.0,80.56,83.44,0.0,66.67,4,3,13.25,12.67,2.75,5.67,20.75,44.74,9.43,13.16,10.6,7.6,4,3,3.0,3.0,1.5,0.33,66.67,90.0,25.0,66.67,434,12,8,2,5,A
1.6,2.6,2.0,3.3,1.8,0.5,5.0,7.67,61.33,69.67,88.33,88.67,8.6,8.6,3.0,2.67,3.0,3.83,3,3,61.33,69.67,70.0,71.0,100.0,100.0,3,3,596.67,704.33,528.33,628.33,88.31,88.91,100.0,100.0,3,3,14.0,16.67,5.0,7.67,35.71,46.0,14.29,22.0,7.0,4.55,3,3,1.67,1.0,0.67,1.0,71.43,50.0,66.67,33.33,794,46,40,1,1,D
0.9,1.2,1.2,1.2,2.4,1.5,2.8,5.5,42.4,54.5,77.8,85.75,8.1,7.9,1.5,0.67,1.33,1.5,5,4,42.4,54.5,55.0,64.0,20.0,50.0,5,4,344.2,515.5,269.8,443.5,77.81,85.88,0.0,75.0,5,4,10.0,11.25,2.8,5.5,28.0,48.89,10.0,22.22,10.0,4.5,5,4,3.4,2.75,1.0,2.25,77.27,55.0,20.0,0.0,1517,88,87,3,1,H
1.3,0.9,1.5,1.7,1.5,2.2,6.0,5.67,48.33,56.67,80.33,83.67,8.6,8.7,1.67,0.33,1.67,1.67,3,3,48.33,56.67,50.0,60.0,0.0,100.0,3,3,425.33,483.67,343.33,405.33,79.98,83.72,33.33,33.33,3,3,14.33,12.33,6.0,5.67,41.86,45.95,11.63,18.92,8.6,5.29,3,3,2.67,5.33,2.33,2.0,53.33,72.73,33.33,0.0,111,34,32,3,1,H
1.7,0.7,1.4,1.0,1.2,1.8,4.0,3.33,64.75,40.0,85.75,80.33,8.7,8.4,1.4,0.29,0.8,0.71,4,3,64.75,40.0,74.0,45.0,100.0,0.0,4,3,542.25,337.67,464.5,271.0,85.64,80.3,50.0,0.0,4,3,14.5,10.67,4.0,3.33,27.59,31.25,6.9,3.12,14.5,32.0,4,3,1.75,5.33,1.75,1.33,50.0,80.0,0.0,33.33,1129,68,74,3,0,H
2.6,0.6,2.6,1.2,0.9,1.9,9.33,3.67,67.67,37.33,91.67,76.67,8.9,8.7,3.0,0.83,3.33,1.17,3,3,67.67,37.33,76.0,46.0,100.0,0.0,3,3,726.33,321.67,668.67,250.67,91.81,77.01,100.0,0.0,3,3,17.67,9.33,9.33,3.67,52.83,39.29,24.53,17.86,4.08,5.6,3,3,2.33,4.0,0.67,0.33,77.78,92.31,33.33,66.67,112,28,26,1,1,D
0.5,2.1,0.9,1.5,1.7,0.6,1.0,4.75,42.25,51.5,83.0,86.75,8.0,8.2,0.86,1.71,0.71,1.0,4,4,42.25,51.5,59.0,62.0,25.0,50.0,4,4,371.5,543.25,310.25,471.25,82.86,86.7,25.0,75.0,4,4,9.0,13.5,1.0,4.75,11.11,35.19,2.78,11.11,36.0,9.0,4,4,3.25,2.0,2.5,0.5,56.52,80.0,50.0,75.0,1518,95,80,0,5,A
1.0,0.7,1.2,0.8,1.7,2.0,2.67,3.0,35.0,40.33,73.67,78.33,8.0,8.1,2.0,1.2,1.33,0.6,3,3,35.0,40.33,44.0,58.0,0.0,33.33,3,3,283.33,320.0,214.0,252.33,73.63,78.38,0.0,0.0,3,3,7.33,11.67,2.67,3.0,36.36,25.71,18.18,8.57,5.5,11.67,3,3,4.0,2.67,0.67,1.33,85.71,66.67,33.33,33.33,1130,63,64,0,2,A
1.8,1.4,1.7,1.3,1.5,1.4,4.8,3.75,43.6,57.5,82.8,90.0,8.6,8.0,1.83,1.14,2.33,0.71,5,4,43.6,57.5,46.0,61.0,0.0,100.0,5,4,407.6,548.0,340.8,492.75,83.05,89.81,40.0,100.0,5,4,14.2,11.75,4.8,3.75,33.8,31.91,15.49,14.89,6.45,6.71,5,4,4.0,2.75,1.6,1.0,71.43,73.33,0.0,50.0,1519,83,93,2,2,D
1.3,1.1,1.1,1.0,1.1,1.0,5.5,3.0,54.0,35.25,86.5,75.5,8.7,8.8,1.67,0.83,1.17,0.83,4,4,54.0,35.25,56.0,47.0,100.0,0.0,4,4,527.75,296.0,457.75,223.25,86.49,75.42,50.0,0.0,4,4,13.25,10.75,5.5,3.0,41.51,27.91,9.43,9.3,10.6,10.75,4,4,1.75,3.25,1.25,3.25,58.33,50.0,50.0,0.0,435,1,9,4,0,H
1.5,1.5,2.2,1.5,1.2,1.5,6.67,4.25,69.0,51.25,87.67,82.75,8.9,9.0,2.0,1.33,2.67,1.17,3,4,69.0,51.25,71.0,55.0,100.0,75.0,3,4,593.33,433.75,520.67,360.0,87.48,82.72,66.67,50.0,3,4,16.0,14.5,6.67,4.25,41.67,29.31,12.5,6.9,8.0,14.5,3,4,1.33,3.0,1.0,1.0,57.14,75.0,33.33,0.0,436,11,4,1,1,D
1.9,1.6,1.7,1.7,1.0,1.6,6.0,4.75,57.0,50.5,88.33,85.0,8.5,8.7,1.5,1.67,1.5,1.67,3,4,57.0,50.5,63.0,73.0,66.67,25.0,3,4,525.0,442.75,464.67,380.0,88.4,84.86,100.0,25.0,3,4,12.33,13.25,6.0,4.75,48.65,35.85,18.92,13.21,5.29,7.57,3,4,2.33,1.75,1.67,1.5,58.33,53.85,0.0,0.0,437,13,20,3,0,H
0.6,1.6,1.0,1.5,2.5,1.1,4.0,5.0,47.33,61.75,82.67,87.25,8.8,9.0,1.17,1.83,1.33,1.5,3,4,47.33,61.75,69.0,71.0,33.33,75.0,3,4,406.67,587.25,341.0,514.5,83.0,87.37,33.33,100.0,3,4,8.67,14.5,4.0,5.0,46.15,34.48,7.69,8.62,13.0,11.6,3,4,3.0,2.5,3.33,1.0,47.37,71.43,0.0,50.0,113,25,22,2,2,D
0.8,2.3,1.1,1.5,1.6,0.5,5.33,5.33,48.0,53.33,83.67,82.67,8.1,8.0,1.33,1.83,1.0,1.33,3,3,48.0,53.33,58.0,67.0,33.33,66.67,3,3,422.67,448.33,354.67,373.0,83.7,82.64,33.33,33.33,3,3,10.67,19.67,5.33,5.33,50.0,27.12,15.62,8.47,6.4,11.8,3,3,5.0,1.33,1.0,1.33,83.33,50.0,33.33,33.33,1131,70,62,0,1,A
0.8,2.4,1.3,2.2,1.7,0.9,4.33,5.33,41.33,58.0,81.0,88.33,7.9,8.2,0.71,1.5,1.29,1.83,3,3,41.33,58.0,46.0,67.0,0.0,66.67,3,3,344.67,474.0,281.0,419.0,80.86,88.13,0.0,100.0,3,3,12.0,12.33,4.33,5.33,36.11,43.24,11.11,16.22,9.0,6.17,3,3,5.0,1.67,1.33,1.67,78.95,50.0,0.0,0.0,1132,75,59,3,1,H
1.5,0.9,1.7,1.4,1.3,2.0,5.0,5.33,45.0,48.33,77.5,84.33,8.9,8.9,0.83,0.6,1.0,0.6,2,3,45.0,48.33,54.0,55.0,50.0,33.33,2,3,332.5,437.67,259.0,369.0,77.84,84.33,0.0,0.0,2,3,12.5,15.67,5.0,5.33,40.0,34.04,16.0,10.64,6.25,9.4,2,3,6.0,3.67,2.0,3.0,75.0,55.0,0.0,0.0,795,45,47,2,0,H
2.5,1.0,2.3,0.9,0.9,0.9,7.25,1.0,61.5,44.0,89.75,62.67,8.5,6.5,2.57,0.33,2.57,0.5,4,3,61.5,44.0,66.0,53.0,100.0,33.33,4,3,617.5,272.67,553.75,172.67,89.58,62.69,100.0,0.0,4,3,19.25,12.33,7.25,1.0,37.66,8.11,9.09,2.7,11.0,37.0,4,2,1.75,1.5,0.5,0.5,77.78,75.0,50.0,50.0,1520,89,92,2,0,H
1.9,1.9,1.9,2.1,1.1,0.9,4.67,4.5,46.33,50.75,81.0,84.5,8.9,8.8,1.67,1.33,1.83,1.17,3,4,46.33,50.75,52.0,58.0,33.33,50.0,3,4,394.67,427.0,320.67,362.0,80.91,84.67,0.0,50.0,3,4,12.33,11.5,4.67,4.5,37.84,39.13,10.81,13.04,9.25,7.67,3,4,4.67,4.0,2.67,1.5,63.64,72.73,0.0,0.0,114,23,27,4,1,H
1.3,1.6,1.2,1.9,1.3,1.6,3.33,4.33,40.0,53.67,77.33,84.67,8.5,8.7,1.33,0.67,1.0,1.5,3,3,40.0,53.67,54.0,65.0,33.33,66.67,3,3,364.0,471.33,285.33,400.0,77.64,84.92,0.0,66.67,3,3,10.0,11.67,3.33,4.33,33.33,37.14,6.67,8.57,15.0,11.67,3,3,2.0,3.33,1.33,2.0,60.0,62.5,33.33,0.0,115,33,35,2,0,H
0.9,1.0,0.7,1.3,1.9,1.8,5.0,4.0,38.0,43.33,79.0,80.0,8.7,8.9,1.0,1.0,0.83,0.67,3,3,38.0,43.33,49.0,54.0,0.0,33.33,3,3,331.33,369.67,264.33,298.67,78.87,80.17,0.0,33.33,3,3,13.67,9.33,5.0,4.0,36.59,42.86,14.63,3.57,6.83,28.0,3,3,4.0,3.67,1.67,2.33,70.59,61.11,33.33,0.0,116,36,21,0,1,A
2.5,1.7,2.0,1.6,0.8,1.6,5.25,6.25,60.25,62.25,86.5,90.75,8.6,8.8,2.5,1.67,1.83,1.67,4,4,60.25,62.25,69.0,75.0,75.0,100.0,4,4,560.0,640.0,485.25,583.0,86.52,90.83,50.0,100.0,4,4,15.5,16.5,5.25,6.25,33.87,37.88,11.29,16.67,8.86,6.0,4,4,2.25,2.5,0.25,0.75,90.0,76.92,75.0,25.0,438,6,14,2,0,H
0.7,2.3,1.3,2.7,2.0,1.4,5.0,5.0,38.0,40.0,74.67,82.67,8.6,8.7,0.8,1.67,1.0,1.83,3,3,38.0,40.0,39.0,50.0,0.0,0.0,3,3,330.33,367.33,246.67,304.33,74.72,82.55,0.0,33.33,3,3,10.33,13.0,5.0,5.0,48.39,38.46,25.81,12.82,3.88,7.8,3,3,1.67,2.67,1.33,1.33,55.56,66.67,66.67,0.0,796,54,49,0,4,A
1.2,1.9,1.0,1.7,1.1,0.9,3.5,2.75,43.5,52.0,71.0,81.0,8.4,8.1,1.33,1.33,1.33,1.33,4,4,43.5,52.0,53.0,69.0,50.0,75.0,4,4,300.75,435.0,217.0,355.75,71.11,81.12,0.0,25.0,4,4,10.0,9.0,3.5,2.75,35.0,30.56,10.0,8.33,10.0,12.0,3,4,2.33,1.25,1.67,1.0,58.33,55.56,0.0,25.0,1521,97,81,1,2,A
1.9,2.0,2.0,1.8,1.3,1.0,6.25,5.0,62.0,61.33,88.75,84.0,8.8,8.5,1.0,2.4,1.2,2.2,4,3,62.0,61.33,76.0,62.0,75.0,100.0,4,3,630.5,473.0,563.5,398.67,88.69,84.22,75.0,33.33,4,3,12.5,17.33,6.25,5.0,50.0,28.85,24.0,7.69,4.17,13.0,4,3,2.75,2.33,1.0,0.33,73.33,87.5,25.0,66.67,117,24,29,2,1,H
0.9,1.8,0.5,1.5,1.5,0.7,4.0,4.0,40.33,58.5,79.67,90.25,8.3,7.8,1.33,2.0,0.83,2.0,3,4,40.33,58.5,47.0,66.0,0.0,75.0,3,4,343.33,567.75,277.33,512.25,79.75,90.26,33.33,100.0,3,4,16.0,11.0,4.0,4.0,25.0,36.36,2.08,13.64,48.0,7.33,3,4,1.67,1.25,2.0,0.0,45.45,100.0,33.33,100.0,1133,76,65,1,1,D
1.4,1.5,0.8,1.3,0.7,1.3,2.0,3.5,58.0,51.5,78.25,84.0,8.0,6.6,1.0,0.86,1.0,0.86,4,4,58.0,51.5,66.0,64.0,75.0,50.0,4,4,407.75,483.0,325.0,407.25,78.25,84.04,25.0,25.0,4,4,7.5,14.75,2.0,3.5,26.67,23.73,10.0,5.08,10.0,19.67,4,4,2.25,1.75,1.0,0.75,69.23,70.0,50.0,50.0,1522,94,91,2,0,H
1.1,2.5,1.3,2.9,1.6,1.0,3.67,5.33,60.0,52.0,86.33,86.0,8.0,8.1,1.5,1.86,1.5,2.0,3,3,60.0,52.0,73.0,58.0,66.67,66.67,3,3,515.67,446.33,446.67,385.0,86.26,86.37,66.67,66.67,3,3,16.33,15.67,3.67,5.33,22.45,34.04,2.04,10.64,49.0,9.4,3,3,1.67,3.0,0.67,2.0,71.43,60.0,66.67,33.33,1134,66,67,0,2,A
1.6,1.5,1.0,1.4,1.2,1.5,6.0,3.5,54.0,49.0,84.0,79.25,7.9,8.1,1.71,0.83,0.86,0.67,4,4,54.0,49.0,60.0,61.0,75.0,25.0,4,4,482.0,404.25,404.25,322.0,83.88,79.38,25.0,0.0,4,4,16.5,10.5,6.0,3.5,36.36,33.33,4.55,11.9,22.0,8.4,4,4,3.5,2.0,1.5,1.75,70.0,53.33,25.0,25.0,1523,85,96,1,1,D
1.9,1.9,1.2,2.6,0.9,1.2,3.4,6.75,46.8,66.25,81.2,87.5,7.4,7.3,1.5,2.11,0.75,2.67,5,4,46.8,66.25,55.0,71.0,40.0,100.0,5,4,385.0,567.5,312.0,496.25,81.11,87.34,0.0,75.0,5,4,11.0,19.0,3.4,6.75,30.91,35.53,5.45,17.11,18.33,5.85,5,4,4.0,1.5,0.8,0.75,83.33,66.67,40.0,25.0,1524,98,79,1,5,A
0.8,0.8,1.1,0.9,1.7,1.3,2.0,3.75,35.75,54.0,79.0,81.75,8.8,8.6,0.67,0.5,0.83,1.17,4,4,35.75,54.0,49.0,67.0,0.0,75.0,4,4,313.5,494.5,250.25,405.5,79.14,81.63,25.0,0.0,4,4,6.25,14.25,2.0,3.75,32.0,26.32,8.0,7.02,12.5,14.25,4,4,3.25,3.0,1.75,1.75,65.0,63.16,25.0,0.0,439,18,16,0,1,A
0.9,1.2,1.3,1.3,2.2,1.9,3.5,2.75,41.75,42.75,79.75,80.5,8.8,8.7,0.83,1.33,1.0,1.17,4,4,41.75,42.75,58.0,52.0,25.0,25.0,4,4,383.75,370.75,313.0,299.0,79.75,80.56,25.0,0.0,4,4,8.75,13.25,3.5,2.75,40.0,20.75,14.29,9.43,7.0,10.6,4,4,3.5,3.0,1.75,1.5,66.67,66.67,0.0,25.0,440,10,12,3,1,H
1.2,2.5,1.0,1.9,1.2,0.8,3.0,5.25,39.0,60.25,71.33,86.5,8.4,8.7,1.67,2.67,0.83,2.17,3,4,39.0,60.25,61.0,69.0,33.33,75.0,3,4,312.33,560.0,231.0,485.25,71.38,86.52,0.0,50.0,3,4,8.67,15.5,3.0,5.25,34.62,33.87,15.38,11.29,6.5,8.86,3,4,4.0,2.25,0.67,0.25,85.71,90.0,33.33,75.0,441,2,6,3,3,D
0.5,2.1,0.9,1.9,2.0,0.9,3.75,6.0,62.5,57.0,89.0,88.33,8.7,8.7,0.67,2.17,1.0,2.33,4,3,62.5,57.0,78.0,63.0,75.0,66.67,4,3,601.5,525.0,536.0,464.67,89.0,88.4,100.0,100.0,4,3,12.0,12.33,3.75,6.0,31.25,48.65,2.08,18.92,48.0,5.29,4,3,4.5,2.33,2.0,1.67,69.23,58.33,0.0,0.0,442,7,13,1,5,A
1.1,0.8,0.8,1.9,1.1,2.3,3.0,3.33,35.25,45.0,75.5,79.67,8.8,8.7,1.0,0.83,0.83,1.83,4,3,35.25,45.0,47.0,48.0,0.0,0.0,4,3,296.0,351.33,223.25,279.67,75.42,79.55,0.0,0.0,4,3,10.75,10.67,3.0,3.33,27.91,31.25,9.3,9.38,10.75,10.67,4,3,3.25,3.33,3.25,3.0,50.0,52.63,0.0,0.0,443,9,5,4,0,H
1.4,1.7,1.3,1.3,1.7,1.1,6.25,6.0,62.25,42.75,90.75,78.25,8.8,8.7,2.17,1.83,2.0,1.33,4,4,62.25,42.75,75.0,53.0,100.0,50.0,4,4,640.0,373.75,583.0,294.5,90.83,78.13,100.0,0.0,4,4,16.5,14.5,6.25,6.0,37.88,41.38,16.67,6.9,6.0,14.5,4,4,2.5,2.5,0.75,0.5,76.92,83.33,25.0,50.0,444,14,19,3,0,H
1.9,2.5,1.6,2.3,0.8,0.9,2.75,7.25,52.0,61.5,81.0,89.75,7.3,8.8,1.88,2.0,1.5,1.67,4,4,52.0,61.5,69.0,66.0,75.0,100.0,4,4,435.0,617.5,355.75,553.75,81.12,89.58,25.0,100.0,4,4,9.0,19.25,2.75,7.25,30.56,37.66,8.33,9.09,12.0,11.0,4,4,1.25,1.75,1.0,0.5,55.56,77.78,25.0,50.0,1525,81,89,2,1,H
1.8,1.6,2.1,1.5,1.3,0.8,5.67,5.5,50.0,54.0,83.33,86.5,8.7,8.5,2.33,1.0,2.5,1.0,3,4,50.0,54.0,61.0,56.0,66.67,100.0,3,4,401.33,527.75,342.0,457.75,83.44,86.49,66.67,50.0,3,4,12.67,13.25,5.67,5.5,44.74,41.51,13.16,9.43,7.6,10.6,3,4,3.0,1.75,0.33,1.25,90.0,58.33,66.67,50.0,445,8,1,2,0,H
1.3,1.4,1.5,2.1,1.8,1.9,4.75,4.75,50.5,41.5,85.0,82.75,8.8,9.0,1.5,0.17,1.5,0.67,4,4,50.5,41.5,73.0,46.0,25.0,0.0,4,4,442.75,396.75,380.0,328.25,84.86,82.73,25.0,50.0,4,4,13.25,11.25,4.75,4.75,35.85,42.22,13.21,13.33,7.57,7.5,4,4,1.75,5.5,1.5,1.5,53.85,78.57,0.0,0.0,446,20,17,3,1,H
1.5,1.6,1.5,1.6,1.5,1.5,4.25,5.0,51.25,60.75,82.75,85.75,9.0,8.7,1.67,1.67,1.67,1.67,4,4,51.25,60.75,55.0,69.0,75.0,75.0,4,4,433.75,523.25,360.0,448.25,82.72,85.66,50.0,100.0,4,4,14.5,16.75,4.25,5.0,29.31,29.85,6.9,8.96,14.5,11.17,4,4,3.0,2.5,1.0,0.5,75.0,83.33,0.0,50.0,447,4,15,3,1,H
1.3,1.6,1.5,2.2,1.5,1.1,5.0,6.67,46.33,69.0,77.0,87.67,8.8,8.9,1.67,1.17,1.5,1.83,3,3,46.33,69.0,53.0,71.0,33.33,100.0,3,3,381.67,593.33,293.33,520.67,76.8,87.48,0.0,66.67,3,3,15.33,16.0,5.0,6.67,32.61,41.67,10.87,12.5,9.2,8.0,3,3,5.67,1.33,1.33,1.0,80.95,57.14,0.0,33.33,448,3,11,1,0,H
2.1,1.1,2.3,1.4,1.2,1.5,5.0,4.33,61.0,41.33,89.33,81.0,8.2,7.1,2.0,1.17,2.29,1.33,3,3,61.0,41.33,67.0,46.0,100.0,0.0,3,3,527.0,344.67,470.67,281.0,89.27,80.86,100.0,0.0,3,3,13.67,12.0,5.0,4.33,36.59,36.11,19.51,11.11,5.12,9.0,3,3,3.33,5.0,0.67,1.33,83.33,78.95,66.67,0.0,1135,72,75,3,1,H
1.7,1.3,1.6,1.4,1.0,1.6,5.0,6.0,61.75,48.33,87.25,80.33,8.9,8.8,1.83,0.5,1.67,1.0,4,3,61.75,48.33,71.0,50.0,75.0,0.0,4,3,587.25,425.33,514.5,343.33,87.37,79.98,100.0,33.33,4,3,14.5,14.33,5.0,6.0,34.48,41.86,8.62,11.63,11.6,8.6,4,3,2.5,2.67,1.0,2.33,71.43,53.33,50.0,33.33,118,22,34,3,1,H
1.6,1.2,1.9,0.8,1.5,1.0,7.0,4.33,62.33,39.0,86.0,73.33,8.6,8.9,1.83,0.83,2.5,0.5,3,3,62.33,39.0,67.0,46.0,100.0,0.0,3,3,564.0,345.67,485.33,254.0,85.94,73.43,66.67,0.0,3,3,16.33,12.0,7.0,4.33,42.86,36.11,14.29,5.56,7.0,18.0,3,3,4.0,2.33,2.33,0.33,63.16,87.5,0.0,66.67,797,51,55,3,2,H
2.5,2.0,2.8,1.8,0.8,0.8,5.33,5.0,52.0,58.33,86.0,89.67,7.5,8.9,2.5,1.33,3.33,1.67,3,3,52.0,58.33,58.0,61.0,66.67,100.0,3,3,446.33,520.33,385.0,466.0,86.37,89.62,66.67,100.0,3,3,15.67,17.67,5.33,5.0,34.04,28.3,10.64,9.43,9.4,10.6,3,3,3.0,2.33,2.0,2.0,60.0,53.85,33.33,0.0,1136,67,60,2,1,H
1.6,2.4,1.8,2.4,1.5,0.9,4.33,9.33,53.67,67.67,84.67,91.67,8.7,8.8,2.5,2.33,2.0,2.67,3,3,53.67,67.67,65.0,76.0,66.67,100.0,3,3,471.33,726.33,400.0,668.67,84.92,91.81,66.67,100.0,3,3,11.67,17.67,4.33,9.33,37.14,52.83,8.57,24.53,11.67,4.08,3,3,3.33,2.33,2.0,0.67,62.5,77.78,0.0,33.33,119,35,28,0,0,D
0.9,1.6,1.0,1.2,1.7,1.4,5.5,3.4,54.5,46.8,85.75,81.2,7.2,7.4,1.75,1.71,1.62,1.29,4,5,54.5,46.8,64.0,55.0,50.0,40.0,4,5,515.5,385.0,443.5,312.0,85.88,81.11,75.0,0.0,4,5,11.25,11.0,5.5,3.4,48.89,30.91,22.22,5.45,4.5,18.33,4,5,2.75,4.0,2.25,0.8,55.0,83.33,0.0,40.0,1526,87,98,2,0,H
1.3,0.5,1.4,0.8,1.6,1.9,4.5,1.0,55.75,42.25,83.0,83.0,7.0,7.4,0.86,0.43,1.29,0.71,4,4,55.75,42.25,71.0,59.0,50.0,25.0,4,4,493.5,371.5,411.5,310.25,83.2,82.86,50.0,25.0,4,4,11.0,9.0,4.5,1.0,40.91,11.11,9.09,2.78,11.0,36.0,4,4,4.25,3.25,1.75,2.5,70.83,56.52,0.0,50.0,1527,84,95,2,1,H
0.9,0.7,0.9,1.1,1.9,1.7,3.0,5.33,40.33,48.0,78.33,83.67,7.5,7.3,0.62,1.0,1.0,1.43,3,3,40.33,48.0,58.0,58.0,33.33,33.33,3,3,320.0,422.67,252.33,354.67,78.38,83.7,0.0,33.33,3,3,11.67,10.67,3.0,5.33,25.71,50.0,8.57,15.62,11.67,6.4,3,3,2.67,5.0,1.33,1.0,66.67,83.33,33.33,33.33,1137,64,70,0,0,D
2.4,0.4,3.2,0.9,0.6,2.4,7.67,5.0,69.67,38.0,88.67,74.67,8.6,8.8,2.6,1.0,2.6,1.67,3,3,69.67,38.0,71.0,39.0,100.0,0.0,3,3,704.33,330.33,628.33,246.67,88.91,74.72,100.0,0.0,3,3,16.67,10.33,7.67,5.0,46.0,48.39,22.0,25.81,4.55,3.88,3,3,1.0,1.67,1.0,1.33,50.0,55.56,33.33,66.67,798,40,54,4,2,H
2.0,1.1,2.3,1.0,1.4,1.2,9.33,2.0,60.33,61.0,88.33,80.0,8.8,8.8,1.83,1.0,2.5,1.17,3,2,60.33,61.0,63.0,61.0,100.0,100.0,3,2,606.33,568.0,535.67,451.5,88.28,79.53,100.0,0.0,3,2,23.67,9.5,9.33,2.0,39.44,21.05,12.68,0.0,7.89,0.0,3,2,3.33,2.5,2.0,1.5,62.5,62.5,0.0,0.0,799,48,56,2,1,H
2.3,1.4,2.8,1.2,1.3,1.7,5.0,2.0,40.0,54.5,82.67,82.5,8.8,8.7,2.6,0.2,3.2,0.4,3,2,40.0,54.5,50.0,64.0,0.0,50.0,3,2,367.33,450.5,304.33,374.5,82.55,82.9,33.33,0.0,3,2,13.0,13.0,5.0,2.0,38.46,15.38,12.82,7.69,7.8,13.0,3,2,2.67,3.5,1.33,3.0,66.67,53.85,0.0,0.0,800,49,50,2,2,D
0.2,1.4,1.0,1.7,3.0,2.2,3.67,3.0,40.67,51.0,72.67,83.5,9.0,8.7,0.4,1.67,0.8,2.17,3,2,40.67,51.0,46.0,55.0,0.0,50.0,3,2,343.33,452.0,249.67,377.0,72.63,83.4,0.0,0.0,3,2,12.67,8.0,3.67,3.0,28.95,37.5,2.63,12.5,38.0,8.0,3,2,3.67,3.0,1.67,1.0,68.75,75.0,0.0,50.0,801,53,43,0,1,A
0.5,1.5,1.1,1.5,2.6,1.2,4.0,3.33,42.67,56.0,79.33,84.33,8.9,8.8,0.5,1.67,0.67,1.67,3,3,42.67,56.0,54.0,68.0,33.33,66.67,3,3,371.0,533.67,295.67,453.33,79.45,84.23,0.0,33.33,3,3,11.67,12.0,4.0,3.33,34.29,27.78,8.57,11.11,11.67,9.0,3,3,4.67,4.67,3.67,0.67,56.0,87.5,0.0,66.67,802,57,52,0,2,A
1.0,1.4,0.8,1.4,1.1,1.6,3.75,6.25,54.0,62.25,81.75,90.75,7.6,7.8,0.86,1.43,0.57,1.43,4,4,54.0,62.25,67.0,75.0,75.0,100.0,4,4,494.5,640.0,405.5,583.0,81.63,90.83,0.0,100.0,4,4,14.25,16.5,3.75,6.25,26.32,37.88,7.02,16.67,14.25,6.0,4,4,3.0,2.5,1.75,0.75,63.16,76.92,0.0,25.0,449,16,14,2,2,D
1.4,1.0,2.1,1.1,2.0,1.4,4.75,3.0,41.5,39.0,82.75,71.33,8.0,7.4,2.71,1.29,3.14,1.29,4,3,41.5,39.0,46.0,61.0,0.0,33.33,4,3,396.75,312.33,328.25,231.0,82.73,71.38,50.0,0.0,4,3,11.25,8.67,4.75,3.0,42.22,34.62,13.33,15.38,7.5,6.5,4,3,5.5,4.0,1.5,0.67,78.57,85.71,0.0,33.33,450,17,2,4,2,H
1.3,0.5,1.5,1.0,1.7,2.2,4.75,3.75,50.5,62.5,85.0,89.0,7.7,7.8,1.71,0.14,1.71,0.57,4,4,50.5,62.5,73.0,78.0,25.0,75.0,4,4,442.75,601.5,380.0,536.0,84.86,89.0,25.0,100.0,4,4,13.25,12.0,4.75,3.75,35.85,31.25,13.21,2.08,7.57,48.0,4,4,1.75,4.5,1.5,2.0,53.85,69.23,0.0,0.0,451,20,7,1,0,H
1.2,1.9,1.1,2.6,1.4,1.2,3.5,6.75,51.5,66.25,84.0,87.5,7.0,6.9,2.0,2.2,1.43,2.9,4,4,51.5,66.25,64.0,71.0,50.0,100.0,4,4,483.0,567.5,407.25,496.25,84.04,87.34,25.0,75.0,4,4,14.75,19.0,3.5,6.75,23.73,35.53,5.08,17.11,19.67,5.85,4,4,1.75,1.5,0.75,0.75,70.0,66.67,50.0,25.0,1528,91,79,2,2,D
1.9,1.6,1.8,1.3,1.1,1.0,5.0,3.33,61.33,40.0,84.0,77.33,8.7,8.7,2.0,1.17,1.43,1.17,3,3,61.33,40.0,62.0,54.0,100.0,33.33,3,3,473.0,364.0,398.67,285.33,84.22,77.64,33.33,0.0,3,3,17.33,10.0,5.0,3.33,28.85,33.33,7.69,6.67,13.0,15.0,3,3,2.33,2.0,0.33,1.33,87.5,60.0,66.67,33.33,120,29,33,2,0,H
1.8,1.9,1.6,1.6,0.8,1.1,4.0,4.0,58.5,64.75,90.25,85.75,7.4,8.8,1.86,1.57,1.29,1.57,4,4,58.5,64.75,66.0,74.0,75.0,100.0,4,4,567.75,542.25,512.25,464.5,90.26,85.64,100.0,50.0,4,4,11.0,14.5,4.0,4.0,36.36,27.59,13.64,6.9,7.33,14.5,4,4,1.25,1.75,0.0,1.75,100.0,50.0,100.0,0.0,1138,65,68,2,2,D
1.3,1.4,1.2,1.2,1.0,1.4,5.5,6.0,54.0,42.75,86.5,78.25,7.6,7.7,1.86,1.57,1.57,1.14,4,4,54.0,42.75,56.0,53.0,100.0,50.0,4,4,527.75,373.75,457.75,294.5,86.49,78.13,50.0,0.0,4,4,13.25,14.5,5.5,6.0,41.51,41.38,9.43,6.9,10.6,14.5,4,4,1.75,2.5,1.25,0.5,58.33,83.33,50.0,50.0,452,1,19,2,3,A
1.4,1.6,1.4,2.1,1.4,1.9,6.67,5.0,49.0,61.33,81.67,88.33,8.6,8.7,2.0,0.2,2.17,0.8,3,3,49.0,61.33,61.0,70.0,33.33,100.0,3,3,480.0,596.67,393.0,528.33,81.59,88.31,0.0,100.0,3,3,14.67,14.0,6.67,5.0,45.45,35.71,11.36,14.29,8.8,7.0,3,3,5.0,1.67,2.0,0.67,71.43,71.43,33.33,66.67,803,44,46,1,1,D
1.0,1.2,1.1,1.0,1.5,1.1,3.0,3.5,48.5,43.5,81.25,71.0,8.8,8.8,1.33,1.14,1.67,0.71,4,4,48.5,43.5,58.0,53.0,50.0,50.0,4,4,425.25,300.75,348.25,217.0,81.26,71.11,25.0,0.0,4,4,10.75,10.0,3.0,3.5,27.91,35.0,6.98,10.0,14.33,10.0,4,3,2.5,2.33,1.75,1.67,58.82,58.33,0.0,0.0,1529,82,97,0,1,A
1.6,0.6,1.8,0.4,1.2,1.9,4.5,5.0,50.75,38.0,84.5,79.0,8.7,8.7,2.0,1.0,2.67,0.83,4,3,50.75,38.0,58.0,49.0,50.0,0.0,4,3,427.0,331.33,362.0,264.33,84.67,78.87,50.0,0.0,4,3,11.5,13.67,4.5,5.0,39.13,36.59,13.04,14.63,7.67,6.83,4,3,4.0,4.0,1.5,1.67,72.73,70.59,0.0,33.33,121,27,36,2,1,H
1.0,0.9,1.2,0.6,1.7,1.6,3.67,4.0,60.0,40.33,86.33,79.67,7.5,7.5,1.29,0.57,1.29,0.14,3,3,60.0,40.33,73.0,47.0,66.67,0.0,3,3,515.67,343.33,446.67,277.33,86.26,79.75,66.67,33.33,3,3,16.33,16.0,3.67,4.0,22.45,25.0,2.04,2.08,49.0,48.0,3,3,1.67,1.67,0.67,2.0,71.43,45.45,66.67,33.33,1139,66,76,4,1,H
1.3,1.9,1.3,1.9,1.4,0.9,4.0,4.67,43.33,46.33,80.0,81.0,8.9,9.0,0.67,1.5,1.5,1.33,3,3,43.33,46.33,54.0,52.0,33.33,33.33,3,3,369.67,394.67,298.67,320.67,80.17,80.91,33.33,0.0,3,3,9.33,12.33,4.0,4.67,42.86,37.84,3.57,10.81,28.0,9.25,3,3,3.67,4.67,2.33,2.67,61.11,63.64,0.0,0.0,122,21,23,0,3,A
1.5,2.2,1.4,2.2,1.2,1.1,3.75,7.25,57.5,61.5,90.0,89.75,7.4,7.9,1.86,1.71,2.14,1.57,4,4,57.5,61.5,61.0,66.0,100.0,100.0,4,4,548.0,617.5,492.75,553.75,89.81,89.58,100.0,100.0,4,4,11.75,19.25,3.75,7.25,31.91,37.66,14.89,9.09,6.71,11.0,4,4,2.75,1.75,1.0,0.5,73.33,77.78,50.0,50.0,1530,93,89,0,3,A
2.5,1.2,2.4,1.4,0.7,1.8,7.0,3.0,61.33,51.67,84.67,78.0,7.9,7.2,2.33,0.83,2.33,1.17,3,3,61.33,51.67,68.0,65.0,100.0,33.33,3,3,482.33,386.0,409.33,303.0,84.73,78.16,33.33,0.0,3,3,15.67,15.0,7.0,3.0,44.68,20.0,6.38,2.22,15.67,45.0,3,3,3.67,2.67,1.0,0.67,78.57,80.0,33.33,33.33,1140,69,61,1,0,H
1.0,1.7,1.1,1.0,1.5,0.5,2.4,2.0,42.0,58.0,75.8,78.25,7.2,7.4,1.43,1.57,0.86,0.57,5,4,42.0,58.0,54.0,66.0,20.0,75.0,5,4,366.0,407.75,279.4,325.0,75.52,78.25,0.0,25.0,5,4,7.8,7.5,2.4,2.0,30.77,26.67,7.69,10.0,13.0,10.0,5,4,3.4,2.25,1.0,1.0,77.27,69.23,20.0,50.0,1531,86,94,0,3,A
1.3,0.7,1.1,1.1,1.1,2.4,5.67,4.0,50.0,47.33,79.67,82.67,8.5,8.8,1.33,0.0,1.0,0.5,3,3,50.0,47.33,59.0,69.0,66.67,33.33,3,3,421.0,406.67,338.33,341.0,79.52,83.0,0.0,33.33,3,3,14.0,8.67,5.67,4.0,40.48,46.15,9.52,7.69,10.5,13.0,3,3,2.33,3.0,0.33,3.33,87.5,47.37,66.67,0.0,123,38,25,2,0,H
1.7,1.8,1.7,2.2,1.5,1.3,4.25,5.67,51.25,50.0,82.75,83.33,8.0,7.6,1.86,1.57,1.86,1.57,4,3,51.25,50.0,55.0,61.0,75.0,66.67,4,3,433.75,401.33,360.0,342.0,82.72,83.44,50.0,66.67,4,3,14.5,12.67,4.25,5.67,29.31,44.74,6.9,13.16,14.5,7.6,4,3,3.0,3.0,1.0,0.33,75.0,90.0,0.0,66.67,453,4,8,1,1,D
1.1,1.5,1.4,1.7,2.1,1.8,3.5,5.0,41.75,60.75,79.75,85.75,7.7,7.8,1.14,1.43,1.29,1.57,4,4,41.75,60.75,58.0,69.0,25.0,75.0,4,4,383.75,523.25,313.0,448.25,79.75,85.66,25.0,100.0,4,4,8.75,16.75,3.5,5.0,40.0,29.85,14.29,8.96,7.0,11.17,4,4,3.5,2.5,1.75,0.5,66.67,83.33,0.0,50.0,454,10,15,2,2,D
0.7,1.6,1.1,1.6,1.8,1.4,2.0,5.0,35.75,46.33,79.0,77.0,7.7,7.9,0.57,1.14,0.71,1.57,4,3,35.75,46.33,49.0,53.0,0.0,33.33,4,3,313.5,381.67,250.25,293.33,79.14,76.8,25.0,0.0,4,3,6.25,15.33,2.0,5.0,32.0,32.61,8.0,10.87,12.5,9.2,4,3,3.25,5.67,1.75,1.33,65.0,80.95,25.0,0.0,455,18,3,1,2,A
0.6,1.0,1.1,0.7,2.8,1.2,2.67,2.75,38.33,32.75,75.67,73.0,7.0,7.2,1.29,1.29,1.43,1.14,3,4,38.33,32.75,42.0,38.0,0.0,0.0,3,4,330.67,278.0,253.33,203.75,75.58,73.02,33.33,0.0,3,4,8.67,9.0,2.67,2.75,30.77,30.56,19.23,8.33,5.2,12.0,3,4,2.33,3.25,1.0,0.5,70.0,86.67,66.67,50.0,1141,71,73,1,4,A
1.5,1.7,2.1,1.6,1.6,1.0,3.67,5.0,45.0,45.0,74.67,77.5,8.9,8.9,0.83,2.2,1.5,2.4,3,2,45.0,45.0,60.0,54.0,33.33,50.0,3,2,360.33,332.5,274.33,259.0,74.63,77.84,0.0,0.0,3,2,13.67,12.5,3.67,5.0,26.83,40.0,12.2,16.0,8.2,6.25,3,2,5.0,6.0,1.67,2.0,75.0,75.0,33.33,0.0,804,42,45,4,3,H
1.9,1.8,1.6,1.8,0.9,1.6,2.75,4.8,52.0,43.6,81.0,82.8,7.2,8.8,2.0,2.0,1.56,1.57,4,5,52.0,43.6,69.0,46.0,75.0,0.0,4,5,435.0,407.6,355.75,340.8,81.12,83.05,25.0,40.0,4,5,9.0,14.2,2.75,4.8,30.56,33.8,8.33,15.49,12.0,6.45,4,5,1.25,4.0,1.0,1.6,55.56,71.43,25.0,0.0,1532,81,83,2,0,H
0.4,1.1,1.0,1.3,1.9,1.4,3.67,6.0,37.33,45.0,76.67,81.33,8.7,8.6,0.83,0.17,1.17,0.67,3,3,37.33,45.0,46.0,48.0,0.0,0.0,3,3,321.67,376.0,250.67,306.67,77.01,81.4,0.0,0.0,3,3,9.33,16.33,3.67,6.0,39.29,36.73,17.86,10.2,5.6,9.8,3,3,4.0,3.33,0.33,1.67,92.31,66.67,66.67,33.33,124,26,31,1,0,H
0.9,1.4,1.5,1.6,2.1,1.3,5.67,3.33,56.67,39.33,83.67,79.0,8.7,8.6,1.83,1.67,1.83,1.83,3,3,56.67,39.33,60.0,53.0,100.0,33.33,3,3,483.67,336.67,405.33,266.67,83.72,78.72,33.33,0.0,3,3,12.33,8.67,5.67,3.33,45.95,38.46,18.92,15.38,5.29,6.5,3,3,5.33,5.67,2.0,1.67,72.73,77.27,0.0,0.0,125,32,30,0,0,D
1.6,2.1,2.2,2.3,1.1,1.0,6.67,6.0,69.0,57.0,87.67,88.33,7.9,7.7,1.86,2.29,2.43,2.71,3,3,69.0,57.0,71.0,63.0,100.0,66.67,3,3,593.33,525.0,520.67,464.67,87.48,88.4,66.67,100.0,3,3,16.0,12.33,6.67,6.0,41.67,48.65,12.5,18.92,8.0,5.29,3,3,1.33,2.33,1.0,1.67,57.14,58.33,33.33,0.0,456,11,13,3,4,A
0.9,1.7,1.3,1.3,1.9,1.3,5.33,6.0,48.33,40.0,84.33,76.33,9.0,8.8,1.5,1.17,2.33,0.83,3,3,48.33,40.0,55.0,54.0,33.33,33.33,3,3,437.67,365.0,369.0,279.67,84.33,76.45,0.0,0.0,3,3,15.67,17.0,5.33,6.0,34.04,35.29,10.64,9.8,9.4,10.2,3,3,3.67,1.33,3.0,1.33,55.0,50.0,0.0,0.0,805,47,41,1,1,D
0.7,0.9,1.0,1.1,1.7,1.9,3.33,3.0,40.0,48.75,80.33,83.25,7.4,7.3,1.0,0.62,1.0,0.75,3,4,40.0,48.75,45.0,56.0,0.0,50.0,3,4,337.67,417.5,271.0,348.25,80.3,83.41,0.0,25.0,3,4,10.67,13.0,3.33,3.0,31.25,23.08,3.12,5.77,32.0,17.33,3,4,5.33,2.75,1.33,1.75,80.0,61.11,33.33,0.0,1142,74,77,2,2,D
1.6,0.7,1.4,0.9,1.3,1.9,3.5,3.8,49.0,42.2,79.25,72.6,7.4,7.4,2.12,0.38,1.88,1.0,4,5,49.0,42.2,61.0,62.0,25.0,20.0,4,5,404.25,314.4,322.0,229.6,79.38,72.46,0.0,0.0,4,5,10.5,12.6,3.5,3.8,33.33,30.16,11.9,11.11,8.4,9.0,4,5,2.0,2.4,1.75,1.2,53.33,66.67,25.0,40.0,1533,96,90,2,2,D
1.3,1.9,1.1,1.9,2.3,1.3,3.5,6.25,44.75,62.0,78.0,88.75,8.6,9.0,2.0,2.57,1.17,3.0,4,4,44.75,62.0,59.0,76.0,50.0,75.0,4,4,350.0,630.5,276.5,563.5,77.97,88.69,0.0,75.0,4,4,11.5,12.5,3.5,6.25,30.43,50.0,2.17,24.0,46.0,4.17,4,4,4.0,2.75,1.75,1.0,69.57,73.33,25.0,25.0,126,39,24,0,2,A
2.3,2.1,1.2,2.1,0.5,1.1,5.33,5.33,53.33,58.0,82.67,88.33,7.2,7.2,2.57,1.29,1.71,1.71,3,3,53.33,58.0,67.0,67.0,66.67,66.67,3,3,448.33,474.0,373.0,419.0,82.64,88.13,33.33,100.0,3,3,19.67,12.33,5.33,5.33,27.12,43.24,8.47,16.22,11.8,6.17,3,3,1.33,1.67,1.33,1.67,50.0,50.0,33.33,0.0,1143,62,59,0,1,A
2.1,1.4,1.7,1.0,0.6,1.3,4.75,6.0,51.5,54.0,86.75,84.0,7.4,7.5,2.43,0.86,2.0,1.0,4,4,51.5,54.0,62.0,60.0,50.0,75.0,4,4,543.25,482.0,471.25,404.25,86.7,83.88,75.0,25.0,4,4,13.5,16.5,4.75,6.0,35.19,36.36,11.11,4.55,9.0,22.0,4,4,2.0,3.5,0.5,1.5,80.0,70.0,75.0,25.0,1534,80,85,4,3,H
0.7,0.7,0.9,0.9,1.3,1.7,2.0,2.67,54.67,35.0,80.67,73.67,7.1,7.1,0.43,0.71,0.71,1.14,3,3,54.67,35.0,70.0,44.0,66.67,0.0,3,3,451.0,283.33,371.67,214.0,80.49,73.63,33.33,0.0,3,3,6.33,7.33,2.0,2.67,31.58,36.36,10.53,18.18,9.5,5.5,3,3,2.0,4.0,1.0,0.67,66.67,85.71,33.33,33.33,1144,78,63,1,2,A
1.1,0.8,1.3,1.8,2.1,2.5,2.75,3.33,42.75,45.0,80.5,79.67,7.7,7.6,1.0,0.71,1.43,1.57,4,3,42.75,45.0,52.0,48.0,25.0,0.0,4,3,370.75,351.33,299.0,279.67,80.56,79.55,0.0,0.0,4,3,13.25,10.67,2.75,3.33,20.75,31.25,9.43,9.38,10.6,10.67,4,3,3.0,3.33,1.5,3.0,66.67,52.63,25.0,0.0,457,12,5,2,1,H
1.0,0.9,0.8,1.3,0.9,2.4,1.0,2.8,44.0,42.4,62.67,77.8,6.9,8.6,1.38,0.14,0.88,0.57,3,5,44.0,42.4,53.0,55.0,33.33,20.0,3,5,272.67,344.2,172.67,269.8,62.69,77.81,0.0,0.0,3,5,12.33,10.0,1.0,2.8,8.11,28.0,2.7,10.0,37.0,10.0,2,5,1.5,3.4,0.5,1.0,75.0,77.27,50.0,20.0,1535,92,88,1,0,H
1.5,1.8,1.2,2.4,1.3,1.7,6.0,3.67,40.0,45.0,76.33,74.67,8.4,8.3,2.17,2.17,1.83,2.67,3,3,40.0,45.0,54.0,60.0,33.33,33.33,3,3,365.0,360.33,279.67,274.33,76.45,74.63,0.0,0.0,3,3,17.0,13.67,6.0,3.67,35.29,26.83,9.8,12.2,10.2,8.2,3,3,1.33,5.0,1.33,1.67,50.0,75.0,0.0,33.33,806,41,42,3,2,H
1.3,1.0,1.1,1.0,1.2,2.5,3.33,3.5,40.0,44.75,77.33,78.0,7.9,8.1,1.57,0.14,1.14,0.57,3,4,40.0,44.75,54.0,59.0,33.33,50.0,3,4,364.0,350.0,285.33,276.5,77.64,77.97,0.0,0.0,3,4,10.0,11.5,3.33,3.5,33.33,30.43,6.67,2.17,15.0,46.0,3,4,2.0,4.0,1.33,1.75,60.0,69.57,33.33,25.0,127,33,39,2,1,H
1.0,0.5,0.9,0.8,1.3,1.5,2.75,5.33,32.75,48.0,73.0,83.67,7.3,7.4,1.0,1.0,0.29,1.25,4,3,32.75,48.0,38.0,58.0,0.0,33.33,4,3,278.0,422.67,203.75,354.67,73.02,83.7,0.0,33.33,4,3,9.0,10.67,2.75,5.33,30.56,50.0,8.33,15.62,12.0,6.4,4,3,3.25,5.0,0.5,1.0,86.67,83.33,50.0,33.33,1145,73,70,0,1,A
0.4,0.9,0.9,1.0,2.1,1.5,1.0,3.0,42.25,48.5,83.0,81.25,7.4,9.2,0.75,0.29,0.62,0.43,4,4,42.25,48.5,59.0,58.0,25.0,50.0,4,4,371.5,425.25,310.25,348.25,82.86,81.26,25.0,25.0,4,4,9.0,10.75,1.0,3.0,11.11,27.91,2.78,6.98,36.0,14.33,4,4,3.25,2.5,2.5,1.75,56.52,58.82,50.0,0.0,1536,95,82,1,0,H
0.6,1.4,1.0,1.4,2.3,1.4,2.8,3.5,42.4,49.0,77.8,79.25,8.2,7.5,1.71,0.86,1.57,0.71,5,4,42.4,49.0,55.0,61.0,20.0,25.0,5,4,344.2,404.25,269.8,322.0,77.81,79.38,0.0,0.0,5,4,10.0,10.5,2.8,3.5,28.0,33.33,10.0,11.9,10.0,8.4,5,4,3.4,2.0,1.0,1.75,77.27,53.33,20.0,25.0,1537,88,96,0,0,D
1.2,2.8,1.4,2.8,1.7,0.6,3.0,5.33,51.67,52.0,78.0,86.0,7.5,7.0,1.12,2.0,1.0,2.0,3,3,51.67,52.0,65.0,58.0,33.33,66.67,3,3,386.0,446.33,303.0,385.0,78.16,86.37,0.0,66.67,3,3,15.0,15.67,3.0,5.33,20.0,34.04,2.22,10.64,45.0,9.4,3,3,2.67,3.0,0.67,2.0,80.0,60.0,33.33,33.33,1146,61,67,0,1,A
1.5,0.5,1.4,1.0,1.2,2.2,6.67,4.0,49.0,42.67,81.67,79.33,7.9,8.2,1.86,0.33,2.0,1.5,3,3,49.0,42.67,61.0,54.0,33.33,33.33,3,3,480.0,371.0,393.0,295.67,81.59,79.45,0.0,0.0,3,3,14.67,11.67,6.67,4.0,45.45,34.29,11.36,8.57,8.8,11.67,3,3,5.0,4.67,2.0,3.67,71.43,56.0,33.33,0.0,807,44,57,4,1,H
1.7,2.4,1.8,3.0,1.2,0.7,5.0,7.67,45.0,69.67,77.5,88.67,8.1,7.9,1.14,2.43,1.14,3.43,2,3,45.0,69.67,54.0,71.0,50.0,100.0,2,3,332.5,704.33,259.0,628.33,77.84,88.91,0.0,100.0,2,3,12.5,16.67,5.0,7.67,40.0,46.0,16.0,22.0,6.25,4.55,2,3,6.0,1.0,2.0,1.0,75.0,50.0,0.0,33.33,808,45,40,2,1,H
1.2,2.0,1.1,2.1,1.8,1.4,2.0,9.33,54.5,60.33,82.5,88.33,8.0,8.2,2.0,2.0,1.71,2.17,2,3,54.5,60.33,64.0,63.0,50.0,100.0,2,3,450.5,606.33,374.5,535.67,82.9,88.28,0.0,100.0,2,3,13.0,23.67,2.0,9.33,15.38,39.44,7.69,12.68,13.0,7.89,2,3,3.5,3.33,3.0,2.0,53.85,62.5,0.0,0.0,809,50,48,0,2,A
1.1,0.2,1.0,0.9,1.3,2.9,4.33,3.67,39.0,40.67,73.33,72.67,8.1,8.3,1.83,0.0,1.17,0.86,3,3,39.0,40.67,46.0,46.0,0.0,0.0,3,3,345.67,343.33,254.0,249.67,73.43,72.63,0.0,0.0,3,3,12.0,12.67,4.33,3.67,36.11,28.95,5.56,2.63,18.0,38.0,3,3,2.33,3.67,0.33,1.67,87.5,68.75,66.67,0.0,810,55,53,1,1,D
1.0,1.1,1.2,1.5,1.5,2.2,3.0,3.5,39.0,41.75,71.33,79.75,7.1,7.4,1.57,0.71,1.14,1.43,3,4,39.0,41.75,61.0,58.0,33.33,25.0,3,4,312.33,383.75,231.0,313.0,71.38,79.75,0.0,25.0,3,4,8.67,8.75,3.0,3.5,34.62,40.0,15.38,14.29,6.5,7.0,3,4,4.0,3.5,0.67,1.75,85.71,66.67,33.33,0.0,458,2,10,4,0,H
0.8,0.6,1.8,1.1,2.4,1.9,3.33,2.0,45.0,35.75,79.67,79.0,7.6,7.4,0.57,0.71,1.57,1.14,3,4,45.0,35.75,48.0,49.0,0.0,0.0,3,4,351.33,313.5,279.67,250.25,79.55,79.14,0.0,25.0,3,4,10.67,6.25,3.33,2.0,31.25,32.0,9.38,8.0,10.67,12.5,3,4,3.33,3.25,3.0,1.75,52.63,65.0,0.0,25.0,459,5,18,1,2,A
2.6,1.5,2.2,1.5,1.0,1.5,5.25,4.25,60.25,51.25,86.5,82.75,7.8,7.5,2.57,1.29,1.86,1.14,4,4,60.25,51.25,69.0,55.0,75.0,75.0,4,4,560.0,433.75,485.25,360.0,86.52,82.72,50.0,50.0,4,4,15.5,14.5,5.25,4.25,33.87,29.31,11.29,6.9,8.86,14.5,4,4,2.25,3.0,0.25,1.0,90.0,75.0,75.0,0.0,460,6,4,2,2,D
1.8,1.4,2.1,1.0,1.2,0.8,5.67,3.0,50.0,35.25,83.33,75.5,7.2,7.7,2.43,0.71,2.43,0.71,3,4,50.0,35.25,61.0,47.0,66.67,0.0,3,4,401.33,296.0,342.0,223.25,83.44,75.42,66.67,0.0,3,4,12.67,10.75,5.67,3.0,44.74,27.91,13.16,9.3,7.6,10.75,3,4,3.0,3.25,0.33,3.25,90.0,50.0,66.67,0.0,461,8,9,0,0,D
1.3,1.5,1.0,1.4,1.5,1.3,3.4,3.75,46.8,57.5,81.2,90.0,7.1,7.4,1.33,1.12,0.78,0.88,5,4,46.8,57.5,55.0,61.0,40.0,100.0,5,4,385.0,548.0,312.0,492.75,81.11,89.81,0.0,100.0,5,4,11.0,11.75,3.4,3.75,30.91,31.91,5.45,14.89,18.33,6.71,5,4,4.0,2.75,0.8,1.0,83.33,73.33,40.0,50.0,1538,98,93,2,1,H
1.9,2.0,1.9,1.9,1.3,1.0,6.25,5.0,62.0,61.75,88.75,87.25,8.4,8.2,1.33,1.71,1.33,1.57,4,4,62.0,61.75,76.0,71.0,75.0,75.0,4,4,630.5,587.25,563.5,514.5,88.69,87.37,75.0,100.0,4,4,12.5,14.5,6.25,5.0,50.0,34.48,24.0,8.62,4.17,11.6,4,4,2.75,2.5,1.0,1.0,73.33,71.43,25.0,50.0,128,24,22,1,1,D
1.0,2.2,1.1,1.2,1.5,0.6,2.67,5.33,35.0,53.33,73.67,82.67,7.4,7.3,1.71,2.0,1.14,1.29,3,3,35.0,53.33,44.0,67.0,0.0,66.67,3,3,283.33,448.33,214.0,373.0,73.63,82.64,0.0,33.33,3,3,7.33,19.67,2.67,5.33,36.36,27.12,18.18,8.47,5.5,11.8,3,3,4.0,1.33,0.67,1.33,85.71,50.0,33.33,33.33,1147,63,62,1,3,A
1.6,1.3,1.3,1.3,1.4,1.6,6.0,4.75,42.75,50.5,78.25,85.0,7.2,7.3,1.57,1.43,1.14,1.43,4,4,42.75,50.5,53.0,73.0,50.0,25.0,4,4,373.75,442.75,294.5,380.0,78.13,84.86,0.0,25.0,4,4,14.5,13.25,6.0,4.75,41.38,35.85,6.9,13.21,14.5,7.57,4,4,2.5,1.75,0.5,1.5,83.33,53.85,50.0,0.0,462,19,20,2,1,H
1.1,1.4,1.0,1.6,1.1,2.1,2.0,3.0,61.0,51.0,80.0,83.5,8.0,7.9,0.83,1.86,0.5,2.0,2,2,61.0,51.0,61.0,55.0,100.0,50.0,2,2,568.0,452.0,451.5,377.0,79.53,83.4,0.0,0.0,2,2,9.5,8.0,2.0,3.0,21.05,37.5,0.0,12.5,0.0,8.0,2,2,2.5,3.0,1.5,1.0,62.5,75.0,0.0,50.0,811,56,43,0,2,A
1.4,1.2,1.2,1.1,1.5,1.4,6.0,5.5,54.0,54.5,84.0,85.75,7.5,7.1,1.62,0.57,0.88,1.43,4,4,54.0,54.5,60.0,64.0,75.0,50.0,4,4,482.0,515.5,404.25,443.5,83.88,85.88,25.0,75.0,4,4,16.5,11.25,6.0,5.5,36.36,48.89,4.55,22.22,22.0,4.5,4,4,3.5,2.75,1.5,2.25,70.0,55.0,25.0,0.0,1539,85,87,1,0,H
1.7,1.5,1.8,1.3,1.2,1.1,4.33,5.67,53.67,50.0,84.67,79.67,7.9,7.9,2.29,1.71,1.71,1.29,3,3,53.67,50.0,65.0,59.0,66.67,66.67,3,3,471.33,421.0,400.0,338.33,84.92,79.52,66.67,0.0,3,3,11.67,14.0,4.33,5.67,37.14,40.48,8.57,9.52,11.67,10.5,3,3,3.33,2.33,2.0,0.33,62.5,87.5,0.0,66.67,129,35,38,2,2,D
1.8,0.5,1.8,1.0,1.0,1.9,4.0,3.33,58.5,40.0,90.25,80.33,7.2,7.5,1.75,0.25,1.38,0.62,4,3,58.5,40.0,66.0,45.0,75.0,0.0,4,3,567.75,337.67,512.25,271.0,90.26,80.3,100.0,0.0,4,3,11.0,10.67,4.0,3.33,36.36,31.25,13.64,3.12,7.33,32.0,4,3,1.25,5.33,0.0,1.33,100.0,80.0,100.0,33.33,1148,65,74,2,2,D
1.2,1.9,1.4,1.7,1.2,1.1,3.33,5.0,39.33,61.33,79.0,84.0,8.0,7.9,1.14,2.0,1.29,2.0,3,3,39.33,61.33,53.0,62.0,33.33,100.0,3,3,336.67,473.0,266.67,398.67,78.72,84.22,0.0,33.33,3,3,8.67,17.33,3.33,5.0,38.46,28.85,15.38,7.69,6.5,13.0,3,3,5.67,2.33,1.67,0.33,77.27,87.5,0.0,66.67,130,30,29,0,0,D
1.2,2.2,0.8,2.1,1.0,1.0,3.5,7.25,43.5,61.5,71.0,89.75,7.8,7.5,1.14,1.88,1.29,1.75,4,4,43.5,61.5,53.0,66.0,50.0,100.0,4,4,300.75,617.5,217.0,553.75,71.11,89.58,0.0,100.0,4,4,10.0,19.25,3.5,7.25,35.0,37.66,10.0,9.09,10.0,11.0,3,4,2.33,1.75,1.67,0.5,58.33,77.78,0.0,50.0,1540,97,89,3,3,D
0.8,0.7,0.5,0.9,1.8,1.3,4.0,2.0,40.33,54.67,79.67,80.67,7.5,7.4,1.29,1.0,0.86,1.0,3,3,40.33,54.67,47.0,70.0,0.0,66.67,3,3,343.33,451.0,277.33,371.67,79.75,80.49,33.33,33.33,3,3,16.0,6.33,4.0,2.0,25.0,31.58,2.08,10.53,48.0,9.5,3,3,1.67,2.0,2.0,1.0,45.45,66.67,33.33,33.33,1149,76,78,2,1,H
2.3,1.2,2.0,0.8,0.8,0.8,4.75,1.0,51.5,44.0,86.75,62.67,7.5,7.4,2.5,0.29,2.25,0.43,4,3,51.5,44.0,62.0,53.0,50.0,33.33,4,3,543.25,272.67,471.25,172.67,86.7,62.69,75.0,0.0,4,3,13.5,12.33,4.75,1.0,35.19,8.11,11.11,2.7,9.0,37.0,4,2,2.0,1.5,0.5,0.5,80.0,75.0,75.0,50.0,1541,80,92,1,0,H
0.7,1.9,1.1,2.0,2.3,1.1,4.0,4.5,47.33,50.75,82.67,84.5,8.1,8.0,1.14,1.14,1.43,1.14,3,4,47.33,50.75,69.0,58.0,33.33,50.0,3,4,406.67,427.0,341.0,362.0,83.0,84.67,33.33,50.0,3,4,8.67,11.5,4.0,4.5,46.15,39.13,7.69,13.04,13.0,7.67,3,4,3.0,4.0,3.33,1.5,47.37,72.73,0.0,0.0,131,25,27,2,2,D
1.5,1.0,1.7,1.0,1.8,1.3,5.0,3.75,60.75,54.0,85.75,81.75,7.3,7.2,1.86,0.86,1.71,1.14,4,4,60.75,54.0,69.0,67.0,75.0,75.0,4,4,523.25,494.5,448.25,405.5,85.66,81.63,100.0,0.0,4,4,16.75,14.25,5.0,3.75,29.85,26.32,8.96,7.02,11.17,14.25,4,4,2.5,3.0,0.5,1.75,83.33,63.16,50.0,0.0,463,15,16,1,3,A
1.9,2.8,1.6,2.3,1.1,0.4,4.0,7.0,64.75,61.33,85.75,84.67,8.1,7.9,1.67,2.0,1.17,1.86,4,3,64.75,61.33,74.0,68.0,100.0,100.0,4,3,542.25,482.33,464.5,409.33,85.64,84.73,50.0,33.33,4,3,14.5,15.67,4.0,7.0,27.59,44.68,6.9,6.38,14.5,15.67,4,3,1.75,3.67,1.75,1.0,50.0,78.57,0.0,33.33,1150,68,69,1,0,H
1.0,0.6,1.3,1.0,1.6,2.9,4.33,2.67,41.33,38.33,81.0,75.67,7.1,7.4,1.0,0.43,1.5,1.0,3,3,41.33,38.33,46.0,42.0,0.0,0.0,3,3,344.67,330.67,281.0,253.33,80.86,75.58,0.0,33.33,3,3,12.0,8.67,4.33,2.67,36.11,30.77,11.11,19.23,9.0,5.2,3,3,5.0,2.33,1.33,1.0,78.95,70.0,0.0,66.67,1151,75,71,2,3,A
0.4,1.6,0.9,1.9,2.4,1.6,5.0,7.0,38.0,62.33,74.67,86.0,8.1,7.8,0.67,1.0,0.83,1.33,3,3,38.0,62.33,39.0,67.0,0.0,100.0,3,3,330.33,564.0,246.67,485.33,74.72,85.94,0.0,66.67,3,3,10.33,16.33,5.0,7.0,48.39,42.86,25.81,14.29,3.88,7.0,3,3,1.67,4.0,1.33,2.33,55.56,63.16,66.67,0.0,812,54,51,1,3,A
0.5,1.9,0.9,1.5,2.0,0.8,3.8,2.75,42.2,52.0,72.6,81.0,7.6,7.3,1.57,1.57,1.14,1.43,5,4,42.2,52.0,62.0,69.0,20.0,75.0,5,4,314.4,435.0,229.6,355.75,72.46,81.12,0.0,25.0,5,4,12.6,9.0,3.8,2.75,30.16,30.56,11.11,8.33,9.0,12.0,5,4,2.4,1.25,1.2,1.0,66.67,55.56,40.0,25.0,1542,90,81,1,1,D
0.8,1.2,1.0,1.2,1.5,1.6,6.0,4.0,45.0,43.33,81.33,80.0,8.1,8.1,1.86,1.29,2.0,0.71,3,3,45.0,43.33,48.0,54.0,0.0,33.33,3,3,376.0,369.67,306.67,298.67,81.4,80.17,0.0,33.33,3,3,16.33,9.33,6.0,4.0,36.73,42.86,10.2,3.57,9.8,28.0,3,3,3.33,3.67,1.67,2.33,66.67,61.11,33.33,0.0,132,31,21,2,0,H
1.3,0.7,1.4,1.0,1.6,1.7,6.0,3.67,48.33,37.33,80.33,76.67,8.0,8.0,1.86,0.86,1.86,1.14,3,3,48.33,37.33,50.0,46.0,0.0,0.0,3,3,425.33,321.67,343.33,250.67,79.98,77.01,33.33,0.0,3,3,14.33,9.33,6.0,3.67,41.86,39.29,11.63,17.86,8.6,5.6,3,3,2.67,4.0,2.33,0.33,53.33,92.31,33.33,66.67,133,34,26,4,1,H
0.6,0.9,0.5,1.4,1.9,2.0,5.0,5.67,38.0,56.67,79.0,83.67,7.9,7.9,0.86,0.29,0.71,1.57,3,3,38.0,56.67,49.0,60.0,0.0,100.0,3,3,331.33,483.67,264.33,405.33,78.87,83.72,0.0,33.33,3,3,13.67,12.33,5.0,5.67,36.59,45.95,14.63,18.92,6.83,5.29,3,3,4.0,5.33,1.67,2.0,70.59,72.73,33.33,0.0,134,36,32,0,3,A
1.4,1.2,1.4,1.4,1.6,1.3,6.25,5.5,62.25,54.0,90.75,86.5,7.2,7.1,2.29,0.86,2.14,0.86,4,4,62.25,54.0,75.0,56.0,100.0,100.0,4,4,640.0,527.75,583.0,457.75,90.83,86.49,100.0,50.0,4,4,16.5,13.25,6.25,5.5,37.88,41.51,16.67,9.43,6.0,10.6,4,4,2.5,1.75,0.75,1.25,76.92,58.33,25.0,50.0,464,14,1,1,2,A
1.4,1.0,1.8,1.3,1.8,1.6,5.0,5.33,61.33,48.33,88.33,84.33,8.1,8.3,2.71,0.5,2.71,0.5,3,3,61.33,48.33,70.0,55.0,100.0,33.33,3,3,596.67,437.67,528.33,369.0,88.31,84.33,100.0,0.0,3,3,14.0,15.67,5.0,5.33,35.71,34.04,14.29,10.64,7.0,9.4,3,3,1.67,3.67,0.67,3.0,71.43,55.0,66.67,0.0,813,46,47,1,1,D
0.7,1.0,1.0,1.3,1.9,1.8,3.0,3.67,48.75,60.0,83.25,86.33,7.1,7.3,1.0,0.57,1.33,0.71,4,3,48.75,60.0,56.0,73.0,50.0,66.67,4,3,417.5,515.67,348.25,446.67,83.41,86.26,25.0,66.67,4,3,13.0,16.33,3.0,3.67,23.08,22.45,5.77,2.04,17.33,49.0,4,3,2.75,1.67,1.75,0.67,61.11,71.43,0.0,66.67,1152,77,66,2,0,H
1.5,1.3,1.6,1.2,1.7,1.4,4.8,3.5,43.6,51.5,82.8,84.0,8.2,7.0,1.71,0.75,2.29,0.75,5,4,43.6,51.5,46.0,64.0,0.0,50.0,5,4,407.6,483.0,340.8,407.25,83.05,84.04,40.0,25.0,5,4,14.2,14.75,4.8,3.5,33.8,23.73,15.49,5.08,6.45,19.67,5,4,4.0,1.75,1.6,0.75,71.43,70.0,0.0,50.0,1543,83,91,1,2,A
2.0,1.6,1.3,1.5,0.4,1.5,2.0,4.5,58.0,55.75,78.25,83.0,7.8,7.2,1.25,1.12,1.12,1.38,4,4,58.0,55.75,66.0,71.0,75.0,50.0,4,4,407.75,493.5,325.0,411.5,78.25,83.2,25.0,50.0,4,4,7.5,11.0,2.0,4.5,26.67,40.91,10.0,9.09,10.0,11.0,4,4,2.25,4.25,1.0,1.75,69.23,70.83,50.0,0.0,1544,94,84,0,0,D
1.7,2.1,1.7,2.8,1.2,1.4,3.33,5.0,56.0,40.0,84.33,82.67,8.2,7.9,1.83,1.86,1.5,2.14,3,3,56.0,40.0,68.0,50.0,66.67,0.0,3,3,533.67,367.33,453.33,304.33,84.23,82.55,33.33,33.33,3,3,12.0,13.0,3.33,5.0,27.78,38.46,11.11,12.82,9.0,7.8,3,3,4.67,2.67,0.67,1.33,87.5,66.67,66.67,0.0,814,52,49,2,1,H
0.4,1.3,0.9,2.2,2.2,1.4,3.75,6.67,62.5,69.0,89.0,87.67,7.3,7.5,0.57,1.0,1.0,1.57,4,3,62.5,69.0,78.0,71.0,75.0,100.0,4,3,601.5,593.33,536.0,520.67,89.0,87.48,100.0,66.67,4,3,12.0,16.0,3.75,6.67,31.25,41.67,2.08,12.5,48.0,8.0,4,3,4.5,1.33,2.0,1.0,69.23,57.14,0.0,33.33,465,7,11,0,5,A
2.1,1.7,2.4,2.4,1.3,1.9,6.0,4.75,57.0,41.5,88.33,82.75,7.4,7.5,1.71,0.14,1.71,0.71,3,4,57.0,41.5,63.0,46.0,66.67,0.0,3,4,525.0,396.75,464.67,328.25,88.4,82.73,100.0,50.0,3,4,12.33,11.25,6.0,4.75,48.65,42.22,18.92,13.33,5.29,7.5,3,4,2.33,5.5,1.67,1.5,58.33,78.57,0.0,0.0,466,13,17,2,1,H
2.2,2.1,2.1,2.2,0.8,0.9,9.33,4.67,67.67,46.33,91.67,81.0,8.1,8.0,2.71,1.71,3.0,1.57,3,3,67.67,46.33,76.0,52.0,100.0,33.33,3,3,726.33,394.67,668.67,320.67,91.81,80.91,100.0,0.0,3,3,17.67,12.33,9.33,4.67,52.83,37.84,24.53,10.81,4.08,9.25,3,3,2.33,4.67,0.67,2.67,77.78,63.64,33.33,0.0,135,28,23,3,1,H
1.7,1.0,1.5,0.9,1.0,1.7,5.0,3.0,58.33,40.33,89.67,78.33,8.1,7.5,2.0,1.5,1.86,0.83,3,3,58.33,40.33,61.0,58.0,100.0,33.33,3,3,520.33,320.0,466.0,252.33,89.62,78.38,100.0,0.0,3,3,17.67,11.67,5.0,3.0,28.3,25.71,9.43,8.57,10.6,11.67,3,3,2.33,2.67,2.0,1.33,53.85,66.67,0.0,33.33,1153,60,64,0,0,D
1.7,1.0,2.7,1.1,1.4,1.6,6.75,2.4,66.25,42.0,87.5,75.8,6.9,7.4,2.5,0.62,3.17,1.0,4,5,66.25,42.0,71.0,54.0,100.0,20.0,4,5,567.5,366.0,496.25,279.4,87.34,75.52,75.0,0.0,4,5,19.0,7.8,6.75,2.4,35.53,30.77,17.11,7.69,5.85,13.0,4,5,1.5,3.4,0.75,1.0,66.67,77.27,25.0,20.0,1545,79,86,0,1,A
2.4,2.3,2.1,2.5,0.9,1.2,5.33,5.0,58.0,61.0,88.33,89.33,7.4,7.9,2.71,2.33,2.43,2.5,3,3,58.0,61.0,67.0,67.0,66.67,100.0,3,3,474.0,527.0,419.0,470.67,88.13,89.27,100.0,100.0,3,3,12.33,13.67,5.33,5.0,43.24,36.59,16.22,19.51,6.17,5.12,3,3,1.67,3.33,1.67,0.67,50.0,83.33,0.0,66.67,1154,59,72,0,6,A
1.9,1.4,1.8,1.5,1.2,1.9,5.0,2.75,46.33,42.75,77.0,80.5,7.5,7.6,1.86,1.14,1.43,1.14,3,4,46.33,42.75,53.0,52.0,33.33,25.0,3,4,381.67,370.75,293.33,299.0,76.8,80.56,0.0,0.0,3,4,15.33,13.25,5.0,2.75,32.61,20.75,10.87,9.43,9.2,10.6,3,4,5.67,3.0,1.33,1.5,80.95,66.67,0.0,25.0,467,3,12,1,1,D
1.7,2.4,1.4,2.3,1.0,0.8,5.0,9.33,61.33,67.67,84.0,91.67,7.9,8.2,2.12,2.14,1.5,2.29,3,3,61.33,67.67,62.0,76.0,100.0,100.0,3,3,473.0,726.33,398.67,668.67,84.22,91.81,33.33,100.0,3,3,17.33,17.67,5.0,9.33,28.85,52.83,7.69,24.53,13.0,4.08,3,3,2.33,2.33,0.33,0.67,87.5,77.78,66.67,33.33,136,29,28,2,4,A
1.5,1.2,1.6,1.0,1.4,1.2,4.8,3.5,43.6,43.5,82.8,71.0,8.1,7.9,1.5,1.38,2.12,0.75,5,4,43.6,43.5,46.0,53.0,0.0,50.0,5,4,407.6,300.75,340.8,217.0,83.05,71.11,40.0,0.0,5,4,14.2,10.0,4.8,3.5,33.8,35.0,15.49,10.0,6.45,10.0,5,3,4.0,2.33,1.6,1.67,71.43,58.33,0.0,0.0,1546,83,97,1,1,D
0.7,0.9,0.9,1.0,1.9,1.3,2.8,3.0,42.4,48.5,77.8,81.25,7.9,8.4,1.62,0.25,1.38,0.38,5,4,42.4,48.5,55.0,58.0,20.0,50.0,5,4,344.2,425.25,269.8,348.25,77.81,81.26,0.0,25.0,5,4,10.0,10.75,2.8,3.0,28.0,27.91,10.0,6.98,10.0,14.33,5,4,3.4,2.5,1.0,1.75,77.27,58.82,20.0,0.0,1547,88,82,1,1,D
2.1,1.9,2.6,1.9,0.9,1.3,7.67,3.33,69.67,56.0,88.67,84.33,8.0,8.2,2.67,1.86,2.83,1.71,3,3,69.67,56.0,71.0,68.0,100.0,66.67,3,3,704.33,533.67,628.33,453.33,88.91,84.23,100.0,33.33,3,3,16.67,12.0,7.67,3.33,46.0,27.78,22.0,11.11,4.55,9.0,3,3,1.0,4.67,1.0,0.67,50.0,87.5,33.33,66.67,815,40,52,5,1,H
0.9,1.5,1.1,1.3,2.8,0.9,2.67,5.0,38.33,58.33,75.67,89.67,7.3,8.2,1.12,1.14,1.38,1.57,3,3,38.33,58.33,42.0,61.0,0.0,100.0,3,3,330.67,520.33,253.33,466.0,75.58,89.62,33.33,100.0,3,3,8.67,17.67,2.67,5.0,30.77,28.3,19.23,9.43,5.2,10.6,3,3,2.33,2.33,1.0,2.0,70.0,53.85,66.67,0.0,1155,71,60,0,1,A
1.4,0.7,1.5,0.9,1.5,1.9,3.75,1.0,57.5,42.25,90.0,83.0,7.6,7.7,1.62,0.38,1.88,0.75,4,4,57.5,42.25,61.0,59.0,100.0,25.0,4,4,548.0,371.5,492.75,310.25,89.81,82.86,100.0,25.0,4,4,11.75,9.0,3.75,1.0,31.91,11.11,14.89,2.78,6.71,36.0,4,4,2.75,3.25,1.0,2.5,73.33,56.52,50.0,50.0,1548,93,95,3,0,H
1.2,1.3,1.2,1.4,1.6,1.7,4.75,6.25,50.5,62.25,85.0,90.75,7.3,7.5,1.88,1.38,1.62,1.5,4,4,50.5,62.25,73.0,75.0,25.0,100.0,4,4,442.75,640.0,380.0,583.0,84.86,90.83,25.0,100.0,4,4,13.25,16.5,4.75,6.25,35.85,37.88,13.21,16.67,7.57,6.0,4,4,1.75,2.5,1.5,0.75,53.85,76.92,0.0,25.0,468,20,14,2,1,H
1.2,1.3,0.8,1.0,0.8,1.5,1.0,3.4,44.0,46.8,62.67,81.2,7.6,7.4,1.56,1.5,0.89,1.12,3,5,44.0,46.8,53.0,55.0,33.33,40.0,3,5,272.67,385.0,172.67,312.0,62.69,81.11,0.0,0.0,3,5,12.33,11.0,1.0,3.4,8.11,30.91,2.7,5.45,37.0,18.33,2,5,1.5,4.0,0.5,0.8,75.0,83.33,50.0,40.0,1549,92,98,0,1,A
0.8,1.9,0.7,1.5,1.2,1.0,5.33,4.0,48.0,64.75,83.67,85.75,7.2,8.0,1.14,1.5,0.86,1.62,3,4,48.0,64.75,58.0,74.0,33.33,100.0,3,4,422.67,542.25,354.67,464.5,83.7,85.64,33.33,50.0,3,4,10.67,14.5,5.33,4.0,50.0,27.59,15.62,6.9,6.4,14.5,3,4,5.0,1.75,1.0,1.75,83.33,50.0,33.33,0.0,1156,70,68,0,2,A
1.7,0.9,1.8,0.9,1.6,1.3,3.0,4.33,51.0,39.0,83.5,73.33,8.1,8.1,1.0,0.71,1.0,0.71,2,3,51.0,39.0,55.0,46.0,50.0,0.0,2,3,452.0,345.67,377.0,254.0,83.4,73.43,0.0,0.0,2,3,8.0,12.0,3.0,4.33,37.5,36.11,12.5,5.56,8.0,18.0,2,3,3.0,2.33,1.0,0.33,75.0,87.5,50.0,66.67,816,43,55,4,1,H
1.1,1.8,1.3,1.8,1.5,1.1,5.33,6.67,48.33,49.0,84.33,81.67,8.3,7.8,1.43,0.83,2.14,0.83,3,3,48.33,49.0,55.0,61.0,33.33,33.33,3,3,437.67,480.0,369.0,393.0,84.33,81.59,0.0,0.0,3,3,15.67,14.67,5.33,6.67,34.04,45.45,10.64,11.36,9.4,8.8,3,3,3.67,5.0,3.0,2.0,55.0,71.43,0.0,33.33,817,47,44,1,2,A
1.8,1.7,2.7,1.7,1.6,1.1,5.0,5.0,40.0,45.0,82.67,77.5,8.0,8.2,2.33,1.83,3.0,2.5,3,2,40.0,45.0,50.0,54.0,0.0,50.0,3,2,367.33,332.5,304.33,259.0,82.55,77.84,33.33,0.0,3,2,13.0,12.5,5.0,5.0,38.46,40.0,12.82,16.0,7.8,6.25,3,2,2.67,6.0,1.33,2.0,66.67,75.0,0.0,0.0,818,49,45,1,3,A
1.6,1.0,1.7,1.0,1.6,1.3,7.0,2.0,62.33,61.0,86.0,80.0,7.8,8.0,2.0,0.86,2.57,1.14,3,2,62.33,61.0,67.0,61.0,100.0,100.0,3,2,564.0,568.0,485.33,451.5,85.94,79.53,66.67,0.0,3,2,16.33,9.5,7.0,2.0,42.86,21.05,14.29,0.0,7.0,0.0,3,2,4.0,2.5,2.33,1.5,63.16,62.5,0.0,0.0,819,51,56,0,1,A
0.4,1.2,0.9,0.9,2.4,1.7,4.0,2.0,42.67,54.5,79.33,82.5,8.3,8.2,0.43,0.33,0.57,0.67,3,2,42.67,54.5,54.0,64.0,33.33,50.0,3,2,371.0,450.5,295.67,374.5,79.45,82.9,0.0,0.0,3,2,11.67,13.0,4.0,2.0,34.29,15.38,8.57,7.69,11.67,13.0,3,2,4.67,3.5,3.67,3.0,56.0,53.85,0.0,0.0,820,57,50,5,1,H
1.4,1.5,1.5,1.6,1.9,1.7,2.75,5.0,42.75,60.75,80.5,85.75,7.6,7.4,1.25,1.38,1.5,1.62,4,4,42.75,60.75,52.0,69.0,25.0,75.0,4,4,370.75,523.25,299.0,448.25,80.56,85.66,0.0,100.0,4,4,13.25,16.75,2.75,5.0,20.75,29.85,9.43,8.96,10.6,11.17,4,4,3.0,2.5,1.5,0.5,66.67,83.33,25.0,50.0,469,12,15,1,1,D
1.6,1.9,2.4,1.5,2.0,1.4,4.75,6.0,41.5,42.75,82.75,78.25,7.6,7.3,2.75,1.75,3.25,1.38,4,4,41.5,42.75,46.0,53.0,0.0,50.0,4,4,396.75,373.75,328.25,294.5,82.73,78.13,50.0,0.0,4,4,11.25,14.5,4.75,6.0,42.22,41.38,13.33,6.9,7.5,14.5,4,4,5.5,2.5,1.5,0.5,78.57,83.33,0.0,50.0,470,17,19,0,2,A
0.8,1.2,1.1,1.5,1.8,1.4,2.0,3.0,35.75,39.0,79.0,71.33,7.3,7.2,0.5,1.12,0.75,1.38,4,3,35.75,39.0,49.0,61.0,0.0,33.33,4,3,313.5,312.33,250.25,231.0,79.14,71.38,25.0,0.0,4,3,6.25,8.67,2.0,3.0,32.0,34.62,8.0,15.38,12.5,6.5,4,3,3.25,4.0,1.75,0.67,65.0,85.71,25.0,33.33,471,18,2,0,4,A
1.2,2.0,1.1,1.3,1.4,0.4,5.5,2.0,54.5,58.0,85.75,78.25,7.4,8.2,1.89,1.75,1.67,0.88,4,4,54.5,58.0,64.0,66.0,50.0,75.0,4,4,515.5,407.75,443.5,325.0,85.88,78.25,75.0,25.0,4,4,11.25,7.5,5.5,2.0,48.89,26.67,22.22,10.0,4.5,10.0,4,4,2.75,2.25,2.25,1.0,55.0,69.23,0.0,50.0,1550,87,94,2,0,H
1.1,2.2,0.9,1.3,1.4,0.7,3.0,5.33,40.33,53.33,78.33,82.67,7.6,7.0,0.67,2.12,0.89,1.5,3,3,40.33,53.33,58.0,67.0,33.33,66.67,3,3,320.0,448.33,252.33,373.0,78.38,82.64,0.0,33.33,3,3,11.67,19.67,3.0,5.33,25.71,27.12,8.57,8.47,11.67,11.8,3,3,2.67,1.33,1.33,1.33,66.67,50.0,33.33,33.33,1157,64,62,1,2,A
1.3,1.6,1.2,1.7,1.2,1.0,3.75,5.67,54.0,50.0,81.75,83.33,7.3,7.3,0.88,1.5,0.75,1.5,4,3,54.0,50.0,67.0,61.0,75.0,66.67,4,3,494.5,401.33,405.5,342.0,81.63,83.44,0.0,66.67,4,3,14.25,12.67,3.75,5.67,26.32,44.74,7.02,13.16,14.25,7.6,4,3,3.0,3.0,1.75,0.33,63.16,90.0,0.0,66.67,472,16,8,1,5,A
2.0,1.5,1.9,1.2,1.1,1.5,9.33,6.0,60.33,40.0,88.33,76.33,8.1,8.2,2.0,1.14,2.43,0.86,3,3,60.33,40.0,63.0,54.0,100.0,33.33,3,3,606.33,365.0,535.67,279.67,88.28,76.45,100.0,0.0,3,3,23.67,17.0,9.33,6.0,39.44,35.29,12.68,9.8,7.89,10.2,3,3,3.33,1.33,2.0,1.33,62.5,50.0,0.0,0.0,821,48,41,5,1,H
1.4,1.9,1.4,1.5,1.4,0.8,3.5,2.75,49.0,52.0,79.25,81.0,7.7,7.3,2.0,1.5,1.89,1.38,4,4,49.0,52.0,61.0,69.0,25.0,75.0,4,4,404.25,435.0,322.0,355.75,79.38,81.12,0.0,25.0,4,4,10.5,9.0,3.5,2.75,33.33,30.56,11.9,8.33,8.4,12.0,4,4,2.0,1.25,1.75,1.0,53.33,55.56,25.0,25.0,1551,96,81,1,2,A
1.1,2.1,0.7,1.8,1.6,1.3,4.0,5.33,40.33,58.0,79.67,88.33,7.6,7.5,1.5,1.5,1.0,1.62,3,3,40.33,58.0,47.0,67.0,0.0,66.67,3,3,343.33,474.0,277.33,419.0,79.75,88.13,33.33,100.0,3,3,16.0,12.33,4.0,5.33,25.0,43.24,2.08,16.22,48.0,6.17,3,3,1.67,1.67,2.0,1.67,45.45,50.0,33.33,0.0,1158,76,59,1,2,A
1.7,2.3,2.5,2.0,1.1,0.8,6.75,4.75,66.25,51.5,87.5,86.75,7.4,7.7,2.14,1.88,2.71,1.5,4,4,66.25,51.5,71.0,62.0,100.0,50.0,4,4,567.5,543.25,496.25,471.25,87.34,86.7,75.0,75.0,4,4,19.0,13.5,6.75,4.75,35.53,35.19,17.11,11.11,5.85,9.0,4,4,1.5,2.0,0.75,0.5,66.67,80.0,25.0,75.0,1552,79,80,1,2,A
0.7,1.0,1.1,1.3,1.9,1.6,3.67,4.33,60.0,41.33,86.33,81.0,7.4,7.0,1.5,1.0,1.62,1.29,3,3,60.0,41.33,73.0,46.0,66.67,0.0,3,3,515.67,344.67,446.67,281.0,86.26,80.86,66.67,0.0,3,3,16.33,12.0,3.67,4.33,22.45,36.11,2.04,11.11,49.0,9.0,3,3,1.67,5.0,0.67,1.33,71.43,78.95,66.67,0.0,1159,66,75,5,0,H
0.7,0.6,0.9,0.8,1.4,1.8,3.0,3.8,48.5,42.2,81.25,72.6,8.4,7.8,1.14,0.44,1.43,1.11,4,5,48.5,42.2,58.0,62.0,50.0,20.0,4,5,425.25,314.4,348.25,229.6,81.26,72.46,25.0,0.0,4,5,10.75,12.6,3.0,3.8,27.91,30.16,6.98,11.11,14.33,9.0,4,5,2.5,2.4,1.75,1.2,58.82,66.67,0.0,40.0,1553,82,90,2,2,D
1.5,1.7,1.6,1.6,1.1,1.2,5.5,5.0,54.0,46.33,86.5,77.0,7.1,7.4,1.62,1.38,1.62,1.62,4,3,54.0,46.33,56.0,53.0,100.0,33.33,4,3,527.75,381.67,457.75,293.33,86.49,76.8,50.0,0.0,4,3,13.25,15.33,5.5,5.0,41.51,32.61,9.43,10.87,10.6,9.2,4,3,1.75,5.67,1.25,1.33,58.33,80.95,50.0,0.0,473,1,3,0,3,A
1.3,0.4,1.6,0.8,1.7,2.4,4.25,3.75,51.25,62.5,82.75,89.0,7.4,7.2,1.75,0.12,1.75,0.5,4,4,51.25,62.5,55.0,78.0,75.0,75.0,4,4,433.75,601.5,360.0,536.0,82.72,89.0,50.0,100.0,4,4,14.5,12.0,4.25,3.75,29.31,31.25,6.9,2.08,14.5,48.0,4,4,3.0,4.5,1.0,2.0,75.0,69.23,0.0,0.0,474,4,7,0,0,D
1.4,2.1,0.9,2.2,0.7,1.2,3.0,6.0,35.25,57.0,75.5,88.33,8.0,7.4,1.29,2.38,1.29,2.88,4,3,35.25,57.0,47.0,63.0,0.0,66.67,4,3,296.0,525.0,223.25,464.67,75.42,88.4,0.0,100.0,4,3,10.75,12.33,3.0,6.0,27.91,48.65,9.3,18.92,10.75,5.29,4,3,3.25,2.33,3.25,1.67,50.0,58.33,0.0,0.0,475,9,13,0,0,D
1.1,0.8,1.3,1.8,2.2,2.4,3.5,3.33,41.75,45.0,79.75,79.67,7.3,7.3,1.12,0.62,1.38,1.5,4,3,41.75,45.0,58.0,48.0,25.0,0.0,4,3,383.75,351.33,313.0,279.67,79.75,79.55,25.0,0.0,4,3,8.75,10.67,3.5,3.33,40.0,31.25,14.29,9.38,7.0,10.67,4,3,3.5,3.33,1.75,3.0,66.67,52.63,0.0,0.0,476,10,5,0,3,A
0.6,0.9,1.1,1.1,1.9,1.6,3.33,3.0,40.0,51.67,80.33,78.0,7.3,7.1,1.0,0.71,1.14,1.0,3,3,40.0,51.67,45.0,65.0,0.0,33.33,3,3,337.67,386.0,271.0,303.0,80.3,78.16,0.0,0.0,3,3,10.67,15.0,3.33,3.0,31.25,20.0,3.12,2.22,32.0,45.0,3,3,5.33,2.67,1.33,0.67,80.0,80.0,33.33,33.33,1160,74,61,2,1,H
0.2,0.4,0.8,1.0,2.8,2.4,3.67,5.0,40.67,38.0,72.67,74.67,8.3,8.2,0.33,0.86,0.67,1.71,3,3,40.67,38.0,46.0,39.0,0.0,0.0,3,3,343.33,330.33,249.67,246.67,72.63,74.72,0.0,0.0,3,3,12.67,10.33,3.67,5.0,28.95,48.39,2.63,25.81,38.0,3.88,3,3,3.67,1.67,1.67,1.33,68.75,55.56,0.0,66.67,822,53,54,2,0,H
2.0,1.4,2.1,1.1,1.1,1.4,7.25,6.0,61.5,54.0,89.75,84.0,7.9,7.7,2.62,0.75,2.5,1.25,4,4,61.5,54.0,66.0,60.0,100.0,75.0,4,4,617.5,482.0,553.75,404.25,89.58,83.88,100.0,25.0,4,4,19.25,16.5,7.25,6.0,37.66,36.36,9.09,4.55,11.0,22.0,4,4,1.75,3.5,0.5,1.5,77.78,70.0,50.0,25.0,1554,89,85,4,2,H
1.3,2.4,2.4,2.1,1.4,1.2,6.67,5.25,69.0,60.25,87.67,86.5,7.4,8.0,1.62,2.43,2.5,2.29,3,4,69.0,60.25,71.0,69.0,100.0,75.0,3,4,593.33,560.0,520.67,485.25,87.48,86.52,66.67,50.0,3,4,16.0,15.5,6.67,5.25,41.67,33.87,12.5,11.29,8.0,8.86,3,4,1.33,2.25,1.0,0.25,57.14,90.0,33.33,75.0,477,11,6,3,6,A
1.8,1.5,2.3,1.8,1.6,1.4,3.67,5.0,45.0,61.33,74.67,88.33,8.0,8.0,1.14,0.33,1.86,0.83,3,3,45.0,61.33,60.0,70.0,33.33,100.0,3,3,360.33,596.67,274.33,528.33,74.63,88.31,0.0,100.0,3,3,13.67,14.0,3.67,5.0,26.83,35.71,12.2,14.29,8.2,7.0,3,3,5.0,1.67,1.67,0.67,75.0,71.43,33.33,66.67,823,42,46,1,3,A
3.0,0.9,2.8,0.9,0.5,1.4,5.33,2.75,52.0,32.75,86.0,73.0,7.3,7.0,2.57,1.5,3.14,1.5,3,4,52.0,32.75,58.0,38.0,66.67,0.0,3,4,446.33,278.0,385.0,203.75,86.37,73.02,66.67,0.0,3,4,15.67,9.0,5.33,2.75,34.04,30.56,10.64,8.33,9.4,12.0,3,4,3.0,3.25,2.0,0.5,60.0,86.67,33.33,50.0,1161,67,73,3,2,H
1.6,0.8,1.4,0.9,1.4,1.8,4.5,2.8,55.75,42.4,83.0,77.8,7.5,7.9,1.12,0.12,1.38,0.5,4,5,55.75,42.4,71.0,55.0,50.0,20.0,4,5,493.5,344.2,411.5,269.8,83.2,77.81,50.0,0.0,4,5,11.0,10.0,4.5,2.8,40.91,28.0,9.09,10.0,11.0,10.0,4,5,4.25,3.4,1.75,1.0,70.83,77.27,0.0,20.0,1555,84,88,1,0,H
1.2,1.3,1.1,1.5,1.5,1.4,2.4,4.8,42.0,43.6,75.8,82.8,7.9,8.0,1.25,1.75,0.75,1.38,5,5,42.0,43.6,54.0,46.0,20.0,0.0,5,5,366.0,407.6,279.4,340.8,75.52,83.05,0.0,40.0,5,5,7.8,14.2,2.4,4.8,30.77,33.8,7.69,15.49,13.0,6.45,5,5,3.4,4.0,1.0,1.6,77.27,71.43,20.0,0.0,1556,86,83,2,5,A
0.7,1.6,1.0,1.7,1.3,1.2,2.0,4.0,54.67,58.5,80.67,90.25,7.2,7.2,0.38,1.86,0.75,1.86,3,4,54.67,58.5,70.0,66.0,66.67,75.0,3,4,451.0,567.75,371.67,512.25,80.49,90.26,33.33,100.0,3,4,6.33,11.0,2.0,4.0,31.58,36.36,10.53,13.64,9.5,7.33,3,4,2.0,1.25,1.0,0.0,66.67,100.0,33.33,100.0,1162,78,65,1,2,A
1.5,1.2,1.3,1.1,1.4,1.3,3.5,3.5,51.5,43.5,84.0,71.0,7.6,8.1,1.88,1.33,1.5,0.78,4,4,51.5,43.5,64.0,53.0,50.0,50.0,4,4,483.0,300.75,407.25,217.0,84.04,71.11,25.0,0.0,4,4,14.75,10.0,3.5,3.5,23.73,35.0,5.08,10.0,19.67,10.0,4,3,1.75,2.33,0.75,1.67,70.0,58.33,50.0,0.0,1557,91,97,1,1,D
2.5,1.0,2.1,1.0,0.4,1.5,7.0,2.67,61.33,35.0,84.67,73.67,8.0,7.3,2.43,1.0,2.14,1.25,3,3,61.33,35.0,68.0,44.0,100.0,0.0,3,3,482.33,283.33,409.33,214.0,84.73,73.63,33.33,0.0,3,3,15.67,7.33,7.0,2.67,44.68,36.36,6.38,18.18,15.67,5.5,3,3,3.67,4.0,1.0,0.67,78.57,85.71,33.33,33.33,1163,69,63,1,2,A
2.6,0.7,3.0,0.9,1.0,1.7,5.0,3.0,61.0,48.75,89.33,83.25,8.2,7.4,2.12,0.67,2.38,0.89,3,4,61.0,48.75,67.0,56.0,100.0,50.0,3,4,527.0,417.5,470.67,348.25,89.27,83.41,100.0,25.0,3,4,13.67,13.0,5.0,3.0,36.59,23.08,19.51,5.77,5.12,17.33,3,4,3.33,2.75,0.67,1.75,83.33,61.11,66.67,0.0,1164,72,77,2,0,H
1.0,1.2,1.2,0.7,1.7,0.6,6.25,3.0,62.25,35.25,90.75,75.5,7.3,8.0,2.0,0.75,2.0,0.62,4,4,62.25,35.25,75.0,47.0,100.0,0.0,4,4,640.0,296.0,583.0,223.25,90.83,75.42,100.0,0.0,4,4,16.5,10.75,6.25,3.0,37.88,27.91,16.67,9.3,6.0,10.75,4,4,2.5,3.25,0.75,3.25,76.92,50.0,25.0,0.0,478,14,9,1,1,D
1.4,1.4,1.9,1.4,1.4,1.7,3.0,4.75,39.0,50.5,71.33,85.0,7.2,7.2,1.75,1.25,1.5,1.38,3,4,39.0,50.5,61.0,73.0,33.33,25.0,3,4,312.33,442.75,231.0,380.0,71.38,84.86,0.0,25.0,3,4,8.67,13.25,3.0,4.75,34.62,35.85,15.38,13.21,6.5,7.57,3,4,4.0,1.75,0.67,1.5,85.71,53.85,33.33,0.0,479,2,20,3,0,H
2.0,1.3,1.9,1.3,1.1,1.6,5.0,3.75,46.33,54.0,77.0,81.75,7.5,7.3,1.75,1.12,1.38,1.38,3,4,46.33,54.0,53.0,67.0,33.33,75.0,3,4,381.67,494.5,293.33,405.5,76.8,81.63,0.0,0.0,3,4,15.33,14.25,5.0,3.75,32.61,26.32,10.87,7.02,9.2,14.25,3,4,5.67,3.0,1.33,1.75,80.95,63.16,0.0,0.0,480,3,16,0,0,D
0.5,1.2,0.7,1.2,2.1,1.9,3.75,2.75,62.5,42.75,89.0,80.5,7.4,7.3,0.5,1.12,0.88,1.12,4,4,62.5,42.75,78.0,52.0,75.0,25.0,4,4,601.5,370.75,536.0,299.0,89.0,80.56,100.0,0.0,4,4,12.0,13.25,3.75,2.75,31.25,20.75,2.08,9.43,48.0,10.6,4,4,4.5,3.0,2.0,1.5,69.23,66.67,0.0,25.0,481,7,12,0,1,A
2.1,1.4,2.1,1.4,1.1,1.4,6.0,4.25,57.0,51.25,88.33,82.75,7.3,7.4,1.88,1.25,1.75,1.25,3,4,57.0,51.25,63.0,55.0,66.67,75.0,3,4,525.0,433.75,464.67,360.0,88.4,82.72,100.0,50.0,3,4,12.33,14.5,6.0,4.25,48.65,29.31,18.92,6.9,5.29,14.5,3,4,2.33,3.0,1.67,1.0,58.33,75.0,0.0,0.0,482,13,4,1,2,A
2.1,1.3,1.6,2.5,1.3,1.7,6.0,6.67,42.75,69.0,78.25,87.67,7.2,7.3,1.75,1.25,1.25,2.0,4,3,42.75,69.0,53.0,71.0,50.0,100.0,4,3,373.75,593.33,294.5,520.67,78.13,87.48,0.0,66.67,4,3,14.5,16.0,6.0,6.67,41.38,41.67,6.9,12.5,14.5,8.0,4,3,2.5,1.33,0.5,1.0,83.33,57.14,50.0,33.33,483,19,11,1,0,H
1.1,1.4,1.8,1.6,1.9,1.4,3.33,5.5,45.0,54.0,79.67,86.5,7.4,7.1,0.5,1.12,1.5,1.0,3,4,45.0,54.0,48.0,56.0,0.0,100.0,3,4,351.33,527.75,279.67,457.75,79.55,86.49,0.0,50.0,3,4,10.67,13.25,3.33,5.5,31.25,41.51,9.38,9.43,10.67,10.6,3,4,3.33,1.75,3.0,1.25,52.63,58.33,0.0,50.0,484,5,1,2,0,H
2.4,0.8,2.5,1.2,1.4,2.5,5.25,3.5,60.25,41.75,86.5,79.75,8.1,7.3,2.38,0.62,1.88,1.25,4,4,60.25,41.75,69.0,58.0,75.0,25.0,4,4,560.0,383.75,485.25,313.0,86.52,79.75,50.0,25.0,4,4,15.5,8.75,5.25,3.5,33.87,40.0,11.29,14.29,8.86,7.0,4,4,2.25,3.5,0.25,1.75,90.0,66.67,75.0,0.0,485,6,10,3,1,H
1.3,1.3,1.4,1.9,1.6,1.9,5.0,4.75,60.75,41.5,85.75,82.75,7.2,7.4,1.62,0.12,1.62,0.75,4,4,60.75,41.5,69.0,46.0,75.0,0.0,4,4,523.25,396.75,448.25,328.25,85.66,82.73,100.0,50.0,4,4,16.75,11.25,5.0,4.75,29.85,42.22,8.96,13.33,11.17,7.5,4,4,2.5,5.5,0.5,1.5,83.33,78.57,50.0,0.0,486,15,17,0,0,D
1.6,0.8,1.9,1.0,1.0,1.8,5.67,2.0,50.0,35.75,83.33,79.0,7.3,7.4,2.25,1.0,2.12,1.25,3,4,50.0,35.75,61.0,49.0,66.67,0.0,3,4,401.33,313.5,342.0,250.25,83.44,79.14,66.67,25.0,3,4,12.67,6.25,5.67,2.0,44.74,32.0,13.16,8.0,7.6,12.5,3,4,3.0,3.25,0.33,1.75,90.0,65.0,66.67,25.0,487,8,18,1,0,H
0.9,1.1,1.0,0.9,1.5,1.1,2.75,3.0,32.75,40.33,73.0,78.33,7.2,7.4,0.88,1.43,0.25,0.71,4,3,32.75,40.33,38.0,58.0,0.0,33.33,4,3,278.0,320.0,203.75,252.33,73.02,78.38,0.0,0.0,4,3,9.0,11.67,2.75,3.0,30.56,25.71,8.33,8.57,12.0,11.67,4,3,3.25,2.67,0.5,1.33,86.67,66.67,50.0,33.33,1165,73,64,1,2,A
0.9,0.6,1.3,1.0,2.1,1.4,4.33,2.0,41.33,54.67,81.0,80.67,7.1,7.3,0.89,0.88,1.56,1.0,3,3,41.33,54.67,46.0,70.0,0.0,66.67,3,3,344.67,451.0,281.0,371.67,80.86,80.49,0.0,33.33,3,3,12.0,6.33,4.33,2.0,36.11,31.58,11.11,10.53,9.0,9.5,3,3,5.0,2.0,1.33,1.0,78.95,66.67,0.0,33.33,1166,75,78,2,1,H
0.8,2.6,1.1,2.9,1.7,0.8,3.0,5.0,51.67,61.0,78.0,89.33,7.4,8.4,1.0,2.43,0.89,3.0,3,3,51.67,61.0,65.0,67.0,33.33,100.0,3,3,386.0,527.0,303.0,470.67,78.16,89.27,0.0,100.0,3,3,15.0,13.67,3.0,5.0,20.0,36.59,2.22,19.51,45.0,5.12,3,3,2.67,3.33,0.67,0.67,80.0,83.33,33.33,66.67,1167,61,72,0,3,A
2.1,3.0,1.8,2.6,1.3,0.6,5.33,5.33,58.0,52.0,88.33,86.0,7.3,7.5,2.38,2.11,2.12,1.89,3,3,58.0,52.0,67.0,58.0,66.67,66.67,3,3,474.0,446.33,419.0,385.0,88.13,86.37,100.0,66.67,3,3,12.33,15.67,5.33,5.33,43.24,34.04,16.22,10.64,6.17,9.4,3,3,1.67,3.0,1.67,2.0,50.0,60.0,0.0,33.33,1168,59,67,1,1,D
1.0,0.8,1.1,0.5,1.6,1.1,2.67,5.33,35.0,48.0,73.67,83.67,7.5,7.3,1.5,1.22,1.12,1.22,3,3,35.0,48.0,44.0,58.0,0.0,33.33,3,3,283.33,422.67,214.0,354.67,73.63,83.7,0.0,33.33,3,3,7.33,10.67,2.67,5.33,36.36,50.0,18.18,15.62,5.5,6.4,3,3,4.0,5.0,0.67,1.0,85.71,83.33,33.33,33.33,1169,63,70,2,2,D
2.2,0.9,1.2,1.2,0.7,1.8,5.33,3.33,53.33,40.0,82.67,80.33,7.3,7.5,2.25,0.33,1.5,0.78,3,3,53.33,40.0,67.0,45.0,66.67,0.0,3,3,448.33,337.67,373.0,271.0,82.64,80.3,33.33,0.0,3,3,19.67,10.67,5.33,3.33,27.12,31.25,8.47,3.12,11.8,32.0,3,3,1.33,5.33,1.33,1.33,50.0,80.0,33.33,33.33,1170,62,74,1,0,H
0.5,0.8,1.0,1.1,2.6,1.7,3.5,6.25,41.75,62.25,79.75,90.75,6.3,6.4,1.0,1.22,1.22,1.44,4,4,41.75,62.25,58.0,75.0,25.0,100.0,4,4,383.75,640.0,313.0,583.0,79.75,90.83,25.0,100.0,4,4,8.75,16.5,3.5,6.25,40.0,37.88,14.29,16.67,7.0,6.0,4,4,3.5,2.5,1.75,0.75,66.67,76.92,0.0,25.0,488,10,14,0,2,A
1.7,1.8,1.5,1.7,1.2,1.1,4.25,5.0,51.25,46.33,82.75,77.0,6.4,6.5,1.67,1.56,1.56,1.78,4,3,51.25,46.33,55.0,53.0,75.0,33.33,4,3,433.75,381.67,360.0,293.33,82.72,76.8,50.0,0.0,4,3,14.5,15.33,4.25,5.0,29.31,32.61,6.9,10.87,14.5,9.2,4,3,3.0,5.67,1.0,1.33,75.0,80.95,0.0,0.0,489,4,3,2,2,D
1.2,2.1,0.8,1.6,0.7,1.3,3.0,6.0,35.25,42.75,75.5,78.25,7.6,6.2,1.25,1.89,1.12,1.44,4,4,35.25,42.75,47.0,53.0,0.0,50.0,4,4,296.0,373.75,223.25,294.5,75.42,78.13,0.0,0.0,4,4,10.75,14.5,3.0,6.0,27.91,41.38,9.3,6.9,10.75,14.5,4,4,3.25,2.5,3.25,0.5,50.0,83.33,0.0,50.0,490,9,19,0,2,A
1.0,1.4,2.1,1.9,1.7,1.7,6.67,3.33,69.0,45.0,87.67,79.67,6.4,6.4,1.44,0.89,2.56,1.67,3,3,69.0,45.0,71.0,48.0,100.0,0.0,3,3,593.33,351.33,520.67,279.67,87.48,79.55,66.67,0.0,3,3,16.0,10.67,6.67,3.33,41.67,31.25,12.5,9.38,8.0,10.67,3,3,1.33,3.33,1.0,3.0,57.14,52.63,33.33,0.0,491,11,5,2,2,D
1.4,0.5,1.3,0.5,1.5,1.9,3.75,3.75,54.0,62.5,81.75,89.0,6.1,6.4,0.78,0.22,0.78,0.44,4,4,54.0,62.5,67.0,78.0,75.0,75.0,4,4,494.5,601.5,405.5,536.0,81.63,89.0,0.0,100.0,4,4,14.25,12.0,3.75,3.75,26.32,31.25,7.02,2.08,14.25,48.0,4,4,3.0,4.5,1.75,2.0,63.16,69.23,0.0,0.0,492,16,7,2,1,H
1.8,2.4,1.8,2.2,1.2,0.6,4.0,7.0,58.5,61.33,90.25,84.67,7.3,8.1,1.67,1.75,1.44,1.62,4,3,58.5,61.33,66.0,68.0,75.0,100.0,4,3,567.75,482.33,512.25,409.33,90.26,84.73,100.0,33.33,4,3,11.0,15.67,4.0,7.0,36.36,44.68,13.64,6.38,7.33,15.67,4,3,1.25,3.67,0.0,1.0,100.0,78.57,100.0,33.33,1171,65,69,2,2,D
1.5,2.4,1.2,2.7,1.5,1.5,2.75,5.25,42.75,60.25,80.5,86.5,6.5,7.9,1.22,2.5,1.44,2.75,4,4,42.75,60.25,52.0,69.0,25.0,75.0,4,4,370.75,560.0,299.0,485.25,80.56,86.52,0.0,50.0,4,4,13.25,15.5,2.75,5.25,20.75,33.87,9.43,11.29,10.6,8.86,4,4,3.0,2.25,1.5,0.25,66.67,90.0,25.0,75.0,493,12,6,0,5,A
1.5,0.9,1.1,1.5,0.9,1.8,5.0,3.67,58.33,60.0,89.67,86.33,8.2,7.3,1.88,0.5,1.62,0.62,3,3,58.33,60.0,61.0,73.0,100.0,66.67,3,3,520.33,515.67,466.0,446.67,89.62,86.26,100.0,66.67,3,3,17.67,16.33,5.0,3.67,28.3,22.45,9.43,2.04,10.6,49.0,3,3,2.33,1.67,2.0,0.67,53.85,71.43,0.0,66.67,1172,60,66,1,1,D
0.7,1.1,0.8,0.8,1.6,1.7,3.0,4.0,48.75,40.33,83.25,79.67,7.7,7.5,1.29,0.5,1.43,0.25,4,3,48.75,40.33,56.0,47.0,50.0,0.0,4,3,417.5,343.33,348.25,277.33,83.41,79.75,25.0,33.33,4,3,13.0,16.0,3.0,4.0,23.08,25.0,5.77,2.08,17.33,48.0,4,3,2.75,1.67,1.75,2.0,61.11,45.45,0.0,33.33,1173,77,76,2,0,H
0.8,2.1,1.0,2.1,1.7,1.1,2.0,6.0,35.75,57.0,79.0,88.33,6.6,6.3,0.44,2.22,0.67,2.56,4,3,35.75,57.0,49.0,63.0,0.0,66.67,4,3,313.5,525.0,250.25,464.67,79.14,88.4,25.0,100.0,4,3,6.25,12.33,2.0,6.0,32.0,48.65,8.0,18.92,12.5,5.29,4,3,3.25,2.33,1.75,1.67,65.0,58.33,25.0,0.0,494,18,13,2,0,H
1.1,1.1,1.1,1.3,1.9,1.6,4.75,5.0,50.5,60.75,85.0,85.75,6.4,6.6,2.0,1.33,1.67,1.56,4,4,50.5,60.75,73.0,69.0,25.0,75.0,4,4,442.75,523.25,380.0,448.25,84.86,85.66,25.0,100.0,4,4,13.25,16.75,4.75,5.0,35.85,29.85,13.21,8.96,7.57,11.17,4,4,1.75,2.5,1.5,0.5,53.85,83.33,0.0,50.0,495,20,15,2,2,D
2.1,0.6,1.6,0.9,0.9,2.8,4.0,2.67,64.75,38.33,85.75,75.67,8.0,7.3,1.86,0.75,1.14,1.25,4,3,64.75,38.33,74.0,42.0,100.0,0.0,4,3,542.25,330.67,464.5,253.33,85.64,75.58,50.0,33.33,4,3,14.5,8.67,4.0,2.67,27.59,30.77,6.9,19.23,14.5,5.2,4,3,1.75,2.33,1.75,1.0,50.0,70.0,0.0,66.67,1174,68,71,2,3,A
1.1,1.7,1.4,2.2,1.5,1.3,5.5,3.0,54.0,39.0,86.5,71.33,6.2,6.4,1.44,1.33,1.44,1.67,4,3,54.0,39.0,56.0,61.0,100.0,33.33,4,3,527.75,312.33,457.75,231.0,86.49,71.38,50.0,0.0,4,3,13.25,8.67,5.5,3.0,41.51,34.62,9.43,15.38,10.6,6.5,4,3,1.75,4.0,1.25,0.67,58.33,85.71,50.0,33.33,496,1,2,0,2,A
1.4,1.9,1.8,2.0,1.7,0.8,4.75,5.67,41.5,50.0,82.75,83.33,6.6,6.5,2.44,1.67,2.89,1.89,4,3,41.5,50.0,46.0,61.0,0.0,66.67,4,3,396.75,401.33,328.25,342.0,82.73,83.44,50.0,66.67,4,3,11.25,12.67,4.75,5.67,42.22,44.74,13.33,13.16,7.5,7.6,4,3,5.5,3.0,1.5,0.33,78.57,90.0,0.0,66.67,497,17,8,1,3,A
1.7,1.0,1.4,1.1,1.3,1.4,4.5,6.0,50.75,45.0,84.5,81.33,8.1,8.2,2.14,0.14,2.57,0.57,4,3,50.75,45.0,58.0,48.0,50.0,0.0,4,3,427.0,376.0,362.0,306.67,84.67,81.4,50.0,0.0,4,3,11.5,16.33,4.5,6.0,39.13,36.73,13.04,10.2,7.67,9.8,4,3,4.0,3.33,1.5,1.67,72.73,66.67,0.0,33.33,137,27,31,3,2,H
0.7,2.2,1.1,2.4,1.6,1.2,3.0,7.25,48.5,61.5,81.25,89.75,8.4,8.1,1.12,1.78,1.5,1.89,4,4,48.5,61.5,58.0,66.0,50.0,100.0,4,4,425.25,617.5,348.25,553.75,81.26,89.58,25.0,100.0,4,4,10.75,19.25,3.0,7.25,27.91,37.66,6.98,9.09,14.33,11.0,4,4,2.5,1.75,1.75,0.5,58.82,77.78,0.0,50.0,1558,82,89,1,2,A
1.1,2.0,2.3,2.3,1.8,1.1,6.67,3.0,69.0,39.0,87.67,71.33,5.9,6.1,1.4,1.5,2.5,1.7,3,3,69.0,39.0,71.0,61.0,100.0,33.33,3,3,593.33,312.33,520.67,231.0,87.48,71.38,66.67,0.0,3,3,16.0,8.67,6.67,3.0,41.67,34.62,12.5,15.38,8.0,6.5,3,3,1.33,4.0,1.0,0.67,57.14,85.71,33.33,33.33,498,11,2,1,2,A
0.9,0.9,1.2,1.1,1.7,1.6,3.33,2.75,40.0,32.75,80.33,73.0,6.7,6.4,1.25,1.33,1.25,1.56,3,4,40.0,32.75,45.0,38.0,0.0,0.0,3,4,337.67,278.0,271.0,203.75,80.3,73.02,0.0,0.0,3,4,10.67,9.0,3.33,2.75,31.25,30.56,3.12,8.33,32.0,12.0,3,4,5.33,3.25,1.33,0.5,80.0,86.67,33.33,50.0,1175,74,73,1,1,D
1.8,0.9,1.8,0.6,1.2,0.9,5.0,3.0,46.33,35.25,77.0,75.5,6.2,6.6,1.67,0.78,1.22,0.67,3,4,46.33,35.25,53.0,47.0,33.33,0.0,3,4,381.67,296.0,293.33,223.25,76.8,75.42,0.0,0.0,3,4,15.33,10.75,5.0,3.0,32.61,27.91,10.87,9.3,9.2,10.75,3,4,5.67,3.25,1.33,3.25,80.95,50.0,0.0,0.0,499,3,9,1,0,H
0.5,1.1,0.6,1.5,2.0,1.7,3.75,4.75,62.5,41.5,89.0,82.75,6.0,6.3,0.44,0.22,0.78,0.67,4,4,62.5,41.5,78.0,46.0,75.0,0.0,4,4,601.5,396.75,536.0,328.25,89.0,82.73,100.0,50.0,4,4,12.0,11.25,3.75,4.75,31.25,42.22,2.08,13.33,48.0,7.5,4,4,4.5,5.5,2.0,1.5,69.23,78.57,0.0,0.0,500,7,17,0,5,A
0.8,1.2,1.2,1.0,1.7,1.9,6.25,2.75,62.25,42.75,90.75,80.5,6.1,6.0,1.89,1.33,1.89,1.11,4,4,62.25,42.75,75.0,52.0,100.0,25.0,4,4,640.0,370.75,583.0,299.0,90.83,80.56,100.0,0.0,4,4,16.5,13.25,6.25,2.75,37.88,20.75,16.67,9.43,6.0,10.6,4,4,2.5,3.0,0.75,1.5,76.92,66.67,25.0,25.0,501,14,12,4,1,H
1.4,1.8,1.4,1.9,1.6,1.2,3.75,6.0,54.0,57.0,81.75,88.33,5.9,6.1,1.0,2.0,0.9,2.3,4,3,54.0,57.0,67.0,63.0,75.0,66.67,4,3,494.5,525.0,405.5,464.67,81.63,88.4,0.0,100.0,4,3,14.25,12.33,3.75,6.0,26.32,48.65,7.02,18.92,14.25,5.29,4,3,3.0,2.33,1.75,1.67,63.16,58.33,0.0,0.0,502,16,13,1,1,D
1.1,0.5,1.2,0.9,2.0,2.5,4.75,3.5,50.5,41.75,85.0,79.75,6.1,5.9,1.9,0.56,1.7,1.22,4,4,50.5,41.75,73.0,58.0,25.0,25.0,4,4,442.75,383.75,380.0,313.0,84.86,79.75,25.0,25.0,4,4,13.25,8.75,4.75,3.5,35.85,40.0,13.21,14.29,7.57,7.0,4,4,1.75,3.5,1.5,1.75,53.85,66.67,0.0,0.0,503,20,10,2,1,H
1.0,1.2,1.1,1.3,1.9,1.1,3.5,3.33,44.75,39.33,78.0,79.0,7.9,8.0,1.71,1.57,1.0,1.57,4,3,44.75,39.33,59.0,53.0,50.0,33.33,4,3,350.0,336.67,276.5,266.67,77.97,78.72,0.0,0.0,4,3,11.5,8.67,3.5,3.33,30.43,38.46,2.17,15.38,46.0,6.5,4,3,4.0,5.67,1.75,1.67,69.57,77.27,25.0,0.0,138,39,30,3,1,H
2.2,2.2,2.2,1.2,0.7,0.7,7.0,5.33,61.33,53.33,84.67,82.67,7.9,6.5,2.12,2.22,2.0,1.56,3,3,61.33,53.33,68.0,67.0,100.0,66.67,3,3,482.33,448.33,409.33,373.0,84.73,82.64,33.33,33.33,3,3,15.67,19.67,7.0,5.33,44.68,27.12,6.38,8.47,15.67,11.8,3,3,3.67,1.33,1.0,1.33,78.57,50.0,33.33,33.33,1176,69,62,0,3,A
1.1,2.1,1.3,2.1,1.6,0.7,5.0,5.67,60.75,50.0,85.75,83.33,6.2,6.2,1.56,1.8,1.44,2.0,4,3,60.75,50.0,69.0,61.0,75.0,66.67,4,3,523.25,401.33,448.25,342.0,85.66,83.44,100.0,66.67,4,3,16.75,12.67,5.0,5.67,29.85,44.74,8.96,13.16,11.17,7.6,4,3,2.5,3.0,0.5,0.33,83.33,90.0,50.0,66.67,504,15,8,1,1,D
2.0,0.6,1.7,1.0,0.8,2.0,5.0,3.67,61.75,37.33,87.25,76.67,8.2,8.0,2.0,0.75,1.86,1.12,4,3,61.75,37.33,71.0,46.0,75.0,0.0,4,3,587.25,321.67,514.5,250.67,87.37,77.01,100.0,0.0,4,3,14.5,9.33,5.0,3.67,34.48,39.29,8.62,17.86,11.6,5.6,4,3,2.5,4.0,1.0,0.33,71.43,92.31,50.0,66.67,139,22,26,1,1,D
0.9,1.1,1.2,1.3,2.7,1.7,2.67,2.67,38.33,35.0,75.67,73.67,6.6,6.6,1.0,1.22,1.22,1.33,3,3,38.33,35.0,42.0,44.0,0.0,0.0,3,3,330.67,283.33,253.33,214.0,75.58,73.63,33.33,0.0,3,3,8.67,7.33,2.67,2.67,30.77,36.36,19.23,18.18,5.2,5.5,3,3,2.33,4.0,1.0,0.67,70.0,85.71,66.67,33.33,1177,71,63,0,0,D
2.1,0.5,2.1,1.0,0.9,2.3,4.67,4.0,46.33,47.33,81.0,82.67,8.0,8.1,1.86,0.0,2.14,0.43,3,3,46.33,47.33,52.0,69.0,33.33,33.33,3,3,394.67,406.67,320.67,341.0,80.91,83.0,0.0,33.33,3,3,12.33,8.67,4.67,4.0,37.84,46.15,10.81,7.69,9.25,13.0,3,3,4.67,3.0,2.67,3.33,63.64,47.37,0.0,0.0,140,23,25,1,0,H
0.3,0.5,0.8,0.8,1.6,1.8,2.0,3.0,54.67,51.67,80.67,78.0,6.3,6.6,0.33,0.62,0.78,1.0,3,3,54.67,51.67,70.0,65.0,66.67,33.33,3,3,451.0,386.0,371.67,303.0,80.49,78.16,33.33,0.0,3,3,6.33,15.0,2.0,3.0,31.58,20.0,10.53,2.22,9.5,45.0,3,3,2.0,2.67,1.0,0.67,66.67,80.0,33.33,33.33,1178,78,61,1,2,A
1.1,1.3,1.1,1.6,1.7,1.7,4.0,6.0,43.33,48.33,80.0,80.33,8.1,8.1,0.57,0.43,1.29,1.0,3,3,43.33,48.33,54.0,50.0,33.33,0.0,3,3,369.67,425.33,298.67,343.33,80.17,79.98,33.33,33.33,3,3,9.33,14.33,4.0,6.0,42.86,41.86,3.57,11.63,28.0,8.6,3,3,3.67,2.67,2.33,2.33,61.11,53.33,0.0,33.33,141,21,34,2,0,H
1.1,1.8,1.4,1.8,1.7,1.1,5.67,4.33,56.67,53.67,83.67,84.67,8.0,7.9,1.71,0.57,1.57,1.29,3,3,56.67,53.67,60.0,65.0,100.0,66.67,3,3,483.67,471.33,405.33,400.0,83.72,84.92,33.33,66.67,3,3,12.33,11.67,5.67,4.33,45.95,37.14,18.92,8.57,5.29,11.67,3,3,5.33,3.33,2.0,2.0,72.73,62.5,0.0,0.0,142,32,35,3,1,H
1.5,1.6,1.4,1.3,1.2,1.1,5.67,3.33,50.0,40.0,79.67,77.33,8.0,7.8,1.57,1.0,1.14,1.0,3,3,50.0,40.0,59.0,54.0,66.67,33.33,3,3,421.0,364.0,338.33,285.33,79.52,77.64,0.0,0.0,3,3,14.0,10.0,5.67,3.33,40.48,33.33,9.52,6.67,10.5,15.0,3,3,2.33,2.0,0.33,1.33,87.5,60.0,66.67,33.33,143,38,33,0,1,A
1.7,1.1,1.6,0.9,1.3,1.3,4.25,2.0,51.25,35.75,82.75,79.0,6.0,6.1,1.6,0.89,1.6,1.11,4,4,51.25,35.75,55.0,49.0,75.0,0.0,4,4,433.75,313.5,360.0,250.25,82.72,79.14,50.0,25.0,4,4,14.5,6.25,4.25,2.0,29.31,32.0,6.9,8.0,14.5,12.5,4,4,3.0,3.25,1.0,1.75,75.0,65.0,0.0,25.0,505,4,18,2,2,D
1.1,1.3,0.8,0.9,1.3,1.0,4.0,3.0,40.33,40.33,79.67,78.33,6.8,6.7,1.33,1.62,1.0,0.88,3,3,40.33,40.33,47.0,58.0,0.0,33.33,3,3,343.33,320.0,277.33,252.33,79.75,78.38,33.33,0.0,3,3,16.0,11.67,4.0,3.0,25.0,25.71,2.08,8.57,48.0,11.67,3,3,1.67,2.67,2.0,1.33,45.45,66.67,33.33,33.33,1179,76,64,0,0,D
2.4,1.1,3.0,1.3,1.4,1.5,5.25,5.5,60.25,54.0,86.5,86.5,6.6,5.9,2.44,1.0,2.0,0.89,4,4,60.25,54.0,69.0,56.0,75.0,100.0,4,4,560.0,527.75,485.25,457.75,86.52,86.49,50.0,50.0,4,4,15.5,13.25,5.25,5.5,33.87,41.51,11.29,9.43,8.86,10.6,4,4,2.25,1.75,0.25,1.25,90.0,58.33,75.0,50.0,506,6,1,2,2,D
0.9,1.1,0.5,1.4,1.0,2.1,5.33,4.33,48.0,41.33,83.67,81.0,6.6,6.4,1.0,0.88,0.75,1.12,3,3,48.0,41.33,58.0,46.0,33.33,0.0,3,3,422.67,344.67,354.67,281.0,83.7,80.86,33.33,0.0,3,3,10.67,12.0,5.33,4.33,50.0,36.11,15.62,11.11,6.4,9.0,3,3,5.0,5.0,1.0,1.33,83.33,78.95,33.33,0.0,1180,70,75,0,0,D
1.7,0.6,1.7,0.4,1.2,1.9,6.25,5.0,62.0,38.0,88.75,79.0,8.1,8.0,1.29,0.86,1.29,0.86,4,3,62.0,38.0,76.0,49.0,75.0,0.0,4,3,630.5,331.33,563.5,264.33,88.69,78.87,75.0,0.0,4,3,12.5,13.67,6.25,5.0,50.0,36.59,24.0,14.63,4.17,6.83,4,3,2.75,4.0,1.0,1.67,73.33,70.59,25.0,33.33,144,24,36,5,1,H
1.0,2.2,1.6,1.9,1.8,1.3,3.67,5.33,60.0,58.0,86.33,88.33,6.6,6.7,1.67,1.67,2.0,1.67,3,3,60.0,58.0,73.0,67.0,66.67,66.67,3,3,515.67,474.0,446.67,419.0,86.26,88.13,66.67,100.0,3,3,16.33,12.33,3.67,5.33,22.45,43.24,2.04,16.22,49.0,6.17,3,3,1.67,1.67,0.67,1.67,71.43,50.0,66.67,0.0,1181,66,59,2,0,H
1.4,2.1,1.9,1.5,1.7,1.2,3.33,6.0,45.0,42.75,79.67,78.25,6.0,6.1,0.78,2.0,1.56,1.5,3,4,45.0,42.75,48.0,53.0,0.0,50.0,3,4,351.33,373.75,279.67,294.5,79.55,78.13,0.0,0.0,3,4,10.67,14.5,3.33,6.0,31.25,41.38,9.38,6.9,10.67,14.5,3,4,3.33,2.5,3.0,0.5,52.63,83.33,0.0,50.0,507,5,19,0,3,A
0.6,1.4,0.9,1.4,1.9,1.3,3.67,5.0,37.33,61.33,76.67,84.0,9.3,7.7,1.14,1.86,1.14,1.71,3,3,37.33,61.33,46.0,62.0,0.0,100.0,3,3,321.67,473.0,250.67,398.67,77.01,84.22,0.0,33.33,3,3,9.33,17.33,3.67,5.0,39.29,28.85,17.86,7.69,5.6,13.0,3,3,4.0,2.33,0.33,0.33,92.31,87.5,66.67,66.67,145,26,29,2,2,D
1.5,2.2,1.7,2.3,1.3,1.1,5.0,9.33,61.33,60.33,88.33,88.33,8.2,8.2,2.5,2.14,2.5,2.14,3,3,61.33,60.33,70.0,63.0,100.0,100.0,3,3,596.67,606.33,528.33,535.67,88.31,88.28,100.0,100.0,3,3,14.0,23.67,5.0,9.33,35.71,39.44,14.29,12.68,7.0,7.89,3,3,1.67,3.33,0.67,2.0,71.43,62.5,66.67,0.0,824,46,48,2,3,A
1.9,0.9,1.6,0.9,1.5,1.5,5.33,3.0,58.0,48.75,88.33,83.25,6.8,6.9,2.22,0.6,2.0,0.8,3,4,58.0,48.75,67.0,56.0,66.67,50.0,3,4,474.0,417.5,419.0,348.25,88.13,83.41,100.0,25.0,3,4,12.33,13.0,5.33,3.0,43.24,23.08,16.22,5.77,6.17,17.33,3,4,1.67,2.75,1.67,1.75,50.0,61.11,0.0,0.0,1182,59,77,1,1,D
1.2,1.4,1.1,1.2,1.3,1.3,3.5,5.5,43.5,54.5,71.0,85.75,8.2,7.8,1.12,0.5,1.5,1.25,4,4,43.5,54.5,53.0,64.0,50.0,50.0,4,4,300.75,515.5,217.0,443.5,71.11,85.88,0.0,75.0,4,4,10.0,11.25,3.5,5.5,35.0,48.89,10.0,22.22,10.0,4.5,3,4,2.33,2.75,1.67,2.25,58.33,55.0,0.0,0.0,1559,97,87,2,1,H
1.5,1.8,1.6,1.5,1.4,0.9,4.33,5.0,53.67,61.75,84.67,87.25,9.5,9.6,2.12,1.62,1.75,1.5,3,4,53.67,61.75,65.0,71.0,66.67,75.0,3,4,471.33,587.25,400.0,514.5,84.92,87.37,66.67,100.0,3,4,11.67,14.5,4.33,5.0,37.14,34.48,8.57,8.62,11.67,11.6,3,4,3.33,2.5,2.0,1.0,62.5,71.43,0.0,50.0,146,35,22,0,0,D
0.7,1.6,1.0,1.7,1.8,1.4,3.8,3.75,42.2,57.5,72.6,90.0,8.1,7.9,1.5,1.0,1.12,0.89,5,4,42.2,57.5,62.0,61.0,20.0,100.0,5,4,314.4,548.0,229.6,492.75,72.46,89.81,0.0,100.0,5,4,12.6,11.75,3.8,3.75,30.16,31.91,11.11,14.89,9.0,6.71,5,4,2.4,2.75,1.2,1.0,66.67,73.33,40.0,50.0,1560,90,93,0,1,A
0.9,2.8,1.1,2.5,1.7,0.7,2.67,5.33,35.0,52.0,73.67,86.0,6.6,6.7,1.44,2.0,1.22,1.8,3,3,35.0,52.0,44.0,58.0,0.0,66.67,3,3,283.33,446.33,214.0,385.0,73.63,86.37,0.0,66.67,3,3,7.33,15.67,2.67,5.33,36.36,34.04,18.18,10.64,5.5,9.4,3,3,4.0,3.0,0.67,2.0,85.71,60.0,33.33,33.33,1183,63,67,0,0,D
0.9,1.2,1.1,0.8,1.6,1.2,2.75,4.0,32.75,40.33,73.0,79.67,6.4,6.7,0.78,0.44,0.33,0.22,4,3,32.75,40.33,38.0,47.0,0.0,0.0,4,3,278.0,343.33,203.75,277.33,73.02,79.75,0.0,33.33,4,3,9.0,16.0,2.75,4.0,30.56,25.0,8.33,2.08,12.0,48.0,4,3,3.25,1.67,0.5,2.0,86.67,45.45,50.0,33.33,1184,73,76,1,3,A
1.5,0.7,1.3,1.2,1.7,2.1,6.0,4.0,40.0,42.67,76.33,79.33,8.2,8.2,2.29,0.29,2.0,1.43,3,3,40.0,42.67,54.0,54.0,33.33,33.33,3,3,365.0,371.0,279.67,295.67,76.45,79.45,0.0,0.0,3,3,17.0,11.67,6.0,4.0,35.29,34.29,9.8,8.57,10.2,11.67,3,3,1.33,4.67,1.33,3.67,50.0,56.0,0.0,0.0,825,41,57,3,2,H
2.0,0.5,2.0,0.8,1.0,2.4,5.0,3.67,45.0,40.67,77.5,72.67,8.2,8.5,1.38,0.12,1.25,0.88,2,3,45.0,40.67,54.0,46.0,50.0,0.0,2,3,332.5,343.33,259.0,249.67,77.84,72.63,0.0,0.0,2,3,12.5,12.67,5.0,3.67,40.0,28.95,16.0,2.63,6.25,38.0,2,3,6.0,3.67,2.0,1.67,75.0,68.75,0.0,0.0,826,45,53,2,0,H
1.1,1.7,1.1,2.2,1.3,1.7,5.33,3.67,48.33,45.0,84.33,74.67,8.0,8.2,1.25,1.86,2.0,2.57,3,3,48.33,45.0,55.0,60.0,33.33,33.33,3,3,437.67,360.33,369.0,274.33,84.33,74.63,0.0,0.0,3,3,15.67,13.67,5.33,3.67,34.04,26.83,10.64,12.2,9.4,8.2,3,3,3.67,5.0,3.0,1.67,55.0,75.0,0.0,33.33,827,47,42,0,1,A
0.1,0.9,0.8,1.0,2.6,1.6,5.0,4.33,38.0,39.0,74.67,73.33,8.2,8.1,0.57,0.62,0.86,0.75,3,3,38.0,39.0,39.0,46.0,0.0,0.0,3,3,330.33,345.67,246.67,254.0,74.72,73.43,0.0,0.0,3,3,10.33,12.0,5.0,4.33,48.39,36.11,25.81,5.56,3.88,18.0,3,3,1.67,2.33,1.33,0.33,55.56,87.5,66.67,66.67,828,54,55,2,0,H
1.0,1.5,0.8,2.4,1.3,1.7,2.0,5.0,61.0,40.0,80.0,82.67,8.1,7.8,0.71,1.62,0.43,2.0,2,3,61.0,40.0,61.0,50.0,100.0,0.0,2,3,568.0,367.33,451.5,304.33,79.53,82.55,0.0,33.33,2,3,9.5,13.0,2.0,5.0,21.05,38.46,0.0,12.82,0.0,7.8,2,3,2.5,2.67,1.5,1.33,62.5,66.67,0.0,0.0,829,56,49,0,1,A
0.7,1.3,0.8,1.3,2.0,1.5,1.0,3.5,42.25,51.5,83.0,84.0,8.1,8.1,1.0,1.0,0.67,0.89,4,4,42.25,51.5,59.0,64.0,25.0,50.0,4,4,371.5,483.0,310.25,407.25,82.86,84.04,25.0,25.0,4,4,9.0,14.75,1.0,3.5,11.11,23.73,2.78,5.08,36.0,19.67,4,4,3.25,1.75,2.5,0.75,56.52,70.0,50.0,50.0,1561,95,91,1,0,H
1.3,2.1,1.6,2.0,1.6,0.8,6.0,4.67,48.33,46.33,80.33,81.0,9.6,9.4,2.0,1.5,2.12,1.5,3,3,48.33,46.33,50.0,52.0,0.0,33.33,3,3,425.33,394.67,343.33,320.67,79.98,80.91,33.33,0.0,3,3,14.33,12.33,6.0,4.67,41.86,37.84,11.63,10.81,8.6,9.25,3,3,2.67,4.67,2.33,2.67,53.33,63.64,33.33,0.0,147,34,23,2,1,H
0.7,1.6,0.4,1.9,1.0,1.4,5.33,4.0,48.0,58.5,83.67,90.25,6.8,6.6,1.0,2.0,0.67,1.88,3,4,48.0,58.5,58.0,66.0,33.33,75.0,3,4,422.67,567.75,354.67,512.25,83.7,90.26,33.33,100.0,3,4,10.67,11.0,5.33,4.0,50.0,36.36,15.62,13.64,6.4,7.33,3,4,5.0,1.25,1.0,0.0,83.33,100.0,33.33,100.0,1185,70,65,1,1,D
1.8,2.3,1.9,3.0,1.2,0.9,6.67,7.67,49.0,69.67,81.67,88.67,7.9,7.9,2.0,2.12,2.25,3.12,3,3,49.0,69.67,61.0,71.0,33.33,100.0,3,3,480.0,704.33,393.0,628.33,81.59,88.91,0.0,100.0,3,3,14.67,16.67,6.67,7.67,45.45,46.0,11.36,22.0,8.8,4.55,3,3,5.0,1.0,2.0,1.0,71.43,50.0,33.33,33.33,830,44,40,0,1,A
0.8,1.1,0.9,1.2,1.8,1.9,2.8,2.4,42.4,42.0,77.8,75.8,8.0,7.9,1.56,0.89,1.33,1.0,5,5,42.4,42.0,55.0,54.0,20.0,20.0,5,5,344.2,366.0,269.8,279.4,77.81,75.52,0.0,0.0,5,5,10.0,7.8,2.8,2.4,28.0,30.77,10.0,7.69,10.0,13.0,5,5,3.4,3.4,1.0,1.0,77.27,77.27,20.0,20.0,1562,88,86,1,1,D
0.9,1.9,1.1,1.7,1.3,1.5,3.33,4.5,39.33,50.75,79.0,84.5,9.3,9.3,1.12,1.12,1.12,1.25,3,4,39.33,50.75,53.0,58.0,33.33,50.0,3,4,336.67,427.0,266.67,362.0,78.72,84.67,0.0,50.0,3,4,8.67,11.5,3.33,4.5,38.46,39.13,15.38,13.04,6.5,7.67,3,4,5.67,4.0,1.67,1.5,77.27,72.73,0.0,0.0,148,30,27,2,4,A
1.6,0.8,1.1,1.0,0.8,1.7,5.0,3.0,58.33,51.67,89.67,78.0,8.2,6.8,1.78,0.89,1.56,1.11,3,3,58.33,51.67,61.0,65.0,100.0,33.33,3,3,520.33,386.0,466.0,303.0,89.62,78.16,100.0,0.0,3,3,17.67,15.0,5.0,3.0,28.3,20.0,9.43,2.22,10.6,45.0,3,3,2.33,2.67,2.0,0.67,53.85,80.0,0.0,33.33,1186,60,61,1,1,D
1.3,0.7,1.2,1.2,1.7,1.5,6.0,3.0,54.0,48.5,84.0,81.25,8.0,9.3,1.78,0.33,0.89,0.44,4,4,54.0,48.5,60.0,58.0,75.0,50.0,4,4,482.0,425.25,404.25,348.25,83.88,81.26,25.0,25.0,4,4,16.5,10.75,6.0,3.0,36.36,27.91,4.55,6.98,22.0,14.33,4,4,3.5,2.5,1.5,1.75,70.0,58.82,25.0,0.0,1563,85,82,1,1,D
1.0,2.0,1.2,2.2,1.4,1.2,6.0,6.25,45.0,62.0,81.33,88.75,9.5,9.6,2.0,2.62,2.0,2.88,3,4,45.0,62.0,48.0,76.0,0.0,75.0,3,4,376.0,630.5,306.67,563.5,81.4,88.69,0.0,75.0,3,4,16.33,12.5,6.0,6.25,36.73,50.0,10.2,24.0,9.8,4.17,3,4,3.33,2.75,1.67,1.0,66.67,73.33,33.33,25.0,149,31,24,1,2,A
1.4,1.1,0.9,1.3,0.7,2.0,3.0,4.33,40.33,41.33,78.33,81.0,6.7,6.5,0.6,0.89,0.9,1.0,3,3,40.33,41.33,58.0,46.0,33.33,0.0,3,3,320.0,344.67,252.33,281.0,78.38,80.86,0.0,0.0,3,3,11.67,12.0,3.0,4.33,25.71,36.11,8.57,11.11,11.67,9.0,3,3,2.67,5.0,1.33,1.33,66.67,78.95,33.33,0.0,1187,64,75,1,0,H
1.9,0.9,1.4,0.6,1.1,0.9,4.5,1.0,55.75,44.0,83.0,62.67,7.8,8.0,1.33,0.25,1.33,0.38,4,3,55.75,44.0,71.0,53.0,50.0,33.33,4,3,493.5,272.67,411.5,172.67,83.2,62.69,50.0,0.0,4,3,11.0,12.33,4.5,1.0,40.91,8.11,9.09,2.7,11.0,37.0,4,2,4.25,1.5,1.75,0.5,70.83,75.0,0.0,50.0,1564,84,92,1,2,A
0.6,1.4,0.5,1.4,2.1,1.3,5.0,5.67,38.0,50.0,79.0,79.67,9.5,9.5,0.75,1.62,0.62,1.38,3,3,38.0,50.0,49.0,59.0,0.0,66.67,3,3,331.33,421.0,264.33,338.33,78.87,79.52,0.0,0.0,3,3,13.67,14.0,5.0,5.67,36.59,40.48,14.63,9.52,6.83,10.5,3,3,4.0,2.33,1.67,0.33,70.59,87.5,33.33,66.67,150,36,38,1,2,A
0.9,2.6,1.1,2.9,1.6,0.6,3.33,5.0,40.0,61.0,80.33,89.33,6.6,8.1,1.22,2.5,1.22,3.0,3,3,40.0,61.0,45.0,67.0,0.0,100.0,3,3,337.67,527.0,271.0,470.67,80.3,89.27,0.0,100.0,3,3,10.67,13.67,3.33,5.0,31.25,36.59,3.12,19.51,32.0,5.12,3,3,5.33,3.33,1.33,0.67,80.0,83.33,33.33,66.67,1188,74,72,0,1,A
1.6,1.7,1.6,1.8,1.8,1.4,3.33,3.0,56.0,51.0,84.33,83.5,8.2,7.9,2.0,2.0,1.57,2.0,3,2,56.0,51.0,68.0,55.0,66.67,50.0,3,2,533.67,452.0,453.33,377.0,84.23,83.4,33.33,0.0,3,2,12.0,8.0,3.33,3.0,27.78,37.5,11.11,12.5,9.0,8.0,3,2,4.67,3.0,0.67,1.0,87.5,75.0,66.67,50.0,831,52,43,4,2,H
2.5,1.1,2.1,1.1,0.8,1.4,4.75,3.5,51.5,49.0,86.75,79.25,8.0,8.0,2.56,0.88,2.11,0.62,4,4,51.5,49.0,62.0,61.0,50.0,25.0,4,4,543.25,404.25,471.25,322.0,86.7,79.38,75.0,0.0,4,4,13.5,10.5,4.75,3.5,35.19,33.33,11.11,11.9,9.0,8.4,4,4,2.0,2.0,0.5,1.75,80.0,53.33,75.0,25.0,1565,80,96,1,0,H
0.5,1.4,0.9,1.2,2.2,1.4,4.0,4.0,47.33,43.33,82.67,80.0,9.5,9.4,1.12,1.12,1.5,0.62,3,3,47.33,43.33,69.0,54.0,33.33,33.33,3,3,406.67,369.67,341.0,298.67,83.0,80.17,33.33,33.33,3,3,8.67,9.33,4.0,4.0,46.15,42.86,7.69,3.57,13.0,28.0,3,3,3.0,3.67,3.33,2.33,47.37,61.11,0.0,0.0,151,25,21,1,3,A
1.9,1.1,1.3,1.6,0.9,1.8,3.33,5.67,40.0,56.67,77.33,83.67,9.4,9.2,1.75,0.62,1.25,1.75,3,3,40.0,56.67,54.0,60.0,33.33,100.0,3,3,364.0,483.67,285.33,405.33,77.64,83.72,0.0,33.33,3,3,10.0,12.33,3.33,5.67,33.33,45.95,6.67,18.92,15.0,5.29,3,3,2.0,5.33,1.33,2.0,60.0,72.73,33.33,0.0,152,33,32,1,2,A
1.2,1.5,1.0,1.5,1.8,1.5,2.0,7.0,54.5,62.33,82.5,86.0,8.2,7.9,1.75,1.29,1.5,1.57,2,3,54.5,62.33,64.0,67.0,50.0,100.0,2,3,450.5,564.0,374.5,485.33,82.9,85.94,0.0,66.67,2,3,13.0,16.33,2.0,7.0,15.38,42.86,7.69,14.29,13.0,7.0,2,3,3.5,4.0,3.0,2.33,53.85,63.16,0.0,0.0,832,50,51,0,1,A
2.0,1.3,1.8,1.7,1.2,1.3,4.0,3.67,64.75,60.0,85.75,86.33,8.2,6.6,1.62,0.56,1.25,0.67,4,3,64.75,60.0,74.0,73.0,100.0,66.67,4,3,542.25,515.67,464.5,446.67,85.64,86.26,50.0,66.67,4,3,14.5,16.33,4.0,3.67,27.59,22.45,6.9,2.04,14.5,49.0,4,3,1.75,1.67,1.75,0.67,50.0,71.43,0.0,66.67,1189,68,66,2,2,D
2.4,1.2,2.4,1.2,0.9,1.8,9.33,3.5,67.67,44.75,91.67,78.0,7.9,9.2,2.75,0.12,3.0,0.62,3,4,67.67,44.75,76.0,59.0,100.0,50.0,3,4,726.33,350.0,668.67,276.5,91.81,77.97,100.0,0.0,3,4,17.67,11.5,9.33,3.5,52.83,30.43,24.53,2.17,4.08,46.0,3,4,2.33,4.0,0.67,1.75,77.78,69.57,33.33,25.0,153,28,39,2,1,H
2.2,1.0,1.4,1.1,0.7,2.1,5.33,2.67,53.33,38.33,82.67,75.67,6.5,6.6,2.33,1.0,1.44,1.44,3,3,53.33,38.33,67.0,42.0,66.67,0.0,3,3,448.33,330.67,373.0,253.33,82.64,75.58,33.33,33.33,3,3,19.67,8.67,5.33,2.67,27.12,30.77,8.47,19.23,11.8,5.2,3,3,1.33,2.33,1.33,1.0,50.0,70.0,33.33,66.67,1190,62,71,2,0,H
0.2,1.9,0.7,1.6,1.6,1.0,2.0,7.0,54.67,61.33,80.67,84.67,6.5,7.2,0.3,1.67,0.8,1.67,3,3,54.67,61.33,70.0,68.0,66.67,100.0,3,3,451.0,482.33,371.67,409.33,80.49,84.73,33.33,33.33,3,3,6.33,15.67,2.0,7.0,31.58,44.68,10.53,6.38,9.5,15.67,3,3,2.0,3.67,1.0,1.0,66.67,78.57,33.33,33.33,1191,78,69,2,1,H
1.7,1.3,1.0,1.7,0.6,1.5,2.0,4.8,58.0,43.6,78.25,82.8,8.0,7.9,1.22,1.89,1.0,1.78,4,5,58.0,43.6,66.0,46.0,75.0,0.0,4,5,407.75,407.6,325.0,340.8,78.25,83.05,25.0,40.0,4,5,7.5,14.2,2.0,4.8,26.67,33.8,10.0,15.49,10.0,6.45,4,5,2.25,4.0,1.0,1.6,69.23,71.43,50.0,0.0,1566,94,83,1,0,H
0.6,1.5,1.2,1.8,2.2,1.4,4.0,5.0,42.67,61.33,79.33,88.33,9.7,9.4,0.75,0.71,1.12,1.14,3,3,42.67,61.33,54.0,70.0,33.33,100.0,3,3,371.0,596.67,295.67,528.33,79.45,88.31,0.0,100.0,3,3,11.67,14.0,4.0,5.0,34.29,35.71,8.57,14.29,11.67,7.0,3,3,4.67,1.67,3.67,0.67,56.0,71.43,0.0,66.67,833,57,46,4,2,H
1.0,1.4,1.0,1.1,1.5,0.9,3.0,5.0,48.75,58.33,83.25,89.67,7.4,8.3,1.5,1.38,1.5,1.5,4,3,48.75,58.33,56.0,61.0,50.0,100.0,4,3,417.5,520.33,348.25,466.0,83.41,89.62,25.0,100.0,4,3,13.0,17.67,3.0,5.0,23.08,28.3,5.77,9.43,17.33,10.6,4,3,2.75,2.33,1.75,2.0,61.11,53.85,0.0,0.0,1192,77,60,1,2,A
1.2,1.5,1.1,1.6,2.0,1.4,2.75,4.25,42.75,51.25,80.5,82.75,5.9,5.7,1.1,1.44,1.3,1.33,4,4,42.75,51.25,52.0,55.0,25.0,75.0,4,4,370.75,433.75,299.0,360.0,80.56,82.72,0.0,50.0,4,4,13.25,14.5,2.75,4.25,20.75,29.31,9.43,6.9,10.6,14.5,4,4,3.0,3.0,1.5,1.0,66.67,75.0,25.0,0.0,508,12,4,3,2,H
1.8,1.8,1.9,1.7,1.2,1.1,6.0,5.0,57.0,46.33,88.33,77.0,5.8,6.1,1.67,1.5,1.67,1.8,3,3,57.0,46.33,63.0,53.0,66.67,33.33,3,3,525.0,381.67,464.67,293.33,88.4,76.8,100.0,0.0,3,3,12.33,15.33,6.0,5.0,48.65,32.61,18.92,10.87,5.29,9.2,3,3,2.33,5.67,1.67,1.33,58.33,80.95,0.0,0.0,509,13,3,2,2,D
1.4,1.1,1.9,1.5,1.5,1.6,4.75,6.25,41.5,62.25,82.75,90.75,5.6,6.0,2.2,1.4,2.7,1.5,4,4,41.5,62.25,46.0,75.0,0.0,100.0,4,4,396.75,640.0,328.25,583.0,82.73,90.83,50.0,100.0,4,4,11.25,16.5,4.75,6.25,42.22,37.88,13.33,16.67,7.5,6.0,4,4,5.5,2.5,1.5,0.75,78.57,76.92,0.0,25.0,510,17,14,2,2,D
1.7,1.8,2.0,1.8,1.6,1.1,3.67,6.67,45.0,49.0,74.67,81.67,9.4,9.4,1.0,1.14,1.75,1.0,3,3,45.0,49.0,60.0,61.0,33.33,33.33,3,3,360.33,480.0,274.33,393.0,74.63,81.59,0.0,0.0,3,3,13.67,14.67,3.67,6.67,26.83,45.45,12.2,11.36,8.2,8.8,3,3,5.0,5.0,1.67,2.0,75.0,71.43,33.33,33.33,834,42,44,5,1,H
2.4,2.0,2.4,1.9,1.1,1.0,9.33,5.0,60.33,45.0,88.33,77.5,9.6,9.6,2.12,2.0,2.75,2.57,3,2,60.33,45.0,63.0,54.0,100.0,50.0,3,2,606.33,332.5,535.67,259.0,88.28,77.84,100.0,0.0,3,2,23.67,12.5,9.33,5.0,39.44,40.0,12.68,16.0,7.89,6.25,3,2,3.33,6.0,2.0,2.0,62.5,75.0,0.0,0.0,835,48,45,1,0,H
1.7,1.5,2.2,1.5,1.4,1.9,5.0,6.0,40.0,40.0,82.67,76.33,9.2,9.5,2.0,1.0,2.71,0.88,3,3,40.0,40.0,50.0,54.0,0.0,33.33,3,3,367.33,365.0,304.33,279.67,82.55,76.45,33.33,0.0,3,3,13.0,17.0,5.0,6.0,38.46,35.29,12.82,9.8,7.8,10.2,3,3,2.67,1.33,1.33,1.33,66.67,50.0,0.0,0.0,836,49,41,4,1,H
2.6,1.6,1.9,1.6,0.6,1.1,5.33,4.0,52.0,58.5,86.0,90.25,7.4,7.2,2.62,1.89,3.12,1.78,3,4,52.0,58.5,58.0,66.0,66.67,75.0,3,4,446.33,567.75,385.0,512.25,86.37,90.26,66.67,100.0,3,4,15.67,11.0,5.33,4.0,34.04,36.36,10.64,13.64,9.4,7.33,3,4,3.0,1.25,2.0,0.0,60.0,100.0,33.33,100.0,1193,67,65,1,1,D
2.1,2.4,1.5,3.0,1.2,1.4,6.0,5.25,42.75,60.25,78.25,86.5,6.2,6.5,1.89,2.56,1.22,3.0,4,4,42.75,60.25,53.0,69.0,50.0,75.0,4,4,373.75,560.0,294.5,485.25,78.13,86.52,0.0,50.0,4,4,14.5,15.5,6.0,5.25,41.38,33.87,6.9,11.29,14.5,8.86,4,4,2.5,2.25,0.5,0.25,83.33,90.0,50.0,75.0,511,19,6,1,1,D
0.5,1.0,0.7,0.8,2.3,1.1,3.67,2.0,40.67,61.0,72.67,80.0,9.8,9.5,0.71,1.12,0.86,1.12,3,2,40.67,61.0,46.0,61.0,0.0,100.0,3,2,343.33,568.0,249.67,451.5,72.63,79.53,0.0,0.0,3,2,12.67,9.5,3.67,2.0,28.95,21.05,2.63,0.0,38.0,0.0,3,2,3.67,2.5,1.67,1.5,68.75,62.5,0.0,0.0,837,53,56,1,0,H
2.0,1.3,2.4,1.7,1.2,1.8,3.0,3.33,39.0,45.0,71.33,79.67,6.0,6.1,1.89,0.9,1.67,1.7,3,3,39.0,45.0,61.0,48.0,33.33,0.0,3,3,312.33,351.33,231.0,279.67,71.38,79.55,0.0,0.0,3,3,8.67,10.67,3.0,3.33,34.62,31.25,15.38,9.38,6.5,10.67,3,3,4.0,3.33,0.67,3.0,85.71,52.63,33.33,0.0,512,2,5,3,0,H
0.8,1.4,0.5,1.3,0.9,1.7,3.0,4.75,35.25,50.5,75.5,85.0,6.5,5.7,1.11,1.11,1.0,1.22,4,4,35.25,50.5,47.0,73.0,0.0,25.0,4,4,296.0,442.75,223.25,380.0,75.42,84.86,0.0,25.0,4,4,10.75,13.25,3.0,4.75,27.91,35.85,9.3,13.21,10.75,7.57,4,4,3.25,1.75,3.25,1.5,50.0,53.85,0.0,0.0,513,9,20,0,1,A
0.4,1.4,0.9,1.3,2.6,1.5,3.5,3.75,41.75,54.0,79.75,81.75,5.8,5.9,0.9,1.11,1.1,1.22,4,4,41.75,54.0,58.0,67.0,25.0,75.0,4,4,383.75,494.5,313.0,405.5,79.75,81.63,25.0,0.0,4,4,8.75,14.25,3.5,3.75,40.0,26.32,14.29,7.02,7.0,14.25,4,4,3.5,3.0,1.75,1.75,66.67,63.16,0.0,0.0,514,10,16,0,2,A
2.5,1.0,2.8,1.0,0.6,1.3,7.67,5.33,69.67,48.33,88.67,84.33,9.3,9.4,2.71,0.57,3.14,0.57,3,3,69.67,48.33,71.0,55.0,100.0,33.33,3,3,704.33,437.67,628.33,369.0,88.91,84.33,100.0,0.0,3,3,16.67,15.67,7.67,5.33,46.0,34.04,22.0,10.64,4.55,9.4,3,3,1.0,3.67,1.0,3.0,50.0,55.0,33.33,0.0,838,40,47,5,0,H
1.7,0.4,2.0,1.0,1.7,2.5,3.0,5.0,51.0,38.0,83.5,74.67,9.6,9.4,1.29,0.75,1.43,1.5,2,3,51.0,38.0,55.0,39.0,50.0,0.0,2,3,452.0,330.33,377.0,246.67,83.4,74.72,0.0,0.0,2,3,8.0,10.33,3.0,5.0,37.5,48.39,12.5,25.81,8.0,3.88,2,3,3.0,1.67,1.0,1.33,75.0,55.56,50.0,66.67,839,43,54,3,3,D
1.7,1.6,1.5,1.9,1.4,2.0,7.0,3.33,62.33,56.0,86.0,84.33,9.3,9.6,1.75,1.62,2.25,1.62,3,3,62.33,56.0,67.0,68.0,100.0,66.67,3,3,564.0,533.67,485.33,453.33,85.94,84.23,66.67,33.33,3,3,16.33,12.0,7.0,3.33,42.86,27.78,14.29,11.11,7.0,9.0,3,3,4.0,4.67,2.33,0.67,63.16,87.5,0.0,66.67,840,51,52,2,1,H
0.6,0.9,0.8,0.8,1.7,1.8,4.33,2.0,39.0,54.5,73.33,82.5,9.5,9.8,1.71,0.29,1.14,0.71,3,2,39.0,54.5,46.0,64.0,0.0,50.0,3,2,345.67,450.5,254.0,374.5,73.43,82.9,0.0,0.0,3,2,12.0,13.0,4.33,2.0,36.11,15.38,5.56,7.69,18.0,13.0,3,2,2.33,3.5,0.33,3.0,87.5,53.85,66.67,0.0,841,55,50,0,2,A
2.6,2.0,2.9,1.8,0.6,1.2,5.0,4.0,61.0,64.75,89.33,85.75,8.0,8.1,2.22,1.67,2.33,1.67,3,4,61.0,64.75,67.0,74.0,100.0,100.0,3,4,527.0,542.25,470.67,464.5,89.27,85.64,100.0,50.0,3,4,13.67,14.5,5.0,4.0,36.59,27.59,19.51,6.9,5.12,14.5,3,4,3.33,1.75,0.67,1.75,83.33,50.0,66.67,0.0,1194,72,68,2,2,D
2.2,0.8,2.2,2.0,0.7,1.9,5.67,6.67,50.0,69.0,83.33,87.67,6.0,5.7,2.33,1.11,2.0,1.78,3,3,50.0,69.0,61.0,71.0,66.67,100.0,3,3,401.33,593.33,342.0,520.67,83.44,87.48,66.67,66.67,3,3,12.67,16.0,5.67,6.67,44.74,41.67,13.16,12.5,7.6,8.0,3,3,3.0,1.33,0.33,1.0,90.0,57.14,66.67,33.33,515,8,11,2,1,H
1.1,1.2,1.0,1.3,1.4,1.5,2.0,5.0,35.75,60.75,79.0,85.75,5.9,5.9,0.7,1.3,0.8,1.6,4,4,35.75,60.75,49.0,69.0,0.0,75.0,4,4,313.5,523.25,250.25,448.25,79.14,85.66,25.0,100.0,4,4,6.25,16.75,2.0,5.0,32.0,29.85,8.0,8.96,12.5,11.17,4,4,3.25,2.5,1.75,0.5,65.0,83.33,25.0,50.0,516,18,15,0,2,A
1.1,0.2,1.4,0.5,1.6,2.5,5.5,3.75,54.0,62.5,86.5,89.0,5.7,5.9,1.3,0.2,1.3,0.5,4,4,54.0,62.5,56.0,78.0,100.0,75.0,4,4,527.75,601.5,457.75,536.0,86.49,89.0,50.0,100.0,4,4,13.25,12.0,5.5,3.75,41.51,31.25,9.43,2.08,10.6,48.0,4,4,1.75,4.5,1.25,2.0,58.33,69.23,50.0,0.0,517,1,7,3,1,H
0.5,1.2,0.8,1.4,2.1,1.4,4.0,5.0,47.33,61.33,82.67,84.0,9.5,9.2,1.0,1.75,1.44,1.75,3,3,47.33,61.33,69.0,62.0,33.33,100.0,3,3,406.67,473.0,341.0,398.67,83.0,84.22,33.33,33.33,3,3,8.67,17.33,4.0,5.0,46.15,28.85,7.69,7.69,13.0,13.0,3,3,3.0,2.33,3.33,0.33,47.37,87.5,0.0,66.67,154,25,29,2,1,H
2.0,1.2,2.5,1.8,1.3,1.7,5.0,5.0,40.0,61.33,82.67,88.33,8.3,8.4,2.12,0.62,2.88,1.25,3,3,40.0,61.33,50.0,70.0,0.0,100.0,3,3,367.33,596.67,304.33,528.33,82.55,88.31,33.33,100.0,3,3,13.0,14.0,5.0,5.0,38.46,35.71,12.82,14.29,7.8,7.0,3,3,2.67,1.67,1.33,0.67,66.67,71.43,0.0,66.67,842,49,46,2,0,H
1.1,1.7,1.8,1.0,1.5,0.6,3.67,3.0,60.0,40.33,86.33,78.33,6.8,6.9,1.8,1.56,2.0,0.78,3,3,60.0,40.33,73.0,58.0,66.67,33.33,3,3,515.67,320.0,446.67,252.33,86.26,78.38,66.67,0.0,3,3,16.33,11.67,3.67,3.0,22.45,25.71,2.04,8.57,49.0,11.67,3,3,1.67,2.67,0.67,1.33,71.43,66.67,66.67,33.33,1195,66,64,3,1,H
0.6,1.0,0.8,0.8,1.8,1.8,2.8,1.0,42.4,42.25,77.8,83.0,9.5,9.5,1.5,0.33,1.3,0.67,5,4,42.4,42.25,55.0,59.0,20.0,25.0,5,4,344.2,371.5,269.8,310.25,77.81,82.86,0.0,25.0,5,4,10.0,9.0,2.8,1.0,28.0,11.11,10.0,2.78,10.0,36.0,5,4,3.4,3.25,1.0,2.5,77.27,56.52,20.0,50.0,1567,88,95,2,1,H
1.6,2.1,1.3,2.0,0.8,1.6,5.0,4.5,61.75,50.75,87.25,84.5,9.5,9.2,1.88,1.33,1.75,1.56,4,4,61.75,50.75,71.0,58.0,75.0,50.0,4,4,587.25,427.0,514.5,362.0,87.37,84.67,100.0,50.0,4,4,14.5,11.5,5.0,4.5,34.48,39.13,8.62,13.04,11.6,7.67,4,4,2.5,4.0,1.0,1.5,71.43,72.73,50.0,0.0,155,22,27,2,1,H
2.0,1.9,2.4,1.7,1.1,1.0,3.0,5.0,39.0,46.33,71.33,77.0,6.3,6.4,1.89,1.5,1.89,1.9,3,3,39.0,46.33,61.0,53.0,33.33,33.33,3,3,312.33,381.67,231.0,293.33,71.38,76.8,0.0,0.0,3,3,8.67,15.33,3.0,5.0,34.62,32.61,15.38,10.87,6.5,9.2,3,3,4.0,5.67,0.67,1.33,85.71,80.95,33.33,0.0,518,2,3,1,4,A
1.6,1.1,1.6,1.2,1.3,1.8,3.75,6.0,57.5,54.0,90.0,84.0,9.3,9.3,1.78,0.67,2.0,1.33,4,4,57.5,54.0,61.0,60.0,100.0,75.0,4,4,548.0,482.0,492.75,404.25,89.81,83.88,100.0,25.0,4,4,11.75,16.5,3.75,6.0,31.91,36.36,14.89,4.55,6.71,22.0,4,4,2.75,3.5,1.0,1.5,73.33,70.0,50.0,25.0,1568,93,85,1,2,A
1.8,0.5,1.8,0.9,1.4,1.5,4.0,2.0,64.75,54.67,85.75,80.67,7.4,7.0,1.56,0.78,1.33,1.0,4,3,64.75,54.67,74.0,70.0,100.0,66.67,4,3,542.25,451.0,464.5,371.67,85.64,80.49,50.0,33.33,4,3,14.5,6.33,4.0,2.0,27.59,31.58,6.9,10.53,14.5,9.5,4,3,1.75,2.0,1.75,1.0,50.0,66.67,0.0,33.33,1196,68,78,3,1,H
2.5,2.0,2.9,2.3,0.6,1.3,7.67,3.67,69.67,45.0,88.67,74.67,8.4,8.2,2.75,2.0,3.38,2.38,3,3,69.67,45.0,71.0,60.0,100.0,33.33,3,3,704.33,360.33,628.33,274.33,88.91,74.63,100.0,0.0,3,3,16.67,13.67,7.67,3.67,46.0,26.83,22.0,12.2,4.55,8.2,3,3,1.0,5.0,1.0,1.67,50.0,75.0,33.33,33.33,843,40,42,3,2,H
2.0,1.2,1.7,1.3,1.1,2.2,7.0,6.0,62.33,40.0,86.0,76.33,8.4,8.4,1.89,0.89,2.22,0.89,3,3,62.33,40.0,67.0,54.0,100.0,33.33,3,3,564.0,365.0,485.33,279.67,85.94,76.45,66.67,0.0,3,3,16.33,17.0,7.0,6.0,42.86,35.29,14.29,9.8,7.0,10.2,3,3,4.0,1.33,2.33,1.33,63.16,50.0,0.0,0.0,844,51,41,4,0,H
0.8,1.3,0.7,1.8,2.0,2.2,3.67,3.33,40.67,56.0,72.67,84.33,8.8,8.6,1.0,1.44,0.88,1.56,3,3,40.67,56.0,46.0,68.0,0.0,66.67,3,3,343.33,533.67,249.67,453.33,72.63,84.23,0.0,33.33,3,3,12.67,12.0,3.67,3.33,28.95,27.78,2.63,11.11,38.0,9.0,3,3,3.67,4.67,1.67,0.67,68.75,87.5,0.0,66.67,845,53,52,3,3,D
0.5,1.0,1.1,0.7,2.5,1.0,5.0,2.0,38.0,61.0,74.67,80.0,8.5,8.6,0.88,1.0,1.0,1.0,3,2,38.0,61.0,39.0,61.0,0.0,100.0,3,2,330.33,568.0,246.67,451.5,74.72,79.53,0.0,0.0,3,2,10.33,9.5,5.0,2.0,48.39,21.05,25.81,0.0,3.88,0.0,3,2,1.67,2.5,1.33,1.5,55.56,62.5,66.67,0.0,846,54,56,0,2,A
0.9,0.7,1.6,0.7,2.2,1.7,4.0,5.33,42.67,48.33,79.33,84.33,8.5,8.6,1.0,0.5,1.44,0.5,3,3,42.67,48.33,54.0,55.0,33.33,33.33,3,3,371.0,437.67,295.67,369.0,79.45,84.33,0.0,0.0,3,3,11.67,15.67,4.0,5.33,34.29,34.04,8.57,10.64,11.67,9.4,3,3,4.67,3.67,3.67,3.0,56.0,55.0,0.0,0.0,847,57,47,1,3,A
0.4,1.2,0.9,1.6,2.5,1.7,3.5,4.25,41.75,51.25,79.75,82.75,6.2,6.2,0.8,1.44,1.0,1.56,4,4,41.75,51.25,58.0,55.0,25.0,75.0,4,4,383.75,433.75,313.0,360.0,79.75,82.72,25.0,50.0,4,4,8.75,14.5,3.5,4.25,40.0,29.31,14.29,6.9,7.0,14.5,4,4,3.5,3.0,1.75,1.0,66.67,75.0,0.0,0.0,519,10,4,0,2,A
1.4,1.7,1.4,1.5,2.2,1.3,2.75,3.75,42.75,54.0,80.5,81.75,6.2,6.4,1.4,1.44,1.5,1.33,4,4,42.75,54.0,52.0,67.0,25.0,75.0,4,4,370.75,494.5,299.0,405.5,80.56,81.63,0.0,0.0,4,4,13.25,14.25,2.75,3.75,20.75,26.32,9.43,7.02,10.6,14.25,4,4,3.0,3.0,1.5,1.75,66.67,63.16,25.0,0.0,520,12,16,0,2,A
1.2,2.2,1.8,2.9,1.5,1.4,4.75,5.25,41.5,60.25,82.75,86.5,6.2,6.9,2.0,2.4,2.7,2.8,4,4,41.5,60.25,46.0,69.0,0.0,75.0,4,4,396.75,560.0,328.25,485.25,82.73,86.52,50.0,50.0,4,4,11.25,15.5,4.75,5.25,42.22,33.87,13.33,11.29,7.5,8.86,4,4,5.5,2.25,1.5,0.25,78.57,90.0,0.0,75.0,521,17,6,0,2,A
1.1,2.7,1.3,2.1,2.0,0.7,2.4,4.75,42.0,51.5,75.8,86.75,9.3,9.4,1.11,2.0,0.89,1.56,5,4,42.0,51.5,54.0,62.0,20.0,50.0,5,4,366.0,543.25,279.4,471.25,75.52,86.7,0.0,75.0,5,4,7.8,13.5,2.4,4.75,30.77,35.19,7.69,11.11,13.0,9.0,5,4,3.4,2.0,1.0,0.5,77.27,80.0,20.0,75.0,1569,86,80,1,0,H
1.6,2.6,1.4,2.5,1.2,0.9,5.67,9.33,50.0,67.67,79.67,91.67,9.4,9.5,1.38,2.25,1.0,2.5,3,3,50.0,67.67,59.0,76.0,66.67,100.0,3,3,421.0,726.33,338.33,668.67,79.52,91.81,0.0,100.0,3,3,14.0,17.67,5.67,9.33,40.48,52.83,9.52,24.53,10.5,4.08,3,3,2.33,2.33,0.33,0.67,87.5,77.78,66.67,33.33,156,38,28,1,2,A
1.6,1.7,1.5,1.3,1.0,0.8,4.0,5.0,58.5,58.33,90.25,89.67,7.2,7.5,1.6,1.56,1.5,1.56,4,3,58.5,58.33,66.0,61.0,75.0,100.0,4,3,567.75,520.33,512.25,466.0,90.26,89.62,100.0,100.0,4,3,11.0,17.67,4.0,5.0,36.36,28.3,13.64,9.43,7.33,10.6,4,3,1.25,2.33,0.0,2.0,100.0,53.85,100.0,0.0,1197,65,60,2,0,H
2.4,1.7,2.3,1.4,0.7,1.5,5.67,4.75,50.0,50.5,83.33,85.0,6.3,6.2,2.33,1.11,2.0,1.11,3,4,50.0,50.5,61.0,73.0,66.67,25.0,3,4,401.33,442.75,342.0,380.0,83.44,84.86,66.67,25.0,3,4,12.67,13.25,5.67,4.75,44.74,35.85,13.16,13.21,7.6,7.57,3,4,3.0,1.75,0.33,1.5,90.0,53.85,66.67,0.0,522,8,20,2,2,D
2.4,1.5,2.3,1.6,1.0,1.4,9.33,6.67,60.33,49.0,88.33,81.67,8.5,8.3,2.22,1.0,2.56,1.0,3,3,60.33,49.0,63.0,61.0,100.0,33.33,3,3,606.33,480.0,535.67,393.0,88.28,81.59,100.0,0.0,3,3,23.67,14.67,9.33,6.67,39.44,45.45,12.68,11.36,7.89,8.8,3,3,3.33,5.0,2.0,2.0,62.5,71.43,0.0,33.33,848,48,44,3,1,H
1.3,0.7,1.3,1.0,1.5,1.6,3.5,3.8,51.5,42.2,84.0,72.6,9.3,9.3,1.78,0.5,1.44,1.2,4,5,51.5,42.2,64.0,62.0,50.0,20.0,4,5,483.0,314.4,407.25,229.6,84.04,72.46,25.0,0.0,4,5,14.75,12.6,3.5,3.8,23.73,30.16,5.08,11.11,19.67,9.0,4,5,1.75,2.4,0.75,1.2,70.0,66.67,50.0,40.0,1570,91,90,1,3,A
1.0,1.3,1.2,1.6,1.4,1.7,6.0,6.0,45.0,48.33,81.33,80.33,9.5,9.4,1.78,0.38,1.89,0.88,3,3,45.0,48.33,48.0,50.0,0.0,0.0,3,3,376.0,425.33,306.67,343.33,81.4,79.98,0.0,33.33,3,3,16.33,14.33,6.0,6.0,36.73,41.86,10.2,11.63,9.8,8.6,3,3,3.33,2.67,1.67,2.33,66.67,53.33,33.33,33.33,157,31,34,1,2,A
2.4,2.2,1.8,1.4,0.7,0.7,5.33,5.33,52.0,53.33,86.0,82.67,7.3,7.0,2.44,2.3,2.89,1.7,3,3,52.0,53.33,58.0,67.0,66.67,66.67,3,3,446.33,448.33,385.0,373.0,86.37,82.64,66.67,33.33,3,3,15.67,19.67,5.33,5.33,34.04,27.12,10.64,8.47,9.4,11.8,3,3,3.0,1.33,2.0,1.33,60.0,50.0,33.33,33.33,1198,67,62,2,3,A
1.1,1.4,0.7,2.3,0.9,1.3,1.0,6.75,44.0,66.25,62.67,87.5,9.5,7.3,1.4,2.09,0.8,2.82,3,4,44.0,66.25,53.0,71.0,33.33,100.0,3,4,272.67,567.5,172.67,496.25,62.69,87.34,0.0,75.0,3,4,12.33,19.0,1.0,6.75,8.11,35.53,2.7,17.11,37.0,5.85,2,4,1.5,1.5,0.5,0.75,75.0,66.67,50.0,25.0,1571,92,79,1,1,D
1.8,1.9,1.9,1.3,1.0,0.9,4.67,3.33,46.33,40.0,81.0,77.33,9.3,9.5,2.0,1.25,2.0,1.0,3,3,46.33,40.0,52.0,54.0,33.33,33.33,3,3,394.67,364.0,320.67,285.33,80.91,77.64,0.0,0.0,3,3,12.33,10.0,4.67,3.33,37.84,33.33,10.81,6.67,9.25,15.0,3,3,4.67,2.0,2.67,1.33,63.64,60.0,0.0,33.33,158,23,33,0,0,D
1.6,0.8,1.2,0.5,1.1,1.0,7.0,5.33,61.33,48.0,84.67,83.67,7.4,6.8,1.89,1.2,1.78,1.3,3,3,61.33,48.0,68.0,58.0,100.0,33.33,3,3,482.33,422.67,409.33,354.67,84.73,83.7,33.33,33.33,3,3,15.67,10.67,7.0,5.33,44.68,50.0,6.38,15.62,15.67,6.4,3,3,3.67,5.0,1.0,1.0,78.57,83.33,33.33,33.33,1199,69,70,1,1,D
1.1,2.2,1.2,1.6,1.5,0.7,5.5,2.75,54.5,52.0,85.75,81.0,9.2,7.3,2.0,1.67,1.7,1.44,4,4,54.5,52.0,64.0,69.0,50.0,75.0,4,4,515.5,435.0,443.5,355.75,85.88,81.12,75.0,25.0,4,4,11.25,9.0,5.5,2.75,48.89,30.56,22.22,8.33,4.5,12.0,4,4,2.75,1.25,2.25,1.0,55.0,55.56,0.0,25.0,1572,87,81,1,2,A
0.9,0.7,1.0,1.1,1.9,1.9,3.5,3.67,44.75,37.33,78.0,76.67,9.4,9.3,1.88,0.78,1.25,1.11,4,3,44.75,37.33,59.0,46.0,50.0,0.0,4,3,350.0,321.67,276.5,250.67,77.97,77.01,0.0,0.0,4,3,11.5,9.33,3.5,3.67,30.43,39.29,2.17,17.86,46.0,5.6,4,3,4.0,4.0,1.75,0.33,69.57,92.31,25.0,66.67,159,39,26,1,1,D
1.1,1.2,1.4,1.3,1.7,1.4,5.5,5.0,54.0,60.75,86.5,85.75,6.2,6.4,1.3,1.3,1.5,1.5,4,4,54.0,60.75,56.0,69.0,100.0,75.0,4,4,527.75,523.25,457.75,448.25,86.49,85.66,50.0,100.0,4,4,13.25,16.75,5.5,5.0,41.51,29.85,9.43,8.96,10.6,11.17,4,4,1.75,2.5,1.25,0.5,58.33,83.33,50.0,50.0,523,1,15,1,3,A
0.8,0.8,0.5,2.0,0.9,1.9,3.0,6.67,35.25,69.0,75.5,87.67,7.0,6.1,1.0,1.0,0.9,1.78,4,3,35.25,69.0,47.0,71.0,0.0,100.0,4,3,296.0,593.33,223.25,520.67,75.42,87.48,0.0,66.67,4,3,10.75,16.0,3.0,6.67,27.91,41.67,9.3,12.5,10.75,8.0,4,3,3.25,1.33,3.25,1.0,50.0,57.14,0.0,33.33,524,9,11,3,2,H
2.2,0.2,1.5,0.6,1.0,2.6,6.0,3.75,42.75,62.5,78.25,89.0,6.3,6.4,1.89,0.2,1.22,0.6,4,4,42.75,62.5,53.0,78.0,50.0,75.0,4,4,373.75,601.5,294.5,536.0,78.13,89.0,0.0,100.0,4,4,14.5,12.0,6.0,3.75,41.38,31.25,6.9,2.08,14.5,48.0,4,4,2.5,4.5,0.5,2.0,83.33,69.23,50.0,0.0,525,19,7,3,2,H
0.9,1.2,1.1,1.0,1.6,1.3,3.0,4.0,51.67,40.33,78.0,79.67,7.0,7.0,0.9,0.7,0.8,0.5,3,3,51.67,40.33,65.0,47.0,33.33,0.0,3,3,386.0,343.33,303.0,277.33,78.16,79.75,0.0,33.33,3,3,15.0,16.0,3.0,4.0,20.0,25.0,2.22,2.08,45.0,48.0,3,3,2.67,1.67,0.67,2.0,80.0,45.45,33.33,33.33,1200,61,76,4,1,H
1.0,0.6,1.1,0.8,1.9,1.5,4.33,3.33,41.33,40.0,81.0,80.33,6.8,7.1,1.1,0.3,1.6,0.7,3,3,41.33,40.0,46.0,45.0,0.0,0.0,3,3,344.67,337.67,281.0,271.0,80.86,80.3,0.0,0.0,3,3,12.0,10.67,4.33,3.33,36.11,31.25,11.11,3.12,9.0,32.0,3,3,5.0,5.33,1.33,1.33,78.95,80.0,0.0,33.33,1201,75,74,1,1,D
0.3,2.0,0.6,1.9,1.9,0.9,4.33,5.0,39.0,45.0,73.33,77.5,8.4,8.6,1.5,1.75,1.0,2.25,3,2,39.0,45.0,46.0,54.0,0.0,50.0,3,2,345.67,332.5,254.0,259.0,73.43,77.84,0.0,0.0,3,2,12.0,12.5,4.33,5.0,36.11,40.0,5.56,16.0,18.0,6.25,3,2,2.33,6.0,0.33,2.0,87.5,75.0,66.67,0.0,849,55,45,2,1,H
2.2,1.9,2.4,1.5,1.3,1.2,7.25,4.5,61.5,55.75,89.75,83.0,8.7,9.4,2.67,1.11,2.67,1.22,4,4,61.5,55.75,66.0,71.0,100.0,50.0,4,4,617.5,493.5,553.75,411.5,89.58,83.2,100.0,50.0,4,4,19.25,11.0,7.25,4.5,37.66,40.91,9.09,9.09,11.0,11.0,4,4,1.75,4.25,0.5,1.75,77.78,70.83,50.0,0.0,1573,89,84,4,1,H
1.6,1.6,1.4,1.5,1.4,1.1,4.0,4.33,43.33,53.67,80.0,84.67,9.6,9.3,0.88,0.5,1.38,1.25,3,3,43.33,53.67,54.0,65.0,33.33,66.67,3,3,369.67,471.33,298.67,400.0,80.17,84.92,33.33,66.67,3,3,9.33,11.67,4.0,4.33,42.86,37.14,3.57,8.57,28.0,11.67,3,3,3.67,3.33,2.33,2.0,61.11,62.5,0.0,0.0,160,21,35,2,0,H
0.6,0.6,0.9,0.6,1.5,2.1,3.33,5.0,39.33,38.0,79.0,79.0,9.3,9.4,1.0,0.75,1.22,0.88,3,3,39.33,38.0,53.0,49.0,33.33,0.0,3,3,336.67,331.33,266.67,264.33,78.72,78.87,0.0,0.0,3,3,8.67,13.67,3.33,5.0,38.46,36.59,15.38,14.63,6.5,6.83,3,3,5.67,4.0,1.67,1.67,77.27,70.59,0.0,33.33,161,30,36,1,1,D
0.8,1.2,0.8,1.6,1.5,1.6,2.0,6.25,35.75,62.25,79.0,90.75,6.3,6.3,0.7,1.2,0.8,1.5,4,4,35.75,62.25,49.0,75.0,0.0,100.0,4,4,313.5,640.0,250.25,583.0,79.14,90.83,25.0,100.0,4,4,6.25,16.5,2.0,6.25,32.0,37.88,8.0,16.67,12.5,6.0,4,4,3.25,2.5,1.75,0.75,65.0,76.92,25.0,25.0,526,18,14,0,6,A
1.5,1.2,1.9,0.9,1.8,1.5,3.0,2.0,51.0,54.5,83.5,82.5,8.4,8.7,1.25,0.62,1.62,0.88,2,2,51.0,54.5,55.0,64.0,50.0,50.0,2,2,452.0,450.5,377.0,374.5,83.4,82.9,0.0,0.0,2,2,8.0,13.0,3.0,2.0,37.5,15.38,12.5,7.69,8.0,13.0,2,2,3.0,3.5,1.0,3.0,75.0,53.85,50.0,0.0,850,43,50,0,2,A
1.0,1.7,1.1,1.2,2.2,1.5,2.67,5.33,38.33,58.0,75.67,88.33,7.2,6.9,1.0,1.5,1.1,1.5,3,3,38.33,58.0,42.0,67.0,0.0,66.67,3,3,330.67,474.0,253.33,419.0,75.58,88.13,33.33,100.0,3,3,8.67,12.33,2.67,5.33,30.77,43.24,19.23,16.22,5.2,6.17,3,3,2.33,1.67,1.0,1.67,70.0,50.0,66.67,0.0,1202,71,59,0,3,A
1.0,1.2,1.0,1.1,1.4,1.3,3.5,3.5,49.0,43.5,79.25,71.0,9.5,9.4,1.8,1.3,1.8,0.8,4,4,49.0,43.5,61.0,53.0,25.0,50.0,4,4,404.25,300.75,322.0,217.0,79.38,71.11,0.0,0.0,4,4,10.5,10.0,3.5,3.5,33.33,35.0,11.9,10.0,8.4,10.0,4,3,2.0,2.33,1.75,1.67,53.33,58.33,25.0,0.0,1574,96,97,1,1,D
2.2,1.3,2.3,1.6,1.2,1.7,6.25,5.67,62.0,56.67,88.75,83.67,9.7,9.3,1.5,0.89,1.75,1.78,4,3,62.0,56.67,76.0,60.0,75.0,100.0,4,3,630.5,483.67,563.5,405.33,88.69,83.72,75.0,33.33,4,3,12.5,12.33,6.25,5.67,50.0,45.95,24.0,18.92,4.17,5.29,4,3,2.75,5.33,1.0,2.0,73.33,72.73,25.0,0.0,162,24,32,1,1,D
2.6,0.9,2.7,1.2,0.4,1.6,5.0,2.75,61.0,32.75,89.33,73.0,7.7,6.8,2.1,1.3,2.3,1.5,3,4,61.0,32.75,67.0,38.0,100.0,0.0,3,4,527.0,278.0,470.67,203.75,89.27,73.02,100.0,0.0,3,4,13.67,9.0,5.0,2.75,36.59,30.56,19.51,8.33,5.12,12.0,3,4,3.33,3.25,0.67,0.5,83.33,86.67,66.67,50.0,1203,72,73,3,1,H
0.7,1.9,1.3,1.0,1.6,0.5,3.0,2.0,48.5,58.0,81.25,78.25,9.5,9.5,1.0,1.56,1.44,0.78,4,4,48.5,58.0,58.0,66.0,50.0,75.0,4,4,425.25,407.75,348.25,325.0,81.26,78.25,25.0,25.0,4,4,10.75,7.5,3.0,2.0,27.91,26.67,6.98,10.0,14.33,10.0,4,4,2.5,2.25,1.75,1.0,58.82,69.23,0.0,50.0,1575,82,94,1,0,H
1.0,1.0,1.0,0.9,1.2,1.4,3.0,2.67,48.75,35.0,83.25,73.67,7.1,6.7,1.33,1.2,1.44,1.2,4,3,48.75,35.0,56.0,44.0,50.0,0.0,4,3,417.5,283.33,348.25,214.0,83.41,73.63,25.0,0.0,4,3,13.0,7.33,3.0,2.67,23.08,36.36,5.77,18.18,17.33,5.5,4,3,2.75,4.0,1.75,0.67,61.11,85.71,0.0,33.33,1204,77,63,4,1,H
1.8,1.0,2.0,1.5,1.3,2.1,6.0,3.33,57.0,45.0,88.33,79.67,6.1,6.3,1.78,0.9,1.89,1.7,3,3,57.0,45.0,63.0,48.0,66.67,0.0,3,3,525.0,351.33,464.67,279.67,88.4,79.55,100.0,0.0,3,3,12.33,10.67,6.0,3.33,48.65,31.25,18.92,9.38,5.29,10.67,3,3,2.33,3.33,1.67,3.0,58.33,52.63,0.0,0.0,527,13,5,3,1,H
1.3,1.6,1.7,1.0,1.4,1.3,4.8,3.4,43.6,46.8,82.8,81.2,9.6,7.3,1.44,1.67,2.0,1.11,5,5,43.6,46.8,46.0,55.0,0.0,40.0,5,5,407.6,385.0,340.8,312.0,83.05,81.11,40.0,0.0,5,5,14.2,11.0,4.8,3.4,33.8,30.91,15.49,5.45,6.45,18.33,5,5,4.0,4.0,1.6,0.8,71.43,83.33,0.0,40.0,1576,83,98,4,0,H
1.9,0.9,2.5,1.6,1.6,2.3,3.67,4.0,45.0,42.67,74.67,79.33,8.0,8.2,1.22,0.25,2.11,1.5,3,3,45.0,42.67,60.0,54.0,33.33,33.33,3,3,360.33,371.0,274.33,295.67,74.63,79.45,0.0,0.0,3,3,13.67,11.67,3.67,4.0,26.83,34.29,12.2,8.57,8.2,11.67,3,3,5.0,4.67,1.67,3.67,75.0,56.0,33.33,0.0,851,42,57,2,2,D
1.3,1.0,1.3,1.1,1.2,1.8,4.33,3.5,53.67,44.75,84.67,78.0,8.6,8.6,2.0,0.11,1.56,0.67,3,4,53.67,44.75,65.0,59.0,66.67,50.0,3,4,471.33,350.0,400.0,276.5,84.92,77.97,66.67,0.0,3,4,11.67,11.5,4.33,3.5,37.14,30.43,8.57,2.17,11.67,46.0,3,4,3.33,4.0,2.0,1.75,62.5,69.57,0.0,25.0,163,35,39,1,1,D
0.9,1.2,0.6,1.4,1.0,1.5,5.33,3.0,48.0,51.67,83.67,78.0,7.3,7.1,1.0,0.9,0.7,1.1,3,3,48.0,51.67,58.0,65.0,33.33,33.33,3,3,422.67,386.0,354.67,303.0,83.7,78.16,33.33,0.0,3,3,10.67,15.0,5.33,3.0,50.0,20.0,15.62,2.22,6.4,45.0,3,3,5.0,2.67,1.0,0.67,83.33,80.0,33.33,33.33,1205,70,61,2,0,H
1.6,1.1,1.3,1.0,1.4,1.3,4.5,3.5,55.75,49.0,83.0,79.25,8.5,8.8,1.2,0.78,1.3,0.56,4,4,55.75,49.0,71.0,61.0,50.0,25.0,4,4,493.5,404.25,411.5,322.0,83.2,79.38,50.0,0.0,4,4,11.0,10.5,4.5,3.5,40.91,33.33,9.09,11.9,11.0,8.4,4,4,4.25,2.0,1.75,1.75,70.83,53.33,0.0,25.0,1577,84,96,1,1,D
1.3,1.0,0.9,1.2,1.7,1.7,3.4,3.5,46.8,51.5,81.2,84.0,8.8,8.8,1.5,0.9,0.9,0.8,5,4,46.8,51.5,55.0,64.0,40.0,50.0,5,4,385.0,483.0,312.0,407.25,81.11,84.04,0.0,25.0,5,4,11.0,14.75,3.4,3.5,30.91,23.73,5.45,5.08,18.33,19.67,5,4,4.0,1.75,0.8,0.75,83.33,70.0,40.0,50.0,1578,98,91,0,1,A
1.3,2.1,1.4,1.7,1.2,1.0,3.0,5.33,48.75,52.0,83.25,86.0,7.4,7.4,1.5,1.8,1.7,1.4,4,3,48.75,52.0,56.0,58.0,50.0,66.67,4,3,417.5,446.33,348.25,385.0,83.41,86.37,25.0,66.67,4,3,13.0,15.67,3.0,5.33,23.08,34.04,5.77,10.64,17.33,9.4,4,3,2.75,3.0,1.75,2.0,61.11,60.0,0.0,33.33,1206,77,67,1,2,A
1.2,2.5,1.2,2.7,2.3,0.8,6.0,7.67,40.0,69.67,76.33,88.67,8.0,7.9,2.38,2.22,2.12,2.89,3,3,40.0,69.67,54.0,71.0,33.33,100.0,3,3,365.0,704.33,279.67,628.33,76.45,88.91,0.0,100.0,3,3,17.0,16.67,6.0,7.67,35.29,46.0,9.8,22.0,10.2,4.55,3,3,1.33,1.0,1.33,1.0,50.0,50.0,0.0,33.33,852,41,40,1,2,A
1.9,2.0,1.9,1.9,1.0,1.0,5.0,7.0,45.0,62.33,77.5,86.0,8.4,8.0,1.56,1.5,1.33,1.5,2,3,45.0,62.33,54.0,67.0,50.0,100.0,2,3,332.5,564.0,259.0,485.33,77.84,85.94,0.0,66.67,2,3,12.5,16.33,5.0,7.0,40.0,42.86,16.0,14.29,6.25,7.0,2,3,6.0,4.0,2.0,2.33,75.0,63.16,0.0,0.0,853,45,51,2,0,H
1.2,1.4,1.7,1.7,1.7,1.8,5.0,3.0,61.33,51.0,88.33,83.5,8.0,8.1,2.22,1.78,2.44,2.0,3,2,61.33,51.0,70.0,55.0,100.0,50.0,3,2,596.67,452.0,528.33,377.0,88.31,83.4,100.0,0.0,3,2,14.0,8.0,5.0,3.0,35.71,37.5,14.29,12.5,7.0,8.0,3,2,1.67,3.0,0.67,1.0,71.43,75.0,66.67,50.0,854,46,43,2,2,D
1.2,0.4,0.9,1.1,1.4,2.7,2.0,5.0,54.5,38.0,82.5,74.67,8.3,7.9,1.56,0.78,1.33,1.67,2,3,54.5,38.0,64.0,39.0,50.0,0.0,2,3,450.5,330.33,374.5,246.67,82.9,74.72,0.0,0.0,2,3,13.0,10.33,2.0,5.0,15.38,48.39,7.69,25.81,13.0,3.88,2,3,3.5,1.67,3.0,1.33,53.85,55.56,0.0,66.67,855,50,54,2,1,H
1.1,2.6,1.8,2.4,2.4,0.9,3.33,9.33,56.0,60.33,84.33,88.33,8.1,8.1,2.12,2.25,1.88,2.25,3,3,56.0,60.33,68.0,63.0,66.67,100.0,3,3,533.67,606.33,453.33,535.67,84.23,88.28,33.33,100.0,3,3,12.0,23.67,3.33,9.33,27.78,39.44,11.11,12.68,9.0,7.89,3,3,4.67,3.33,0.67,2.0,87.5,62.5,66.67,0.0,856,52,48,2,2,D
2.2,2.5,2.0,1.8,0.9,0.9,5.0,6.0,46.33,42.75,77.0,78.25,5.3,5.4,1.89,2.0,1.22,1.7,3,4,46.33,42.75,53.0,53.0,33.33,50.0,3,4,381.67,373.75,293.33,294.5,76.8,78.13,0.0,0.0,3,4,15.33,14.5,5.0,6.0,32.61,41.38,10.87,6.9,9.2,14.5,3,4,5.67,2.5,1.33,0.5,80.95,83.33,0.0,50.0,528,3,19,5,0,H
0.7,2.2,1.2,2.2,2.3,0.9,3.33,5.67,45.0,50.0,79.67,83.33,5.4,5.3,0.78,1.6,1.33,1.9,3,3,45.0,50.0,48.0,61.0,0.0,66.67,3,3,351.33,401.33,279.67,342.0,79.55,83.44,0.0,66.67,3,3,10.67,12.67,3.33,5.67,31.25,44.74,9.38,13.16,10.67,7.6,3,3,3.33,3.0,3.0,0.33,52.63,90.0,0.0,66.67,529,5,8,0,1,A
2.2,0.7,2.9,0.7,1.4,2.0,5.25,2.0,60.25,35.75,86.5,79.0,6.5,5.1,2.3,1.0,2.0,1.22,4,4,60.25,35.75,69.0,49.0,75.0,0.0,4,4,560.0,313.5,485.25,250.25,86.52,79.14,50.0,25.0,4,4,15.5,6.25,5.25,2.0,33.87,32.0,11.29,8.0,8.86,12.5,4,4,2.25,3.25,0.25,1.75,90.0,65.0,75.0,25.0,530,6,18,4,1,H
0.2,2.0,0.6,2.5,2.6,1.3,3.75,3.0,62.5,39.0,89.0,71.33,5.2,5.0,0.44,1.7,0.78,1.8,4,3,62.5,39.0,78.0,61.0,75.0,33.33,4,3,601.5,312.33,536.0,231.0,89.0,71.38,100.0,0.0,4,3,12.0,8.67,3.75,3.0,31.25,34.62,2.08,15.38,48.0,6.5,4,3,4.5,4.0,2.0,0.67,69.23,85.71,0.0,33.33,531,7,2,1,3,A
1.2,1.0,1.4,0.8,1.4,1.1,5.0,3.0,60.75,35.25,85.75,75.5,5.3,6.6,1.33,0.7,1.33,0.6,4,4,60.75,35.25,69.0,47.0,75.0,0.0,4,4,523.25,296.0,448.25,223.25,85.66,75.42,100.0,0.0,4,4,16.75,10.75,5.0,3.0,29.85,27.91,8.96,9.3,11.17,10.75,4,4,2.5,3.25,0.5,3.25,83.33,50.0,50.0,0.0,532,15,9,0,1,A
2.4,1.5,1.8,2.0,0.7,1.3,4.75,4.8,51.5,43.6,86.75,82.8,8.7,8.9,2.6,1.7,2.0,1.6,4,5,51.5,43.6,62.0,46.0,50.0,0.0,4,5,543.25,407.6,471.25,340.8,86.7,83.05,75.0,40.0,4,5,13.5,14.2,4.75,4.8,35.19,33.8,11.11,15.49,9.0,6.45,4,5,2.0,4.0,0.5,1.6,80.0,71.43,75.0,0.0,1579,80,83,1,1,D
1.1,0.9,1.5,1.2,1.6,1.5,5.0,6.0,61.33,45.0,84.0,81.33,8.7,8.8,1.89,0.12,1.56,0.75,3,3,61.33,45.0,62.0,48.0,100.0,0.0,3,3,473.0,376.0,398.67,306.67,84.22,81.4,33.33,0.0,3,3,17.33,16.33,5.0,6.0,28.85,36.73,7.69,10.2,13.0,9.8,3,3,2.33,3.33,0.33,1.67,87.5,66.67,66.67,33.33,164,29,31,3,2,H
2.5,1.6,1.7,1.5,0.6,1.0,5.33,4.0,53.33,58.5,82.67,90.25,7.2,7.3,2.4,1.8,1.5,1.7,3,4,53.33,58.5,67.0,66.0,66.67,75.0,3,4,448.33,567.75,373.0,512.25,82.64,90.26,33.33,100.0,3,4,19.67,11.0,5.33,4.0,27.12,36.36,8.47,13.64,11.8,7.33,3,4,1.33,1.25,1.33,0.0,50.0,100.0,33.33,100.0,1207,62,65,2,1,H
1.5,1.8,2.2,2.1,1.2,1.3,6.25,6.0,62.25,57.0,90.75,88.33,5.3,5.5,1.89,1.8,1.89,1.8,4,3,62.25,57.0,75.0,63.0,100.0,66.67,4,3,640.0,525.0,583.0,464.67,90.83,88.4,100.0,100.0,4,3,16.5,12.33,6.25,6.0,37.88,48.65,16.67,18.92,6.0,5.29,4,3,2.5,2.33,0.75,1.67,76.92,58.33,25.0,0.0,533,14,13,3,1,H
1.4,0.9,1.6,1.0,1.6,1.8,6.67,3.67,49.0,40.67,81.67,72.67,8.0,8.2,1.78,0.11,2.0,0.78,3,3,49.0,40.67,61.0,46.0,33.33,0.0,3,3,480.0,343.33,393.0,249.67,81.59,72.63,0.0,0.0,3,3,14.67,12.67,6.67,3.67,45.45,28.95,11.36,2.63,8.8,38.0,3,3,5.0,3.67,2.0,1.67,71.43,68.75,33.33,0.0,857,44,53,3,0,H
1.4,0.9,1.3,0.9,1.4,1.5,6.0,2.8,54.0,42.4,84.0,77.8,8.5,8.7,1.7,0.11,0.9,0.44,4,5,54.0,42.4,60.0,55.0,75.0,20.0,4,5,482.0,344.2,404.25,269.8,83.88,77.81,25.0,0.0,4,5,16.5,10.0,6.0,2.8,36.36,28.0,4.55,10.0,22.0,10.0,4,5,3.5,3.4,1.5,1.0,70.0,77.27,25.0,20.0,1580,85,88,1,1,D
1.4,1.8,1.5,1.5,1.4,0.9,5.67,5.0,56.67,61.75,83.67,87.25,8.7,8.9,1.88,1.56,1.75,1.33,3,4,56.67,61.75,60.0,71.0,100.0,75.0,3,4,483.67,587.25,405.33,514.5,83.72,87.37,33.33,100.0,3,4,12.33,14.5,5.67,5.0,45.95,34.48,18.92,8.62,5.29,11.6,3,4,5.33,2.5,2.0,1.0,72.73,71.43,0.0,50.0,165,32,22,2,1,H
0.6,1.8,1.2,2.0,1.9,1.5,2.75,4.0,32.75,64.75,73.0,85.75,7.1,7.3,0.67,1.6,0.44,1.7,4,4,32.75,64.75,38.0,74.0,0.0,100.0,4,4,278.0,542.25,203.75,464.5,73.02,85.64,0.0,50.0,4,4,9.0,14.5,2.75,4.0,30.56,27.59,8.33,6.9,12.0,14.5,4,4,3.25,1.75,0.5,1.75,86.67,50.0,50.0,0.0,1208,73,68,1,1,D
0.7,2.2,0.6,2.6,1.8,1.3,1.0,7.25,42.25,61.5,83.0,89.75,8.8,8.8,1.2,1.9,0.7,1.9,4,4,42.25,61.5,59.0,66.0,25.0,100.0,4,4,371.5,617.5,310.25,553.75,82.86,89.58,25.0,100.0,4,4,9.0,19.25,1.0,7.25,11.11,37.66,2.78,9.09,36.0,11.0,4,4,3.25,1.75,2.5,0.5,56.52,77.78,50.0,50.0,1581,95,89,0,3,A
2.6,0.7,2.3,0.9,0.8,1.4,9.33,3.33,67.67,39.33,91.67,79.0,8.7,8.6,2.78,1.38,2.89,1.5,3,3,67.67,39.33,76.0,53.0,100.0,33.33,3,3,726.33,336.67,668.67,266.67,91.81,78.72,100.0,0.0,3,3,17.67,8.67,9.33,3.33,52.83,38.46,24.53,15.38,4.08,6.5,3,3,2.33,5.67,0.67,1.67,77.78,77.27,33.33,0.0,166,28,30,1,1,D
1.4,1.1,1.2,1.2,1.0,1.9,5.0,4.33,58.33,41.33,89.67,81.0,7.4,7.1,1.7,0.8,1.5,0.9,3,3,58.33,41.33,61.0,46.0,100.0,0.0,3,3,520.33,344.67,466.0,281.0,89.62,80.86,100.0,0.0,3,3,17.67,12.0,5.0,4.33,28.3,36.11,9.43,11.11,10.6,9.0,3,3,2.33,5.0,2.0,1.33,53.85,78.95,0.0,0.0,1209,60,75,3,2,H
1.3,1.6,1.2,1.7,1.3,1.4,3.5,3.75,43.5,57.5,71.0,90.0,8.8,8.7,1.33,1.2,1.56,0.9,4,4,43.5,57.5,53.0,61.0,50.0,100.0,4,4,300.75,548.0,217.0,492.75,71.11,89.81,0.0,100.0,4,4,10.0,11.75,3.5,3.75,35.0,31.91,10.0,14.89,10.0,6.71,3,4,2.33,2.75,1.67,1.0,58.33,73.33,0.0,50.0,1582,97,93,2,1,H
0.7,1.5,0.7,1.7,1.8,1.7,5.0,6.0,38.0,48.33,79.0,80.33,8.8,8.8,0.67,0.67,0.67,1.0,3,3,38.0,48.33,49.0,50.0,0.0,0.0,3,3,331.33,425.33,264.33,343.33,78.87,79.98,0.0,33.33,3,3,13.67,14.33,5.0,6.0,36.59,41.86,14.63,11.63,6.83,8.6,3,3,4.0,2.67,1.67,2.33,70.59,53.33,33.33,33.33,167,36,34,0,1,A
0.5,0.4,1.8,0.8,2.2,2.5,6.67,3.5,69.0,41.75,87.67,79.75,5.1,5.2,1.1,0.56,2.2,1.22,3,4,69.0,41.75,71.0,58.0,100.0,25.0,3,4,593.33,383.75,520.67,313.0,87.48,79.75,66.67,25.0,3,4,16.0,8.75,6.67,3.5,41.67,40.0,12.5,14.29,8.0,7.0,3,4,1.33,3.5,1.0,1.75,57.14,66.67,33.33,0.0,534,11,10,1,2,A
1.9,1.1,1.5,1.8,1.1,1.7,3.75,4.75,54.0,41.5,81.75,82.75,5.2,5.1,1.1,0.56,1.0,1.22,4,4,54.0,41.5,67.0,46.0,75.0,0.0,4,4,494.5,396.75,405.5,328.25,81.63,82.73,0.0,50.0,4,4,14.25,11.25,3.75,4.75,26.32,42.22,7.02,13.33,14.25,7.5,4,4,3.0,5.5,1.75,1.5,63.16,78.57,0.0,0.0,535,16,17,1,2,A
1.0,1.4,1.0,1.9,1.6,1.3,2.67,3.67,35.0,60.0,73.67,86.33,7.4,7.1,1.4,0.56,1.1,0.89,3,3,35.0,60.0,44.0,73.0,0.0,66.67,3,3,283.33,515.67,214.0,446.67,73.63,86.26,0.0,66.67,3,3,7.33,16.33,2.67,3.67,36.36,22.45,18.18,2.04,5.5,49.0,3,3,4.0,1.67,0.67,0.67,85.71,71.43,33.33,66.67,1210,63,66,1,2,A
0.9,2.2,1.0,2.6,1.8,1.2,5.33,5.0,48.33,40.0,84.33,82.67,8.0,7.8,1.11,1.78,1.78,1.89,3,3,48.33,40.0,55.0,50.0,33.33,0.0,3,3,437.67,367.33,369.0,304.33,84.33,82.55,0.0,33.33,3,3,15.67,13.0,5.33,5.0,34.04,38.46,10.64,12.82,9.4,7.8,3,3,3.67,2.67,3.0,1.33,55.0,66.67,0.0,0.0,858,47,49,2,2,D
1.6,1.1,0.9,0.7,0.6,0.9,2.0,1.0,58.0,44.0,78.25,62.67,8.9,8.6,1.4,0.56,1.0,0.56,4,3,58.0,44.0,66.0,53.0,75.0,33.33,4,3,407.75,272.67,325.0,172.67,78.25,62.69,25.0,0.0,4,3,7.5,12.33,2.0,1.0,26.67,8.11,10.0,2.7,10.0,37.0,4,2,2.25,1.5,1.0,0.5,69.23,75.0,50.0,50.0,1583,94,92,0,3,A
0.7,1.6,1.1,1.5,1.9,1.0,3.67,4.67,37.33,46.33,76.67,81.0,8.7,8.6,1.12,1.33,1.25,1.44,3,3,37.33,46.33,46.0,52.0,0.0,33.33,3,3,321.67,394.67,250.67,320.67,77.01,80.91,0.0,0.0,3,3,9.33,12.33,3.67,4.67,39.29,37.84,17.86,10.81,5.6,9.25,3,3,4.0,4.67,0.33,2.67,92.31,63.64,66.67,0.0,168,26,23,1,1,D
1.9,0.8,1.2,1.0,0.8,1.7,3.33,4.0,40.0,47.33,77.33,82.67,8.7,8.6,1.56,0.0,1.22,0.38,3,3,40.0,47.33,54.0,69.0,33.33,33.33,3,3,364.0,406.67,285.33,341.0,77.64,83.0,0.0,33.33,3,3,10.0,8.67,3.33,4.0,33.33,46.15,6.67,7.69,15.0,13.0,3,3,2.0,3.0,1.33,3.33,60.0,47.37,33.33,0.0,169,33,25,1,2,A
1.3,1.8,1.3,1.5,1.4,1.3,5.67,4.0,50.0,43.33,79.67,80.0,8.7,8.8,1.22,1.33,1.0,0.89,3,3,50.0,43.33,59.0,54.0,66.67,33.33,3,3,421.0,369.67,338.33,298.67,79.52,80.17,0.0,33.33,3,3,14.0,9.33,5.67,4.0,40.48,42.86,9.52,3.57,10.5,28.0,3,3,2.33,3.67,0.33,2.33,87.5,61.11,66.67,0.0,170,38,21,1,0,H
1.7,1.1,1.4,1.2,1.5,2.4,4.75,2.75,50.5,42.75,85.0,80.5,5.1,4.9,2.2,1.0,1.9,1.0,4,4,50.5,42.75,73.0,52.0,25.0,25.0,4,4,442.75,370.75,380.0,299.0,84.86,80.56,25.0,0.0,4,4,13.25,13.25,4.75,2.75,35.85,20.75,13.21,9.43,7.57,10.6,4,4,1.75,3.0,1.5,1.5,53.85,66.67,0.0,25.0,536,20,12,1,1,D
1.2,0.5,0.9,0.7,1.0,1.9,2.0,4.33,61.0,39.0,80.0,73.33,8.1,8.0,0.62,0.56,0.38,0.67,2,3,61.0,39.0,61.0,46.0,100.0,0.0,2,3,568.0,345.67,451.5,254.0,79.53,73.43,0.0,0.0,2,3,9.5,12.0,2.0,4.33,21.05,36.11,0.0,5.56,0.0,18.0,2,3,2.5,2.33,1.5,0.33,62.5,87.5,0.0,66.67,859,56,55,3,0,H
1.2,2.6,1.1,2.7,1.6,0.5,4.0,5.0,40.33,61.0,79.67,89.33,7.5,7.8,1.44,2.56,1.0,2.78,3,3,40.33,61.0,47.0,67.0,0.0,100.0,3,3,343.33,527.0,277.33,470.67,79.75,89.27,33.33,100.0,3,3,16.0,13.67,4.0,5.0,25.0,36.59,2.08,19.51,48.0,5.12,3,3,1.67,3.33,2.0,0.67,45.45,83.33,33.33,66.67,1211,76,72,0,4,A
2.2,1.4,1.4,1.3,0.7,1.7,2.75,2.4,52.0,42.0,81.0,75.8,8.8,8.4,2.1,0.9,1.6,1.0,4,5,52.0,42.0,69.0,54.0,75.0,20.0,4,5,435.0,366.0,355.75,279.4,81.12,75.52,25.0,0.0,4,5,9.0,7.8,2.75,2.4,30.56,30.77,8.33,7.69,12.0,13.0,4,5,1.25,3.4,1.0,1.0,55.56,77.27,25.0,20.0,1584,81,86,0,0,D
1.5,1.0,1.7,1.4,1.3,1.9,4.25,5.5,51.25,54.0,82.75,86.5,5.1,5.0,1.4,1.11,1.6,1.0,4,4,51.25,54.0,55.0,56.0,75.0,100.0,4,4,433.75,527.75,360.0,457.75,82.72,86.49,50.0,50.0,4,4,14.5,13.25,4.25,5.5,29.31,41.51,6.9,9.43,14.5,10.6,4,4,3.0,1.75,1.0,1.25,75.0,58.33,0.0,50.0,537,4,1,0,1,A
2.0,2.0,2.0,1.9,1.7,1.3,4.5,6.25,50.75,62.0,84.5,88.75,8.5,8.8,2.25,2.67,2.62,2.78,4,4,50.75,62.0,58.0,76.0,50.0,75.0,4,4,427.0,630.5,362.0,563.5,84.67,88.69,50.0,75.0,4,4,11.5,12.5,4.5,6.25,39.13,50.0,13.04,24.0,7.67,4.17,4,4,4.0,2.75,1.5,1.0,72.73,73.33,0.0,25.0,171,27,24,2,0,H
1.7,1.4,1.3,1.2,1.4,1.2,5.33,7.0,58.0,61.33,88.33,84.67,7.3,7.6,2.0,1.5,1.78,1.6,3,3,58.0,61.33,67.0,68.0,66.67,100.0,3,3,474.0,482.33,419.0,409.33,88.13,84.73,100.0,33.33,3,3,12.33,15.67,5.33,7.0,43.24,44.68,16.22,6.38,6.17,15.67,3,3,1.67,3.67,1.67,1.0,50.0,78.57,0.0,33.33,1212,59,69,1,2,A
1.2,1.0,1.9,1.2,1.3,1.3,6.75,3.0,66.25,48.5,87.5,81.25,8.7,8.6,1.88,0.4,2.5,0.5,4,4,66.25,48.5,71.0,58.0,100.0,50.0,4,4,567.5,425.25,496.25,348.25,87.34,81.26,75.0,25.0,4,4,19.0,10.75,6.75,3.0,35.53,27.91,17.11,6.98,5.85,14.33,4,4,1.5,2.5,0.75,1.75,66.67,58.82,25.0,0.0,1585,79,82,7,1,H
0.7,0.7,0.9,0.8,1.5,2.3,3.33,2.67,40.0,38.33,80.33,75.67,7.4,7.4,1.1,0.9,1.1,1.3,3,3,40.0,38.33,45.0,42.0,0.0,0.0,3,3,337.67,330.67,271.0,253.33,80.3,75.58,0.0,33.33,3,3,10.67,8.67,3.33,2.67,31.25,30.77,3.12,19.23,32.0,5.2,3,3,5.33,2.33,1.33,1.0,80.0,70.0,33.33,66.67,1213,74,71,1,1,D
1.4,0.5,1.0,1.0,0.9,1.7,3.0,2.0,40.33,54.67,78.33,80.67,7.0,7.1,0.8,0.67,0.8,1.11,3,3,40.33,54.67,58.0,70.0,33.33,66.67,3,3,320.0,451.0,252.33,371.67,78.38,80.49,0.0,33.33,3,3,11.67,6.33,3.0,2.0,25.71,31.58,8.57,10.53,11.67,9.5,3,3,2.67,2.0,1.33,1.0,66.67,66.67,33.33,33.33,1214,64,78,2,0,H
1.0,1.1,1.1,1.2,1.4,1.5,3.8,5.5,42.2,54.5,72.6,85.75,8.8,8.6,1.33,0.44,1.0,1.22,5,4,42.2,54.5,62.0,64.0,20.0,50.0,5,4,314.4,515.5,229.6,443.5,72.46,85.88,0.0,75.0,5,4,12.6,11.25,3.8,5.5,30.16,48.89,11.11,22.22,9.0,4.5,5,4,2.4,2.75,1.2,2.25,66.67,55.0,40.0,0.0,1586,90,87,1,1,D
1.5,2.1,1.8,2.1,1.6,1.0,3.0,5.0,51.0,45.0,83.5,77.5,7.8,8.2,1.11,1.56,1.44,2.11,2,2,51.0,45.0,55.0,54.0,50.0,50.0,2,2,452.0,332.5,377.0,259.0,83.4,77.84,0.0,0.0,2,2,8.0,12.5,3.0,5.0,37.5,40.0,12.5,16.0,8.0,6.25,2,2,3.0,6.0,1.0,2.0,75.0,75.0,50.0,0.0,860,43,45,1,0,H
1.1,1.6,1.2,1.4,1.5,1.2,4.0,5.67,47.33,50.0,82.67,79.67,8.8,8.8,1.2,1.78,1.5,1.44,3,3,47.33,50.0,69.0,59.0,33.33,66.67,3,3,406.67,421.0,341.0,338.33,83.0,79.52,33.33,0.0,3,3,8.67,14.0,4.0,5.67,46.15,40.48,7.69,9.52,13.0,10.5,3,3,3.0,2.33,3.33,0.33,47.37,87.5,0.0,66.67,172,25,38,0,2,A
0.8,1.1,1.2,1.0,2.1,1.9,4.33,4.0,41.33,40.33,81.0,79.67,7.3,7.6,0.89,0.7,1.56,0.6,3,3,41.33,40.33,46.0,47.0,0.0,0.0,3,3,344.67,343.33,281.0,277.33,80.86,79.75,0.0,33.33,3,3,12.0,16.0,4.33,4.0,36.11,25.0,11.11,2.08,9.0,48.0,3,3,5.0,1.67,1.33,2.0,78.95,45.45,0.0,33.33,1215,75,76,1,3,A
1.2,1.3,1.0,1.3,1.7,1.4,2.4,3.5,42.0,43.5,75.8,71.0,8.6,8.8,1.3,1.1,0.9,0.7,5,4,42.0,43.5,54.0,53.0,20.0,50.0,5,4,366.0,300.75,279.4,217.0,75.52,71.11,0.0,0.0,5,4,7.8,10.0,2.4,3.5,30.77,35.0,7.69,10.0,13.0,10.0,5,3,3.4,2.33,1.0,1.67,77.27,58.33,20.0,0.0,1587,86,97,0,1,A
2.2,1.1,1.7,1.3,1.4,1.4,6.0,5.0,42.75,60.75,78.25,85.75,5.3,5.3,2.11,1.5,1.44,1.7,4,4,42.75,60.75,53.0,69.0,50.0,75.0,4,4,373.75,523.25,294.5,448.25,78.13,85.66,0.0,100.0,4,4,14.5,16.75,6.0,5.0,41.38,29.85,6.9,8.96,14.5,11.17,4,4,2.5,2.5,0.5,0.5,83.33,83.33,50.0,50.0,538,19,15,7,0,H
1.3,1.2,0.9,1.2,0.8,1.5,1.0,6.0,44.0,54.0,62.67,84.0,8.7,8.7,1.36,0.89,0.82,1.33,3,4,44.0,54.0,53.0,60.0,33.33,75.0,3,4,272.67,482.0,172.67,404.25,62.69,83.88,0.0,25.0,3,4,12.33,16.5,1.0,6.0,8.11,36.36,2.7,4.55,37.0,22.0,2,4,1.5,3.5,0.5,1.5,75.0,70.0,50.0,25.0,1588,92,85,0,0,D
1.0,0.8,1.0,0.9,1.6,1.4,2.67,3.33,35.0,40.0,73.67,80.33,7.2,7.7,1.1,0.33,1.0,0.78,3,3,35.0,40.0,44.0,45.0,0.0,0.0,3,3,283.33,337.67,214.0,271.0,73.63,80.3,0.0,0.0,3,3,7.33,10.67,2.67,3.33,36.36,31.25,18.18,3.12,5.5,32.0,3,3,4.0,5.33,0.67,1.33,85.71,80.0,33.33,33.33,1216,63,74,3,2,H
0.5,0.8,1.0,0.8,1.8,2.1,2.0,2.67,54.67,38.33,80.67,75.67,7.3,7.6,0.6,0.91,1.0,1.27,3,3,54.67,38.33,70.0,42.0,66.67,0.0,3,3,451.0,330.67,371.67,253.33,80.49,75.58,33.33,33.33,3,3,6.33,8.67,2.0,2.67,31.58,30.77,10.53,19.23,9.5,5.2,3,3,2.0,2.33,1.0,1.0,66.67,70.0,33.33,66.67,1217,78,71,0,1,A
2.5,0.7,2.6,1.7,0.9,2.5,7.67,4.0,69.67,42.67,88.67,79.33,8.0,8.1,2.78,0.33,3.33,1.56,3,3,69.67,42.67,71.0,54.0,100.0,33.33,3,3,704.33,371.0,628.33,295.67,88.91,79.45,100.0,0.0,3,3,16.67,11.67,7.67,4.0,46.0,34.29,22.0,8.57,4.55,11.67,3,3,1.0,4.67,1.0,3.67,50.0,56.0,33.33,0.0,861,40,57,4,3,H
1.9,1.4,1.9,1.5,1.2,1.5,7.0,6.67,62.33,49.0,86.0,81.67,8.1,7.9,2.0,0.89,2.4,1.0,3,3,62.33,49.0,67.0,61.0,100.0,33.33,3,3,564.0,480.0,485.33,393.0,85.94,81.59,66.67,0.0,3,3,16.33,14.67,7.0,6.67,42.86,45.45,14.29,11.36,7.0,8.8,3,3,4.0,5.0,2.33,2.0,63.16,71.43,0.0,33.33,862,51,44,1,2,A
0.9,1.1,0.8,1.3,1.4,2.5,3.67,6.0,40.67,40.0,72.67,76.33,8.3,7.9,1.0,0.8,1.11,0.8,3,3,40.67,40.0,46.0,54.0,0.0,33.33,3,3,343.33,365.0,249.67,279.67,72.63,76.45,0.0,0.0,3,3,12.67,17.0,3.67,6.0,28.95,35.29,2.63,9.8,38.0,10.2,3,3,3.67,1.33,1.67,1.33,68.75,50.0,0.0,0.0,863,53,41,0,1,A
0.4,1.0,1.2,1.7,2.8,1.8,5.0,5.0,38.0,61.33,74.67,88.33,8.1,8.0,0.78,0.56,0.89,1.11,3,3,38.0,61.33,39.0,70.0,0.0,100.0,3,3,330.33,596.67,246.67,528.33,74.72,88.31,0.0,100.0,3,3,10.33,14.0,5.0,5.0,48.39,35.71,25.81,14.29,3.88,7.0,3,3,1.67,1.67,1.33,0.67,55.56,71.43,66.67,66.67,864,54,46,1,2,A
1.2,1.4,1.0,1.0,1.0,1.4,2.0,2.0,61.0,54.5,80.0,82.5,8.2,8.1,0.89,0.89,0.67,1.0,2,2,61.0,54.5,61.0,64.0,100.0,50.0,2,2,568.0,450.5,451.5,374.5,79.53,82.9,0.0,0.0,2,2,9.5,13.0,2.0,2.0,21.05,15.38,0.0,7.69,0.0,13.0,2,2,2.5,3.5,1.5,3.0,62.5,53.85,0.0,0.0,865,56,50,1,1,D
2.2,1.4,2.7,1.6,1.3,1.3,3.0,4.25,39.0,51.25,71.33,82.75,5.3,5.2,1.56,1.67,1.78,1.67,3,4,39.0,51.25,61.0,55.0,33.33,75.0,3,4,312.33,433.75,231.0,360.0,71.38,82.72,0.0,50.0,3,4,8.67,14.5,3.0,4.25,34.62,29.31,15.38,6.9,6.5,14.5,3,4,4.0,3.0,0.67,1.0,85.71,75.0,33.33,0.0,539,2,4,1,2,A
2.2,2.2,2.1,3.0,0.7,1.3,5.0,5.25,46.33,60.25,77.0,86.5,5.3,5.8,2.0,2.4,1.6,2.8,3,4,46.33,60.25,53.0,69.0,33.33,75.0,3,4,381.67,560.0,293.33,485.25,76.8,86.52,0.0,50.0,3,4,15.33,15.5,5.0,5.25,32.61,33.87,10.87,11.29,9.2,8.86,3,4,5.67,2.25,1.33,0.25,80.95,90.0,0.0,75.0,540,3,6,0,2,A
1.2,0.7,0.9,0.9,1.1,2.2,3.0,3.5,35.25,41.75,75.5,79.75,5.8,5.2,1.3,0.8,1.2,1.3,4,4,35.25,41.75,47.0,58.0,0.0,25.0,4,4,296.0,383.75,223.25,313.0,75.42,79.75,0.0,25.0,4,4,10.75,8.75,3.0,3.5,27.91,40.0,9.3,14.29,10.75,7.0,4,4,3.25,3.5,3.25,1.75,50.0,66.67,0.0,0.0,541,9,10,4,0,H
0.7,0.1,0.8,0.6,2.3,2.8,2.0,3.75,35.75,62.5,79.0,89.0,5.1,5.3,0.6,0.2,0.7,0.7,4,4,35.75,62.5,49.0,78.0,0.0,75.0,4,4,313.5,601.5,250.25,536.0,79.14,89.0,25.0,100.0,4,4,6.25,12.0,2.0,3.75,32.0,31.25,8.0,2.08,12.5,48.0,4,4,3.25,4.5,1.75,2.0,65.0,69.23,25.0,0.0,542,18,7,1,2,A
1.3,0.7,1.9,0.5,1.3,1.9,4.8,1.0,43.6,42.25,82.8,83.0,8.8,8.9,1.67,0.3,2.22,0.7,5,4,43.6,42.25,46.0,59.0,0.0,25.0,5,4,407.6,371.5,340.8,310.25,83.05,82.86,40.0,25.0,5,4,14.2,9.0,4.8,1.0,33.8,11.11,15.49,2.78,6.45,36.0,5,4,4.0,3.25,1.6,2.5,71.43,56.52,0.0,50.0,1589,83,95,5,1,H
1.5,2.4,1.6,2.1,1.6,0.9,6.0,9.33,48.33,67.67,80.33,91.67,8.8,8.6,2.11,2.33,2.11,2.44,3,3,48.33,67.67,50.0,76.0,0.0,100.0,3,3,425.33,726.33,343.33,668.67,79.98,91.81,33.33,100.0,3,3,14.33,17.67,6.0,9.33,41.86,52.83,11.63,24.53,8.6,4.08,3,3,2.67,2.33,2.33,0.67,53.33,77.78,33.33,33.33,173,34,28,2,5,A
2.1,1.2,1.7,0.8,1.0,0.8,5.33,5.33,52.0,48.0,86.0,83.67,7.3,7.2,2.2,1.2,2.8,1.2,3,3,52.0,48.0,58.0,58.0,66.67,33.33,3,3,446.33,422.67,385.0,354.67,86.37,83.7,66.67,33.33,3,3,15.67,10.67,5.33,5.33,34.04,50.0,10.64,15.62,9.4,6.4,3,3,3.0,5.0,2.0,1.0,60.0,83.33,33.33,33.33,1218,67,70,1,1,D
0.7,1.8,1.0,1.5,2.0,1.3,3.33,4.75,45.0,50.5,79.67,85.0,5.1,5.1,0.7,0.89,1.2,1.11,3,4,45.0,50.5,48.0,73.0,0.0,25.0,3,4,351.33,442.75,279.67,380.0,79.55,84.86,0.0,25.0,3,4,10.67,13.25,3.33,4.75,31.25,35.85,9.38,13.21,10.67,7.57,3,4,3.33,1.75,3.0,1.5,52.63,53.85,0.0,0.0,543,5,20,2,0,H
0.5,1.2,0.7,1.9,1.9,2.4,4.33,3.33,39.0,56.0,73.33,84.33,8.2,8.1,1.67,1.4,1.11,1.7,3,3,39.0,56.0,46.0,68.0,0.0,66.67,3,3,345.67,533.67,254.0,453.33,73.43,84.23,0.0,33.33,3,3,12.0,12.0,4.33,3.33,36.11,27.78,5.56,11.11,18.0,9.0,3,3,2.33,4.67,0.33,0.67,87.5,87.5,66.67,66.67,866,55,52,0,0,D
2.5,1.2,1.9,0.9,0.7,1.8,4.75,3.4,51.5,46.8,86.75,81.2,8.7,8.4,2.45,1.5,1.91,1.0,4,5,51.5,46.8,62.0,55.0,50.0,40.0,4,5,543.25,385.0,471.25,312.0,86.7,81.11,75.0,0.0,4,5,13.5,11.0,4.75,3.4,35.19,30.91,11.11,5.45,9.0,18.33,4,5,2.0,4.0,0.5,0.8,80.0,83.33,75.0,40.0,1590,80,98,2,0,H
1.4,1.3,1.7,1.2,1.6,1.1,5.0,4.33,61.33,53.67,84.0,84.67,8.6,8.5,2.0,0.44,1.7,1.11,3,3,61.33,53.67,62.0,65.0,100.0,66.67,3,3,473.0,471.33,398.67,400.0,84.22,84.92,33.33,66.67,3,3,17.33,11.67,5.0,4.33,28.85,37.14,7.69,8.57,13.0,11.67,3,3,2.33,3.33,0.33,2.0,87.5,62.5,66.67,0.0,174,29,35,4,2,H
1.6,1.2,1.8,1.4,1.4,1.3,4.0,3.0,64.75,48.75,85.75,83.25,7.2,7.5,1.78,0.67,1.56,0.89,4,4,64.75,48.75,74.0,56.0,100.0,50.0,4,4,542.25,417.5,464.5,348.25,85.64,83.41,50.0,25.0,4,4,14.5,13.0,4.0,3.0,27.59,23.08,6.9,5.77,14.5,17.33,4,4,1.75,2.75,1.75,1.75,50.0,61.11,0.0,0.0,1219,68,77,2,0,H
1.0,2.5,1.0,2.9,1.4,0.9,2.8,7.25,42.4,61.5,77.8,89.75,8.8,8.7,1.64,2.1,1.36,2.1,5,4,42.4,61.5,55.0,66.0,20.0,100.0,5,4,344.2,617.5,269.8,553.75,77.81,89.58,0.0,100.0,5,4,10.0,19.25,2.8,7.25,28.0,37.66,10.0,9.09,10.0,11.0,5,4,3.4,1.75,1.0,0.5,77.27,77.78,20.0,50.0,1591,88,89,1,0,H
1.5,1.1,1.4,1.0,1.1,1.5,5.0,3.5,61.75,44.75,87.25,78.0,8.8,8.5,2.0,0.2,1.78,0.7,4,4,61.75,44.75,71.0,59.0,75.0,50.0,4,4,587.25,350.0,514.5,276.5,87.37,77.97,100.0,0.0,4,4,14.5,11.5,5.0,3.5,34.48,30.43,8.62,2.17,11.6,46.0,4,4,2.5,4.0,1.0,1.75,71.43,69.57,50.0,25.0,175,22,39,4,1,H
1.3,0.6,1.4,1.2,1.2,1.9,4.0,2.75,58.5,32.75,90.25,73.0,7.3,7.3,1.6,1.0,1.4,1.4,4,4,58.5,32.75,66.0,38.0,75.0,0.0,4,4,567.75,278.0,512.25,203.75,90.26,73.02,100.0,0.0,4,4,11.0,9.0,4.0,2.75,36.36,30.56,13.64,8.33,7.33,12.0,4,4,1.25,3.25,0.0,0.5,100.0,86.67,100.0,50.0,1220,65,73,4,1,H
1.2,1.1,2.2,1.2,1.4,1.4,6.75,3.8,66.25,42.2,87.5,72.6,8.9,9.0,2.0,0.8,3.0,1.4,4,5,66.25,42.2,71.0,62.0,100.0,20.0,4,5,567.5,314.4,496.25,229.6,87.34,72.46,75.0,0.0,4,5,19.0,12.6,6.75,3.8,35.53,30.16,17.11,11.11,5.85,9.0,4,5,1.5,2.4,0.75,1.2,66.67,66.67,25.0,40.0,1592,79,90,1,0,H
1.6,2.0,1.0,2.0,1.0,1.6,3.33,4.5,40.0,50.75,77.33,84.5,8.7,8.6,1.4,1.2,1.2,1.5,3,4,40.0,50.75,54.0,58.0,33.33,50.0,3,4,364.0,427.0,285.33,362.0,77.64,84.67,0.0,50.0,3,4,10.0,11.5,3.33,4.5,33.33,39.13,6.67,13.04,15.0,7.67,3,4,2.0,4.0,1.33,1.5,60.0,72.73,33.33,0.0,176,33,27,1,1,D
1.0,1.8,1.1,1.5,1.9,1.2,5.5,3.75,54.0,54.0,86.5,81.75,5.1,5.2,1.3,1.67,1.6,1.44,4,4,54.0,54.0,56.0,67.0,100.0,75.0,4,4,527.75,494.5,457.75,405.5,86.49,81.63,50.0,0.0,4,4,13.25,14.25,5.5,3.75,41.51,26.32,9.43,7.02,10.6,14.25,4,4,1.75,3.0,1.25,1.75,58.33,63.16,50.0,0.0,544,1,16,0,2,A
1.1,0.4,1.6,1.8,1.7,2.3,4.75,6.67,41.5,69.0,82.75,87.67,5.1,5.1,1.7,1.0,2.4,1.89,4,3,41.5,69.0,46.0,71.0,0.0,100.0,4,3,396.75,593.33,328.25,520.67,82.73,87.48,50.0,66.67,4,3,11.25,16.0,4.75,6.67,42.22,41.67,13.33,12.5,7.5,8.0,4,3,5.5,1.33,1.5,1.0,78.57,57.14,0.0,33.33,545,17,11,0,2,A
1.4,1.6,1.3,1.1,1.3,0.8,7.0,3.0,61.33,40.33,84.67,78.33,8.1,7.7,1.8,1.22,1.7,0.78,3,3,61.33,40.33,68.0,58.0,100.0,33.33,3,3,482.33,320.0,409.33,252.33,84.73,78.38,33.33,0.0,3,3,15.67,11.67,7.0,3.0,44.68,25.71,6.38,8.57,15.67,11.67,3,3,3.67,2.67,1.0,1.33,78.57,66.67,33.33,33.33,1221,69,64,2,1,H
2.0,1.9,2.1,2.6,1.2,1.7,5.0,3.67,40.0,45.0,82.67,74.67,8.1,7.9,2.22,1.78,2.78,2.33,3,3,40.0,45.0,50.0,60.0,0.0,33.33,3,3,367.33,360.33,304.33,274.33,82.55,74.63,33.33,0.0,3,3,13.0,13.67,5.0,3.67,38.46,26.83,12.82,12.2,7.8,8.2,3,3,2.67,5.0,1.33,1.67,66.67,75.0,0.0,33.33,867,49,42,1,1,D
0.9,1.2,1.2,1.3,1.9,1.3,3.0,5.5,48.5,54.5,81.25,85.75,8.8,8.7,1.33,0.5,1.44,1.2,4,4,48.5,54.5,58.0,64.0,50.0,50.0,4,4,425.25,515.5,348.25,443.5,81.26,85.88,25.0,75.0,4,4,10.75,11.25,3.0,5.5,27.91,48.89,6.98,22.22,14.33,4.5,4,4,2.5,2.75,1.75,2.25,58.82,55.0,0.0,0.0,1593,82,87,2,1,H
1.5,0.7,1.1,0.7,1.2,1.8,4.0,5.0,43.33,38.0,80.0,79.0,8.9,8.9,1.11,0.78,1.44,0.89,3,3,43.33,38.0,54.0,49.0,33.33,0.0,3,3,369.67,331.33,298.67,264.33,80.17,78.87,33.33,0.0,3,3,9.33,13.67,4.0,5.0,42.86,36.59,3.57,14.63,28.0,6.83,3,3,3.67,4.0,2.33,1.67,61.11,70.59,0.0,33.33,177,21,36,1,1,D
0.8,0.8,0.9,1.1,1.3,1.7,3.33,3.67,39.33,37.33,79.0,76.67,8.6,8.7,1.0,0.8,1.2,1.1,3,3,39.33,37.33,53.0,46.0,33.33,0.0,3,3,336.67,321.67,266.67,250.67,78.72,77.01,0.0,0.0,3,3,8.67,9.33,3.33,3.67,38.46,39.29,15.38,17.86,6.5,5.6,3,3,5.67,4.0,1.67,0.33,77.27,92.31,0.0,66.67,178,30,26,1,2,A
0.6,1.4,1.3,1.4,1.8,1.4,6.0,5.67,45.0,56.67,81.33,83.67,8.8,8.5,1.6,0.9,1.8,1.7,3,3,45.0,56.67,48.0,60.0,0.0,100.0,3,3,376.0,483.67,306.67,405.33,81.4,83.72,0.0,33.33,3,3,16.33,12.33,6.0,5.67,36.73,45.95,10.2,18.92,9.8,5.29,3,3,3.33,5.33,1.67,2.0,66.67,72.73,33.33,0.0,179,31,32,1,0,H
2.2,1.8,1.8,2.5,0.7,1.1,5.67,6.25,50.0,62.25,83.33,90.75,5.2,5.2,2.33,1.2,2.11,1.8,3,4,50.0,62.25,61.0,75.0,66.67,100.0,3,4,401.33,640.0,342.0,583.0,83.44,90.83,66.67,100.0,3,4,12.67,16.5,5.67,6.25,44.74,37.88,13.16,16.67,7.6,6.0,3,4,3.0,2.5,0.33,0.75,90.0,76.92,66.67,25.0,546,8,14,5,1,H
2.6,1.0,2.6,1.2,1.1,1.8,9.33,5.33,60.33,48.33,88.33,84.33,8.1,8.3,2.3,0.78,2.6,0.78,3,3,60.33,48.33,63.0,55.0,100.0,33.33,3,3,606.33,437.67,535.67,369.0,88.28,84.33,100.0,0.0,3,3,23.67,15.67,9.33,5.33,39.44,34.04,12.68,10.64,7.89,9.4,3,3,3.33,3.67,2.0,3.0,62.5,55.0,0.0,0.0,868,48,47,3,1,H
1.6,2.6,1.2,3.0,0.9,0.5,5.0,5.0,58.33,61.0,89.67,89.33,7.5,8.0,1.9,2.78,1.6,3.0,3,3,58.33,61.0,61.0,67.0,100.0,100.0,3,3,520.33,527.0,466.0,470.67,89.62,89.27,100.0,100.0,3,3,17.67,13.67,5.0,5.0,28.3,36.59,9.43,19.51,10.6,5.12,3,3,2.33,3.33,2.0,0.67,53.85,83.33,0.0,66.67,1222,60,72,1,1,D
0.9,1.6,0.9,0.9,1.4,0.7,3.5,2.0,49.0,58.0,79.25,78.25,8.5,8.7,1.8,1.4,1.8,0.7,4,4,49.0,58.0,61.0,66.0,25.0,75.0,4,4,404.25,407.75,322.0,325.0,79.38,78.25,0.0,25.0,4,4,10.5,7.5,3.5,2.0,33.33,26.67,11.9,10.0,8.4,10.0,4,4,2.0,2.25,1.75,1.0,53.33,69.23,25.0,50.0,1594,96,94,2,1,H
2.0,1.6,1.9,1.4,1.2,0.9,6.25,4.67,62.0,46.33,88.75,81.0,8.8,8.6,1.44,1.3,1.67,1.4,4,3,62.0,46.33,76.0,52.0,75.0,33.33,4,3,630.5,394.67,563.5,320.67,88.69,80.91,75.0,0.0,4,3,12.5,12.33,6.25,4.67,50.0,37.84,24.0,10.81,4.17,9.25,4,3,2.75,4.67,1.0,2.67,73.33,63.64,25.0,0.0,180,24,23,3,2,H
1.7,2.7,1.9,1.8,1.1,0.6,3.67,5.33,60.0,53.33,86.33,82.67,7.3,7.1,2.1,2.6,2.2,2.0,3,3,60.0,53.33,73.0,67.0,66.67,66.67,3,3,515.67,448.33,446.67,373.0,86.26,82.64,66.67,33.33,3,3,16.33,19.67,3.67,5.33,22.45,27.12,2.04,8.47,49.0,11.8,3,3,1.67,1.33,0.67,1.33,71.43,50.0,66.67,33.33,1223,66,62,1,1,D
1.0,2.2,1.2,1.4,1.7,0.7,3.5,2.75,51.5,52.0,84.0,81.0,8.6,8.6,1.67,1.8,1.44,1.5,4,4,51.5,52.0,64.0,69.0,50.0,75.0,4,4,483.0,435.0,407.25,355.75,84.04,81.12,25.0,25.0,4,4,14.75,9.0,3.5,2.75,23.73,30.56,5.08,8.33,19.67,12.0,4,4,1.75,1.25,0.75,1.0,70.0,55.56,50.0,25.0,1595,91,81,2,2,D
1.1,1.4,1.1,1.3,1.4,1.6,3.0,5.33,51.67,58.0,78.0,88.33,7.2,7.5,1.11,1.8,1.22,1.7,3,3,51.67,58.0,65.0,67.0,33.33,66.67,3,3,386.0,474.0,303.0,419.0,78.16,88.13,0.0,100.0,3,3,15.0,12.33,3.0,5.33,20.0,43.24,2.22,16.22,45.0,6.17,3,3,2.67,1.67,0.67,1.67,80.0,50.0,33.33,0.0,1224,61,59,1,2,A
1.5,1.2,1.9,1.1,1.6,2.0,6.0,2.75,57.0,42.75,88.33,80.5,5.1,5.3,2.0,1.0,2.11,1.0,3,4,57.0,42.75,63.0,52.0,66.67,25.0,3,4,525.0,370.75,464.67,299.0,88.4,80.56,100.0,0.0,3,4,12.33,13.25,6.0,2.75,48.65,20.75,18.92,9.43,5.29,10.6,3,4,2.33,3.0,1.67,1.5,58.33,66.67,0.0,25.0,547,13,12,2,1,H
1.6,1.4,1.8,1.3,1.5,1.5,3.75,4.5,57.5,55.75,90.0,83.0,8.8,8.6,1.6,1.0,1.9,1.2,4,4,57.5,55.75,61.0,71.0,100.0,50.0,4,4,548.0,493.5,492.75,411.5,89.81,83.2,100.0,50.0,4,4,11.75,11.0,3.75,4.5,31.91,40.91,14.89,9.09,6.71,11.0,4,4,2.75,4.25,1.0,1.75,73.33,70.83,50.0,0.0,1596,93,84,2,1,H
1.4,2.6,1.2,3.0,1.3,0.5,7.0,5.0,61.33,61.0,84.67,89.33,8.0,8.0,2.0,2.6,1.9,2.8,3,3,61.33,61.0,68.0,67.0,100.0,100.0,3,3,482.33,527.0,409.33,470.67,84.73,89.27,33.33,100.0,3,3,15.67,13.67,7.0,5.0,44.68,36.59,6.38,19.51,15.67,5.12,3,3,3.67,3.33,1.0,0.67,78.57,83.33,33.33,66.67,1225,69,72,3,0,H
1.1,1.5,1.2,1.8,1.6,2.0,3.67,6.0,37.33,48.33,76.67,80.33,8.7,8.7,1.11,0.9,1.22,1.0,3,3,37.33,48.33,46.0,50.0,0.0,0.0,3,3,321.67,425.33,250.67,343.33,77.01,79.98,0.0,33.33,3,3,9.33,14.33,3.67,6.0,39.29,41.86,17.86,11.63,5.6,8.6,3,3,4.0,2.67,0.33,2.33,92.31,53.33,66.67,33.33,181,26,34,0,2,A
2.5,1.5,2.9,1.7,1.2,1.5,7.67,3.0,69.67,51.0,88.67,83.5,8.0,7.9,2.8,1.7,3.4,2.0,3,2,69.67,51.0,71.0,55.0,100.0,50.0,3,2,704.33,452.0,628.33,377.0,88.91,83.4,100.0,0.0,3,2,16.67,8.0,7.67,3.0,46.0,37.5,22.0,12.5,4.55,8.0,3,2,1.0,3.0,1.0,1.0,50.0,75.0,33.33,50.0,869,40,43,3,0,H
1.2,1.5,1.4,1.8,1.3,1.3,3.0,4.0,48.75,58.5,83.25,90.25,6.6,6.7,1.36,1.5,1.64,1.5,4,4,48.75,58.5,56.0,66.0,50.0,75.0,4,4,417.5,567.75,348.25,512.25,83.41,90.26,25.0,100.0,4,4,13.0,11.0,3.0,4.0,23.08,36.36,5.77,13.64,17.33,7.33,4,4,2.75,1.25,1.75,0.0,61.11,100.0,0.0,100.0,1226,77,65,1,2,A
1.6,0.7,1.3,0.6,1.1,2.3,3.5,1.0,43.5,42.25,71.0,83.0,8.0,8.8,1.5,0.3,1.6,0.8,4,4,43.5,42.25,53.0,59.0,50.0,25.0,4,4,300.75,371.5,217.0,310.25,71.11,82.86,0.0,25.0,4,4,10.0,9.0,3.5,1.0,35.0,11.11,10.0,2.78,10.0,36.0,3,4,2.33,3.25,1.67,2.5,58.33,56.52,0.0,50.0,1597,97,95,1,0,H
2.4,1.7,2.5,2.1,1.1,1.7,9.33,5.0,67.67,61.33,91.67,84.0,8.7,8.8,2.6,1.56,2.7,1.67,3,3,67.67,61.33,76.0,62.0,100.0,100.0,3,3,726.33,473.0,668.67,398.67,91.81,84.22,100.0,33.33,3,3,17.67,17.33,9.33,5.0,52.83,28.85,24.53,7.69,4.08,13.0,3,3,2.33,2.33,0.67,0.33,77.78,87.5,33.33,66.67,182,28,29,4,1,H
0.9,1.0,1.3,1.3,1.5,1.8,5.5,3.5,54.5,51.5,85.75,84.0,8.4,8.7,1.56,1.1,1.44,0.9,4,4,54.5,51.5,64.0,64.0,50.0,50.0,4,4,515.5,483.0,443.5,407.25,85.88,84.04,75.0,25.0,4,4,11.25,14.75,5.5,3.5,48.89,23.73,22.22,5.08,4.5,19.67,4,4,2.75,1.75,2.25,0.75,55.0,70.0,0.0,50.0,1598,87,91,3,2,H
1.1,1.9,0.9,1.5,1.6,1.0,2.67,5.33,38.33,52.0,75.67,86.0,6.7,6.7,0.78,2.33,0.89,1.67,3,3,38.33,52.0,42.0,58.0,0.0,66.67,3,3,330.67,446.33,253.33,385.0,75.58,86.37,33.33,66.67,3,3,8.67,15.67,2.67,5.33,30.77,34.04,19.23,10.64,5.2,9.4,3,3,2.33,3.0,1.0,2.0,70.0,60.0,66.67,33.33,1227,71,67,0,5,A
1.3,0.4,1.4,1.2,2.5,2.7,6.0,5.0,40.0,38.0,76.33,74.67,8.1,8.0,2.11,0.7,2.0,1.6,3,3,40.0,38.0,54.0,39.0,33.33,0.0,3,3,365.0,330.33,279.67,246.67,76.45,74.72,0.0,0.0,3,3,17.0,10.33,6.0,5.0,35.29,48.39,9.8,25.81,10.2,3.88,3,3,1.33,1.67,1.33,1.33,50.0,55.56,0.0,66.67,870,41,54,1,0,H
1.7,2.8,2.4,2.8,1.7,1.1,3.67,9.33,45.0,60.33,74.67,88.33,7.9,8.2,1.2,2.11,2.1,2.22,3,3,45.0,60.33,60.0,63.0,33.33,100.0,3,3,360.33,606.33,274.33,535.67,74.63,88.28,0.0,100.0,3,3,13.67,23.67,3.67,9.33,26.83,39.44,12.2,12.68,8.2,7.89,3,3,5.0,3.33,1.67,2.0,75.0,62.5,33.33,0.0,871,42,48,0,0,D
1.8,1.4,1.8,1.1,1.0,1.5,5.0,2.0,45.0,54.5,77.5,82.5,8.2,8.0,1.7,0.9,1.4,1.0,2,2,45.0,54.5,54.0,64.0,50.0,50.0,2,2,332.5,450.5,259.0,374.5,77.84,82.9,0.0,0.0,2,2,12.5,13.0,5.0,2.0,40.0,15.38,16.0,7.69,6.25,13.0,2,2,6.0,3.5,2.0,3.0,75.0,53.85,0.0,0.0,872,45,50,0,0,D
1.3,1.9,1.8,1.8,1.6,1.1,5.0,7.0,61.33,62.33,88.33,86.0,8.1,8.0,2.1,1.33,2.4,1.33,3,3,61.33,62.33,70.0,67.0,100.0,100.0,3,3,596.67,564.0,528.33,485.33,88.31,85.94,100.0,66.67,3,3,14.0,16.33,5.0,7.0,35.71,42.86,14.29,14.29,7.0,7.0,3,3,1.67,4.0,0.67,2.33,71.43,63.16,66.67,0.0,873,46,51,1,2,A
0.9,0.5,1.3,0.7,2.1,1.9,5.33,4.33,48.33,39.0,84.33,73.33,8.2,8.2,1.1,0.5,1.8,0.6,3,3,48.33,39.0,55.0,46.0,33.33,0.0,3,3,437.67,345.67,369.0,254.0,84.33,73.43,0.0,0.0,3,3,15.67,12.0,5.33,4.33,34.04,36.11,10.64,5.56,9.4,18.0,3,3,3.67,2.33,3.0,0.33,55.0,87.5,0.0,66.67,874,47,55,0,4,A
2.2,1.6,1.5,1.6,0.8,1.3,2.75,3.75,52.0,57.5,81.0,90.0,8.7,9.0,2.1,1.22,1.5,1.0,4,4,52.0,57.5,69.0,61.0,75.0,100.0,4,4,435.0,548.0,355.75,492.75,81.12,89.81,25.0,100.0,4,4,9.0,11.75,2.75,3.75,30.56,31.91,8.33,14.89,12.0,6.71,4,4,1.25,2.75,1.0,1.0,55.56,73.33,25.0,50.0,1599,81,93,3,0,H
1.8,1.9,2.0,1.6,1.7,1.1,4.5,5.67,50.75,50.0,84.5,79.67,8.6,8.7,2.33,1.9,2.56,1.5,4,3,50.75,50.0,58.0,59.0,50.0,66.67,4,3,427.0,421.0,362.0,338.33,84.67,79.52,50.0,0.0,4,3,11.5,14.0,4.5,5.67,39.13,40.48,13.04,9.52,7.67,10.5,4,3,4.0,2.33,1.5,0.33,72.73,87.5,0.0,66.67,183,27,38,2,0,H
0.5,1.6,1.2,1.3,2.2,1.0,2.75,5.0,32.75,58.33,73.0,89.67,6.4,6.8,0.7,1.56,0.5,1.44,4,3,32.75,58.33,38.0,61.0,0.0,100.0,4,3,278.0,520.33,203.75,466.0,73.02,89.62,0.0,100.0,4,3,9.0,17.67,2.75,5.0,30.56,28.3,8.33,9.43,12.0,10.6,4,3,3.25,2.33,0.5,2.0,86.67,53.85,50.0,0.0,1228,73,60,0,2,A
1.6,1.8,1.7,1.9,1.6,1.1,6.67,5.0,49.0,40.0,81.67,82.67,7.9,8.0,1.9,1.7,2.1,1.9,3,3,49.0,40.0,61.0,50.0,33.33,0.0,3,3,480.0,367.33,393.0,304.33,81.59,82.55,0.0,33.33,3,3,14.67,13.0,6.67,5.0,45.45,38.46,11.36,12.82,8.8,7.8,3,3,5.0,2.67,2.0,1.33,71.43,66.67,33.33,0.0,875,44,49,1,1,D
1.4,1.3,1.4,2.1,1.5,1.4,4.5,4.8,55.75,43.6,83.0,82.8,8.9,8.1,1.2,1.5,1.2,1.5,4,5,55.75,43.6,71.0,46.0,50.0,0.0,4,5,493.5,407.6,411.5,340.8,83.2,83.05,50.0,40.0,4,5,11.0,14.2,4.5,4.8,40.91,33.8,9.09,15.49,11.0,6.45,4,5,4.25,4.0,1.75,1.6,70.83,71.43,0.0,0.0,1600,84,83,1,2,A
1.7,0.5,1.7,0.7,1.1,1.9,5.0,5.0,61.75,38.0,87.25,79.0,8.9,8.8,2.1,0.8,2.0,0.9,4,3,61.75,38.0,71.0,49.0,75.0,0.0,4,3,587.25,331.33,514.5,264.33,87.37,78.87,100.0,0.0,4,3,14.5,13.67,5.0,5.0,34.48,36.59,8.62,14.63,11.6,6.83,4,3,2.5,4.0,1.0,1.67,71.43,70.59,50.0,33.33,184,22,36,1,2,A
1.2,1.5,0.8,1.0,0.8,0.8,5.33,3.0,48.0,40.33,83.67,78.33,6.5,6.6,1.0,1.1,0.7,0.8,3,3,48.0,40.33,58.0,58.0,33.33,33.33,3,3,422.67,320.0,354.67,252.33,83.7,78.38,33.33,0.0,3,3,10.67,11.67,5.33,3.0,50.0,25.71,15.62,8.57,6.4,11.67,3,3,5.0,2.67,1.0,1.33,83.33,66.67,33.33,33.33,1229,70,64,1,1,D
2.2,2.5,2.5,1.9,1.0,0.7,7.25,4.75,61.5,51.5,89.75,86.75,8.1,8.8,2.67,1.89,2.78,1.33,4,4,61.5,51.5,66.0,62.0,100.0,50.0,4,4,617.5,543.25,553.75,471.25,89.58,86.7,100.0,75.0,4,4,19.25,13.5,7.25,4.75,37.66,35.19,9.09,11.11,11.0,9.0,4,4,1.75,2.0,0.5,0.5,77.78,80.0,50.0,75.0,1601,89,80,1,1,D
0.8,0.9,0.9,1.4,1.9,1.4,3.5,6.0,44.75,45.0,78.0,81.33,8.6,8.8,1.78,0.11,1.22,0.89,4,3,44.75,45.0,59.0,48.0,50.0,0.0,4,3,350.0,376.0,276.5,306.67,77.97,81.4,0.0,0.0,4,3,11.5,16.33,3.5,6.0,30.43,36.73,2.17,10.2,46.0,9.8,4,3,4.0,3.33,1.75,1.67,69.57,66.67,25.0,33.33,185,39,31,0,2,A
0.8,1.8,1.1,2.0,1.6,1.1,3.33,3.67,40.0,60.0,80.33,86.33,6.5,6.6,1.2,0.78,1.2,1.11,3,3,40.0,60.0,45.0,73.0,0.0,66.67,3,3,337.67,515.67,271.0,446.67,80.3,86.26,0.0,66.67,3,3,10.67,16.33,3.33,3.67,31.25,22.45,3.12,2.04,32.0,49.0,3,3,5.33,1.67,1.33,0.67,80.0,71.43,33.33,66.67,1230,74,66,0,1,A
0.8,1.4,1.1,0.9,1.5,0.7,3.8,1.0,42.2,44.0,72.6,62.67,8.9,8.4,1.33,0.78,1.11,0.78,5,3,42.2,44.0,62.0,53.0,20.0,33.33,5,3,314.4,272.67,229.6,172.67,72.46,62.69,0.0,0.0,5,3,12.6,12.33,3.8,1.0,30.16,8.11,11.11,2.7,9.0,37.0,5,2,2.4,1.5,1.2,0.5,66.67,75.0,40.0,50.0,1602,90,92,0,1,A
1.5,0.8,1.5,1.0,1.1,1.4,4.67,3.33,46.33,39.33,81.0,79.0,8.8,8.6,1.89,1.33,1.78,1.44,3,3,46.33,39.33,52.0,53.0,33.33,33.33,3,3,394.67,336.67,320.67,266.67,80.91,78.72,0.0,0.0,3,3,12.33,8.67,4.67,3.33,37.84,38.46,10.81,15.38,9.25,6.5,3,3,4.67,5.67,2.67,1.67,63.64,77.27,0.0,0.0,186,23,30,4,0,H
1.4,0.4,1.2,0.9,1.7,1.8,5.33,2.0,58.0,54.67,88.33,80.67,6.9,6.4,1.89,0.56,1.67,0.89,3,3,58.0,54.67,67.0,70.0,66.67,66.67,3,3,474.0,451.0,419.0,371.67,88.13,80.49,100.0,33.33,3,3,12.33,6.33,5.33,2.0,43.24,31.58,16.22,10.53,6.17,9.5,3,3,1.67,2.0,1.67,1.0,50.0,66.67,0.0,33.33,1231,59,78,5,1,H
1.0,0.8,1.0,1.2,1.4,2.1,3.0,4.33,51.67,41.33,78.0,81.0,6.8,6.4,1.0,0.8,1.2,1.0,3,3,51.67,41.33,65.0,46.0,33.33,0.0,3,3,386.0,344.67,303.0,281.0,78.16,80.86,0.0,0.0,3,3,15.0,12.0,3.0,4.33,20.0,36.11,2.22,11.11,45.0,9.0,3,3,2.67,5.0,0.67,1.33,80.0,78.95,33.33,0.0,1232,61,75,2,1,H
0.7,0.8,1.9,0.7,2.7,1.4,4.0,3.67,42.67,40.67,79.33,72.67,8.1,8.2,0.9,0.1,1.4,0.7,3,3,42.67,40.67,54.0,46.0,33.33,0.0,3,3,371.0,343.33,295.67,249.67,79.45,72.63,0.0,0.0,3,3,11.67,12.67,4.0,3.67,34.29,28.95,8.57,2.63,11.67,38.0,3,3,4.67,3.67,3.67,1.67,56.0,68.75,0.0,0.0,876,57,53,2,2,D
0.9,1.2,1.0,0.7,1.8,1.4,3.0,2.4,48.5,42.0,81.25,75.8,6.8,8.5,1.5,0.9,1.5,0.9,4,5,48.5,42.0,58.0,54.0,50.0,20.0,4,5,425.25,366.0,348.25,279.4,81.26,75.52,25.0,0.0,4,5,10.75,7.8,3.0,2.4,27.91,30.77,6.98,7.69,14.33,13.0,4,5,2.5,3.4,1.75,1.0,58.82,77.27,0.0,20.0,1603,82,86,2,0,H
1.4,1.1,1.4,1.2,1.3,1.6,5.67,4.0,56.67,47.33,83.67,82.67,8.6,8.6,2.0,0.33,1.78,0.56,3,3,56.67,47.33,60.0,69.0,100.0,33.33,3,3,483.67,406.67,405.33,341.0,83.72,83.0,33.33,33.33,3,3,12.33,8.67,5.67,4.0,45.95,46.15,18.92,7.69,5.29,13.0,3,3,5.33,3.0,2.0,3.33,72.73,47.37,0.0,0.0,187,32,25,2,0,H
1.0,1.4,1.0,1.0,1.5,1.1,4.33,3.33,53.67,40.0,84.67,77.33,8.5,8.7,1.9,1.22,1.5,0.89,3,3,53.67,40.0,65.0,54.0,66.67,33.33,3,3,471.33,364.0,400.0,285.33,84.92,77.64,66.67,0.0,3,3,11.67,10.0,4.33,3.33,37.14,33.33,8.57,6.67,11.67,15.0,3,3,3.33,2.0,2.0,1.33,62.5,60.0,0.0,33.33,188,35,33,2,2,D
1.2,1.3,1.9,1.1,2.4,1.0,3.33,2.0,56.0,61.0,84.33,80.0,8.1,8.0,2.0,1.2,1.89,1.1,3,2,56.0,61.0,68.0,61.0,66.67,100.0,3,2,533.67,568.0,453.33,451.5,84.23,79.53,33.33,0.0,3,2,12.0,9.5,3.33,2.0,27.78,21.05,11.11,0.0,9.0,0.0,3,2,4.67,2.5,0.67,1.5,87.5,62.5,66.67,0.0,877,52,56,2,0,H
1.1,1.9,1.2,2.0,2.0,1.1,4.0,4.0,40.33,64.75,79.67,85.75,6.4,6.5,1.11,1.7,0.89,1.8,3,4,40.33,64.75,47.0,74.0,0.0,100.0,3,4,343.33,542.25,277.33,464.5,79.75,85.64,33.33,50.0,3,4,16.0,14.5,4.0,4.0,25.0,27.59,2.08,6.9,48.0,14.5,3,4,1.67,1.75,2.0,1.75,45.45,50.0,33.33,0.0,1233,76,68,0,0,D
1.3,1.3,0.8,1.0,0.9,1.1,2.0,2.8,58.0,42.4,78.25,77.8,8.8,8.7,1.4,0.22,0.9,0.56,4,5,58.0,42.4,66.0,55.0,75.0,20.0,4,5,407.75,344.2,325.0,269.8,78.25,77.81,25.0,0.0,4,5,7.5,10.0,2.0,2.8,26.67,28.0,10.0,10.0,10.0,10.0,4,5,2.25,3.4,1.0,1.0,69.23,77.27,50.0,20.0,1604,94,88,2,1,H
1.3,2.0,1.1,2.0,1.3,1.3,4.0,6.25,43.33,62.0,80.0,88.75,9.0,8.8,1.1,2.4,1.4,2.5,3,4,43.33,62.0,54.0,76.0,33.33,75.0,3,4,369.67,630.5,298.67,563.5,80.17,88.69,33.33,75.0,3,4,9.33,12.5,4.0,6.25,42.86,50.0,3.57,24.0,28.0,4.17,3,4,3.67,2.75,2.33,1.0,61.11,73.33,0.0,25.0,189,21,24,0,2,A
2.5,1.2,1.8,1.2,0.7,1.7,5.33,2.67,53.33,35.0,82.67,73.67,6.6,6.3,2.33,1.1,1.33,1.2,3,3,53.33,35.0,67.0,44.0,66.67,0.0,3,3,448.33,283.33,373.0,214.0,82.64,73.63,33.33,0.0,3,3,19.67,7.33,5.33,2.67,27.12,36.36,8.47,18.18,11.8,5.5,3,3,1.33,4.0,1.33,0.67,50.0,85.71,33.33,33.33,1234,62,63,1,1,D
1.3,1.2,1.2,2.0,1.3,1.3,6.0,6.75,54.0,66.25,84.0,87.5,8.5,8.8,1.8,1.91,0.9,2.73,4,4,54.0,66.25,60.0,71.0,75.0,100.0,4,4,482.0,567.5,404.25,496.25,83.88,87.34,25.0,75.0,4,4,16.5,19.0,6.0,6.75,36.36,35.53,4.55,17.11,22.0,5.85,4,4,3.5,1.5,1.5,0.75,70.0,66.67,25.0,25.0,1605,85,79,1,4,A
2.3,1.4,2.5,1.3,0.8,1.3,5.0,7.0,61.0,61.33,89.33,84.67,7.2,7.0,2.0,1.7,2.22,1.7,3,3,61.0,61.33,67.0,68.0,100.0,100.0,3,3,527.0,482.33,470.67,409.33,89.27,84.73,100.0,33.33,3,3,13.67,15.67,5.0,7.0,36.59,44.68,19.51,6.38,5.12,15.67,3,3,3.33,3.67,0.67,1.0,83.33,78.57,66.67,33.33,1235,72,69,2,1,H
1.2,0.9,0.9,1.0,1.9,1.5,3.4,3.5,46.8,49.0,81.2,79.25,8.7,8.8,1.4,0.8,0.8,0.6,5,4,46.8,49.0,55.0,61.0,40.0,25.0,5,4,385.0,404.25,312.0,322.0,81.11,79.38,0.0,0.0,5,4,11.0,10.5,3.4,3.5,30.91,33.33,5.45,11.9,18.33,8.4,5,4,4.0,2.0,0.8,1.75,83.33,53.33,40.0,25.0,1606,98,96,1,1,D
1.5,2.2,1.3,3.0,0.7,1.3,3.0,5.25,35.25,60.25,75.5,86.5,5.8,5.8,1.6,2.4,1.4,2.7,4,4,35.25,60.25,47.0,69.0,0.0,75.0,4,4,296.0,560.0,223.25,485.25,75.42,86.52,0.0,50.0,4,4,10.75,15.5,3.0,5.25,27.91,33.87,9.3,11.29,10.75,8.86,4,4,3.25,2.25,3.25,0.25,50.0,90.0,0.0,75.0,548,9,6,2,2,D
1.5,1.5,1.1,1.8,1.2,2.0,2.0,3.33,54.5,56.0,82.5,84.33,7.5,7.5,1.78,1.36,1.33,1.55,2,3,54.5,56.0,64.0,68.0,50.0,66.67,2,3,450.5,533.67,374.5,453.33,82.9,84.23,0.0,33.33,2,3,13.0,12.0,2.0,3.33,15.38,27.78,7.69,11.11,13.0,9.0,2,3,3.5,4.67,3.0,0.67,53.85,87.5,0.0,66.67,878,50,52,0,0,D
1.8,0.8,1.9,0.9,1.7,1.6,6.0,4.33,48.33,53.67,80.33,84.67,8.6,8.7,2.11,0.4,2.22,1.2,3,3,48.33,53.67,50.0,65.0,0.0,66.67,3,3,425.33,471.33,343.33,400.0,79.98,84.92,33.33,66.67,3,3,14.33,11.67,6.0,4.33,41.86,37.14,11.63,8.57,8.6,11.67,3,3,2.67,3.33,2.33,2.0,53.33,62.5,33.33,0.0,190,34,35,2,2,D
1.7,1.3,1.7,0.9,1.1,0.8,4.0,5.33,64.75,48.0,85.75,83.67,6.6,6.5,2.0,1.0,1.67,1.2,4,3,64.75,48.0,74.0,58.0,100.0,33.33,4,3,542.25,422.67,464.5,354.67,85.64,83.7,50.0,33.33,4,3,14.5,10.67,4.0,5.33,27.59,50.0,6.9,15.62,14.5,6.4,4,3,1.75,5.0,1.75,1.0,50.0,83.33,0.0,33.33,1236,68,70,3,2,H
1.1,1.5,1.2,1.6,1.8,1.6,5.0,6.0,60.75,57.0,85.75,88.33,5.4,5.7,1.22,1.5,1.33,1.8,4,3,60.75,57.0,69.0,63.0,75.0,66.67,4,3,523.25,525.0,448.25,464.67,85.66,88.4,100.0,100.0,4,3,16.75,12.33,5.0,6.0,29.85,48.65,8.96,18.92,11.17,5.29,4,3,2.5,2.33,0.5,1.67,83.33,58.33,50.0,0.0,549,15,13,3,0,H
1.3,1.7,1.5,1.0,1.6,0.6,3.75,1.0,57.5,44.0,90.0,62.67,8.6,8.7,1.6,1.0,1.7,0.8,4,3,57.5,44.0,61.0,53.0,100.0,33.33,4,3,548.0,272.67,492.75,172.67,89.81,62.69,100.0,0.0,4,3,11.75,12.33,3.75,1.0,31.91,8.11,14.89,2.7,6.71,37.0,4,2,2.75,1.5,1.0,0.5,73.33,75.0,50.0,50.0,1607,93,92,1,2,A
0.4,2.2,0.6,2.1,2.5,0.8,3.5,5.67,41.75,50.0,79.75,83.33,5.5,5.6,0.8,1.6,0.9,1.9,4,3,41.75,50.0,58.0,61.0,25.0,66.67,4,3,383.75,401.33,313.0,342.0,79.75,83.44,25.0,66.67,4,3,8.75,12.67,3.5,5.67,40.0,44.74,14.29,13.16,7.0,7.6,4,3,3.5,3.0,1.75,0.33,66.67,90.0,0.0,66.67,550,10,8,0,2,A
0.9,0.8,0.6,1.1,1.6,1.3,2.4,3.8,42.0,42.2,75.8,72.6,8.6,8.9,1.0,0.5,0.7,1.2,5,5,42.0,42.2,54.0,62.0,20.0,20.0,5,5,366.0,314.4,279.4,229.6,75.52,72.46,0.0,0.0,5,5,7.8,12.6,2.4,3.8,30.77,30.16,7.69,11.11,13.0,9.0,5,5,3.4,2.4,1.0,1.2,77.27,66.67,20.0,40.0,1608,86,90,3,3,D
1.9,1.0,1.8,1.1,1.0,1.5,5.33,3.0,52.0,51.67,86.0,78.0,6.4,6.8,2.0,0.9,2.6,1.1,3,3,52.0,51.67,58.0,65.0,66.67,33.33,3,3,446.33,386.0,385.0,303.0,86.37,78.16,66.67,0.0,3,3,15.67,15.0,5.33,3.0,34.04,20.0,10.64,2.22,9.4,45.0,3,3,3.0,2.67,2.0,0.67,60.0,80.0,33.33,33.33,1237,67,61,0,0,D
1.9,1.5,1.8,2.3,1.2,1.7,7.0,3.67,62.33,45.0,86.0,74.67,7.5,7.3,1.82,1.7,2.27,2.2,3,3,62.33,45.0,67.0,60.0,100.0,33.33,3,3,564.0,360.33,485.33,274.33,85.94,74.63,66.67,0.0,3,3,16.33,13.67,7.0,3.67,42.86,26.83,14.29,12.2,7.0,8.2,3,3,4.0,5.0,2.33,1.67,63.16,75.0,0.0,33.33,879,51,42,1,2,A
0.9,1.0,0.9,1.5,1.4,1.8,3.67,5.0,40.67,61.33,72.67,88.33,7.6,7.4,0.9,0.8,1.0,1.2,3,3,40.67,61.33,46.0,70.0,0.0,100.0,3,3,343.33,596.67,249.67,528.33,72.63,88.31,0.0,100.0,3,3,12.67,14.0,3.67,5.0,28.95,35.71,2.63,14.29,38.0,7.0,3,3,3.67,1.67,1.67,0.67,68.75,71.43,0.0,66.67,880,53,46,2,0,H
0.8,1.4,1.1,1.6,1.8,1.7,4.33,6.67,39.0,49.0,73.33,81.67,7.4,7.2,1.6,1.1,1.0,1.1,3,3,39.0,49.0,46.0,61.0,0.0,33.33,3,3,345.67,480.0,254.0,393.0,73.43,81.59,0.0,0.0,3,3,12.0,14.67,4.33,6.67,36.11,45.45,5.56,11.36,18.0,8.8,3,3,2.33,5.0,0.33,2.0,87.5,71.43,66.67,33.33,881,55,44,1,2,A
1.3,1.6,1.1,1.5,1.0,2.1,2.0,6.0,61.0,40.0,80.0,76.33,7.3,7.4,1.0,1.0,0.78,0.82,2,3,61.0,40.0,61.0,54.0,100.0,33.33,2,3,568.0,365.0,451.5,279.67,79.53,76.45,0.0,0.0,2,3,9.5,17.0,2.0,6.0,21.05,35.29,0.0,9.8,0.0,10.2,2,3,2.5,1.33,1.5,1.33,62.5,50.0,0.0,0.0,882,56,41,0,1,A
1.4,2.5,1.5,2.4,1.3,1.1,4.25,6.0,51.25,42.75,82.75,78.25,5.3,5.5,1.3,1.7,1.5,1.6,4,4,51.25,42.75,55.0,53.0,75.0,50.0,4,4,433.75,373.75,360.0,294.5,82.72,78.13,50.0,0.0,4,4,14.5,14.5,4.25,6.0,29.31,41.38,6.9,6.9,14.5,14.5,4,4,3.0,2.5,1.0,0.5,75.0,83.33,0.0,50.0,551,4,19,2,1,H
0.4,1.9,0.7,2.0,2.4,0.9,3.75,5.0,62.5,46.33,89.0,77.0,5.6,5.5,0.44,1.5,0.89,2.0,4,3,62.5,46.33,78.0,53.0,75.0,33.33,4,3,601.5,381.67,536.0,293.33,89.0,76.8,100.0,0.0,4,3,12.0,15.33,3.75,5.0,31.25,32.61,2.08,10.87,48.0,9.2,4,3,4.5,5.67,2.0,1.33,69.23,80.95,0.0,0.0,552,7,3,1,3,A
1.2,1.1,1.1,1.5,1.9,1.6,2.75,4.75,42.75,41.5,80.5,82.75,5.8,5.4,1.4,0.89,1.4,1.33,4,4,42.75,41.5,52.0,46.0,25.0,0.0,4,4,370.75,396.75,299.0,328.25,80.56,82.73,0.0,50.0,4,4,13.25,11.25,2.75,4.75,20.75,42.22,9.43,13.33,10.6,7.5,4,4,3.0,5.5,1.5,1.5,66.67,78.57,25.0,0.0,553,12,17,0,1,A
1.5,2.1,2.3,2.5,1.6,1.2,6.25,3.0,62.25,39.0,90.75,71.33,5.6,5.6,1.89,1.7,2.0,1.9,4,3,62.25,39.0,75.0,61.0,100.0,33.33,4,3,640.0,312.33,583.0,231.0,90.83,71.38,100.0,0.0,4,3,16.5,8.67,6.25,3.0,37.88,34.62,16.67,15.38,6.0,6.5,4,3,2.5,4.0,0.75,0.67,76.92,85.71,25.0,33.33,554,14,2,4,0,H
1.5,0.7,1.2,0.9,1.4,2.4,4.75,2.0,50.5,35.75,85.0,79.0,5.4,5.5,2.0,0.89,1.7,1.33,4,4,50.5,35.75,73.0,49.0,25.0,0.0,4,4,442.75,313.5,380.0,250.25,84.86,79.14,25.0,25.0,4,4,13.25,6.25,4.75,2.0,35.85,32.0,13.21,8.0,7.57,12.5,4,4,1.75,3.25,1.5,1.75,53.85,65.0,0.0,25.0,555,20,18,1,1,D
1.0,2.0,1.1,2.3,1.2,1.1,3.5,7.25,49.0,61.5,79.25,89.75,8.9,7.3,1.8,2.0,1.9,2.0,4,4,49.0,61.5,61.0,66.0,25.0,100.0,4,4,404.25,617.5,322.0,553.75,79.38,89.58,0.0,100.0,4,4,10.5,19.25,3.5,7.25,33.33,37.66,11.9,9.09,8.4,11.0,4,4,2.0,1.75,1.75,0.5,53.33,77.78,25.0,50.0,1609,96,89,1,1,D
2.3,0.8,2.1,0.9,1.0,2.0,6.25,3.5,62.0,44.75,88.75,78.0,9.0,8.6,1.6,0.2,1.8,0.8,4,4,62.0,44.75,76.0,59.0,75.0,50.0,4,4,630.5,350.0,563.5,276.5,88.69,77.97,75.0,0.0,4,4,12.5,11.5,6.25,3.5,50.0,30.43,24.0,2.17,4.17,46.0,4,4,2.75,4.0,1.0,1.75,73.33,69.57,25.0,25.0,191,24,39,5,1,H
1.7,2.3,1.6,1.8,1.5,0.8,5.33,5.33,58.0,53.33,88.33,82.67,6.8,6.7,1.89,2.4,2.0,1.7,3,3,58.0,53.33,67.0,67.0,66.67,66.67,3,3,474.0,448.33,419.0,373.0,88.13,82.64,100.0,33.33,3,3,12.33,19.67,5.33,5.33,43.24,27.12,16.22,8.47,6.17,11.8,3,3,1.67,1.33,1.67,1.33,50.0,50.0,0.0,33.33,1238,59,62,2,2,D
1.8,1.3,1.6,1.1,1.2,0.9,3.75,3.0,54.0,35.25,81.75,75.5,5.6,6.6,1.0,1.11,0.9,0.56,4,4,54.0,35.25,67.0,47.0,75.0,0.0,4,4,494.5,296.0,405.5,223.25,81.63,75.42,0.0,0.0,4,4,14.25,10.75,3.75,3.0,26.32,27.91,7.02,9.3,14.25,10.75,4,4,3.0,3.25,1.75,3.25,63.16,50.0,0.0,0.0,556,16,9,1,2,A
2.6,2.5,2.3,2.9,0.9,1.2,9.33,7.67,60.33,69.67,88.33,88.67,7.3,7.3,2.36,2.22,2.64,2.78,3,3,60.33,69.67,63.0,71.0,100.0,100.0,3,3,606.33,704.33,535.67,628.33,88.28,88.91,100.0,100.0,3,3,23.67,16.67,9.33,7.67,39.44,46.0,12.68,22.0,7.89,4.55,3,3,3.33,1.0,2.0,1.0,62.5,50.0,0.0,33.33,883,48,40,0,0,D
2.3,1.1,1.9,1.4,0.8,1.5,4.75,5.5,51.5,54.5,86.75,85.75,8.8,8.4,2.6,0.5,2.0,1.0,4,4,51.5,54.5,62.0,64.0,50.0,50.0,4,4,543.25,515.5,471.25,443.5,86.7,85.88,75.0,75.0,4,4,13.5,11.25,4.75,5.5,35.19,48.89,11.11,22.22,9.0,4.5,4,4,2.0,2.75,0.5,2.25,80.0,55.0,75.0,0.0,1610,80,87,1,1,D
1.4,1.1,1.9,1.0,2.0,1.5,5.0,3.67,61.33,37.33,84.0,76.67,8.7,8.7,2.0,1.0,2.0,1.3,3,3,61.33,37.33,62.0,46.0,100.0,0.0,3,3,473.0,321.67,398.67,250.67,84.22,77.01,33.33,0.0,3,3,17.33,9.33,5.0,3.67,28.85,39.29,7.69,17.86,13.0,5.6,3,3,2.33,4.0,0.33,0.33,87.5,92.31,66.67,66.67,192,29,26,7,1,H
1.6,1.1,1.2,0.9,1.0,2.0,5.0,2.67,58.33,38.33,89.67,75.67,6.7,6.8,1.82,1.0,1.55,1.2,3,3,58.33,38.33,61.0,42.0,100.0,0.0,3,3,520.33,330.67,466.0,253.33,89.62,75.58,100.0,33.33,3,3,17.67,8.67,5.0,2.67,28.3,30.77,9.43,19.23,10.6,5.2,3,3,2.33,2.33,2.0,1.0,53.85,70.0,0.0,66.67,1239,60,71,1,0,H
1.5,1.2,2.1,1.1,1.3,1.6,4.8,3.0,43.6,48.5,82.8,81.25,7.4,6.9,1.67,0.44,2.33,0.56,5,4,43.6,48.5,46.0,58.0,0.0,50.0,5,4,407.6,425.25,340.8,348.25,83.05,81.26,40.0,25.0,5,4,14.2,10.75,4.8,3.0,33.8,27.91,15.49,6.98,6.45,14.33,5,4,4.0,2.5,1.6,1.75,71.43,58.82,0.0,0.0,1611,83,82,1,1,D
1.2,2.4,1.0,2.5,1.3,1.0,3.33,9.33,40.0,67.67,77.33,91.67,8.7,8.6,1.4,2.33,1.3,2.56,3,3,40.0,67.67,54.0,76.0,33.33,100.0,3,3,364.0,726.33,285.33,668.67,77.64,91.81,0.0,100.0,3,3,10.0,17.67,3.33,9.33,33.33,52.83,6.67,24.53,15.0,4.08,3,3,2.0,2.33,1.33,0.67,60.0,77.78,33.33,33.33,193,33,28,0,1,A
1.1,1.1,1.3,1.4,1.5,1.4,7.0,3.0,61.33,48.75,84.67,83.25,6.1,6.6,2.2,0.67,2.0,0.89,3,4,61.33,48.75,68.0,56.0,100.0,50.0,3,4,482.33,417.5,409.33,348.25,84.73,83.41,33.33,25.0,3,4,15.67,13.0,7.0,3.0,44.68,23.08,6.38,5.77,15.67,17.33,3,4,3.67,2.75,1.0,1.75,78.57,61.11,33.33,0.0,1240,69,77,0,2,A
1.3,2.4,1.0,1.7,0.9,0.7,2.8,2.75,42.4,52.0,77.8,81.0,7.4,8.6,1.91,1.9,1.45,1.6,5,4,42.4,52.0,55.0,69.0,20.0,75.0,5,4,344.2,435.0,269.8,355.75,77.81,81.12,0.0,25.0,5,4,10.0,9.0,2.8,2.75,28.0,30.56,10.0,8.33,10.0,12.0,5,4,3.4,1.25,1.0,1.0,77.27,55.56,20.0,25.0,1612,88,81,1,1,D
0.8,1.5,0.9,1.8,1.7,1.1,4.0,4.67,47.33,46.33,82.67,81.0,8.7,8.6,1.1,1.3,1.4,1.6,3,3,47.33,46.33,69.0,52.0,33.33,33.33,3,3,406.67,394.67,341.0,320.67,83.0,80.91,33.33,0.0,3,3,8.67,12.33,4.0,4.67,46.15,37.84,7.69,10.81,13.0,9.25,3,3,3.0,4.67,3.33,2.67,47.37,63.64,0.0,0.0,194,25,23,1,4,A
2.2,1.0,2.9,1.2,1.2,1.6,5.25,3.33,60.25,45.0,86.5,79.67,6.6,5.4,2.56,0.8,2.44,1.7,4,3,60.25,45.0,69.0,48.0,75.0,0.0,4,3,560.0,351.33,485.25,279.67,86.52,79.55,50.0,0.0,4,3,15.5,10.67,5.25,3.33,33.87,31.25,11.29,9.38,8.86,10.67,4,3,2.25,3.33,0.25,3.0,90.0,52.63,75.0,0.0,557,6,5,2,1,H
1.3,0.5,1.3,1.2,1.6,2.1,2.67,2.75,35.0,32.75,73.67,73.0,6.6,6.6,1.1,0.9,1.2,1.4,3,4,35.0,32.75,44.0,38.0,0.0,0.0,3,4,283.33,278.0,214.0,203.75,73.63,73.02,0.0,0.0,3,4,7.33,9.0,2.67,2.75,36.36,30.56,18.18,8.33,5.5,12.0,3,4,4.0,3.25,0.67,0.5,85.71,86.67,33.33,50.0,1241,63,73,3,0,H
0.3,1.1,0.9,1.1,2.2,1.9,2.0,4.0,54.67,40.33,80.67,79.67,6.6,6.6,0.5,0.9,0.9,0.9,3,3,54.67,40.33,70.0,47.0,66.67,0.0,3,3,451.0,343.33,371.67,277.33,80.49,79.75,33.33,33.33,3,3,6.33,16.0,2.0,4.0,31.58,25.0,10.53,2.08,9.5,48.0,3,3,2.0,1.67,1.0,2.0,66.67,45.45,33.33,33.33,1242,78,76,0,0,D
1.5,0.6,1.7,0.9,1.7,2.2,3.0,5.33,51.0,48.33,83.5,84.33,7.2,7.4,1.3,0.7,1.4,0.8,2,3,51.0,48.33,55.0,55.0,50.0,33.33,2,3,452.0,437.67,377.0,369.0,83.4,84.33,0.0,0.0,2,3,8.0,15.67,3.0,5.33,37.5,34.04,12.5,10.64,8.0,9.4,2,3,3.0,3.67,1.0,3.0,75.0,55.0,50.0,0.0,884,43,47,1,3,A
0.6,1.3,0.5,1.3,2.3,1.6,1.0,6.0,42.25,54.0,83.0,84.0,8.6,8.7,0.89,0.89,0.67,1.33,4,4,42.25,54.0,59.0,60.0,25.0,75.0,4,4,371.5,482.0,310.25,404.25,82.86,83.88,25.0,25.0,4,4,9.0,16.5,1.0,6.0,11.11,36.36,2.78,4.55,36.0,22.0,4,4,3.25,3.5,2.5,1.5,56.52,70.0,50.0,25.0,1613,95,85,0,4,A
0.5,1.3,0.7,0.9,1.8,1.1,3.33,4.0,39.33,43.33,79.0,80.0,8.5,8.9,1.0,1.2,1.3,0.8,3,3,39.33,43.33,53.0,54.0,33.33,33.33,3,3,336.67,369.67,266.67,298.67,78.72,80.17,0.0,33.33,3,3,8.67,9.33,3.33,4.0,38.46,42.86,15.38,3.57,6.5,28.0,3,3,5.67,3.67,1.67,2.33,77.27,61.11,0.0,0.0,195,30,21,0,1,A
0.8,2.0,0.9,2.0,1.7,1.5,5.0,4.5,38.0,50.75,79.0,84.5,8.7,8.5,0.67,1.3,0.56,1.5,3,4,38.0,50.75,49.0,58.0,0.0,50.0,3,4,331.33,427.0,264.33,362.0,78.87,84.67,0.0,50.0,3,4,13.67,11.5,5.0,4.5,36.59,39.13,14.63,13.04,6.83,7.67,3,4,4.0,4.0,1.67,1.5,70.59,72.73,33.33,0.0,196,36,27,1,3,A
1.6,1.7,1.3,1.5,1.1,1.0,5.67,5.67,50.0,56.67,79.67,83.67,8.7,8.7,1.4,0.8,1.0,1.6,3,3,50.0,56.67,59.0,60.0,66.67,100.0,3,3,421.0,483.67,338.33,405.33,79.52,83.72,0.0,33.33,3,3,14.0,12.33,5.67,5.67,40.48,45.95,9.52,18.92,10.5,5.29,3,3,2.33,5.33,0.33,2.0,87.5,72.73,66.67,0.0,197,38,32,0,2,A
0.7,1.0,2.0,1.1,2.2,1.9,6.67,5.5,69.0,54.0,87.67,86.5,5.4,5.4,1.1,1.11,2.3,0.78,3,4,69.0,54.0,71.0,56.0,100.0,100.0,3,4,593.33,527.75,520.67,457.75,87.48,86.49,66.67,50.0,3,4,16.0,13.25,6.67,5.5,41.67,41.51,12.5,9.43,8.0,10.6,3,4,1.33,1.75,1.0,1.25,57.14,58.33,33.33,50.0,558,11,1,1,0,H
1.6,0.8,1.9,2.1,1.2,2.6,5.0,4.0,40.0,42.67,82.67,79.33,7.3,7.4,2.1,0.33,2.6,1.67,3,3,40.0,42.67,50.0,54.0,0.0,33.33,3,3,367.33,371.0,304.33,295.67,82.55,79.45,33.33,0.0,3,3,13.0,11.67,5.0,4.0,38.46,34.29,12.82,8.57,7.8,11.67,3,3,2.67,4.67,1.33,3.67,66.67,56.0,0.0,0.0,885,49,57,3,1,H
0.5,2.1,1.0,2.1,2.2,0.9,4.33,3.67,41.33,60.0,81.0,86.33,6.5,6.4,0.89,1.0,1.44,1.11,3,3,41.33,60.0,46.0,73.0,0.0,66.67,3,3,344.67,515.67,281.0,446.67,80.86,86.26,0.0,66.67,3,3,12.0,16.33,4.33,3.67,36.11,22.45,11.11,2.04,9.0,49.0,3,3,5.0,1.67,1.33,0.67,78.95,71.43,0.0,66.67,1243,75,66,0,1,A
1.3,1.1,1.0,1.2,1.9,1.6,3.4,4.5,46.8,55.75,81.2,83.0,8.8,8.8,1.4,1.0,0.9,1.2,5,4,46.8,55.75,55.0,71.0,40.0,50.0,5,4,385.0,493.5,312.0,411.5,81.11,83.2,0.0,50.0,5,4,11.0,11.0,3.4,4.5,30.91,40.91,5.45,9.09,18.33,11.0,5,4,4.0,4.25,0.8,1.75,83.33,70.83,40.0,0.0,1614,98,84,3,1,H
0.4,1.6,1.0,1.5,2.3,1.0,5.0,5.0,38.0,45.0,74.67,77.5,7.5,7.4,0.7,1.4,0.9,1.9,3,2,38.0,45.0,39.0,54.0,0.0,50.0,3,2,330.33,332.5,246.67,259.0,74.72,77.84,0.0,0.0,3,2,10.33,12.5,5.0,5.0,48.39,40.0,25.81,16.0,3.88,6.25,3,2,1.67,6.0,1.33,2.0,55.56,75.0,66.67,0.0,886,54,45,0,2,A
1.2,1.6,1.6,1.6,1.2,1.1,6.0,5.0,45.0,61.75,81.33,87.25,8.7,8.7,1.6,1.22,1.6,1.22,3,4,45.0,61.75,48.0,71.0,0.0,75.0,3,4,376.0,587.25,306.67,514.5,81.4,87.37,0.0,100.0,3,4,16.33,14.5,6.0,5.0,36.73,34.48,10.2,8.62,9.8,11.6,3,4,3.33,2.5,1.67,1.0,66.67,71.43,33.33,50.0,198,31,22,0,2,A
1.7,2.3,1.9,2.4,1.3,0.8,4.0,5.0,58.5,61.0,90.25,89.33,6.4,6.3,1.8,2.5,1.8,2.7,4,3,58.5,61.0,66.0,67.0,75.0,100.0,4,3,567.75,527.0,512.25,470.67,90.26,89.27,100.0,100.0,4,3,11.0,13.67,4.0,5.0,36.36,36.59,13.64,19.51,7.33,5.12,4,3,1.25,3.33,0.0,0.67,100.0,83.33,100.0,66.67,1244,65,72,1,0,H
0.9,1.3,1.3,0.9,1.9,1.0,3.5,2.0,51.5,58.0,84.0,78.25,8.6,8.8,1.6,1.1,1.5,0.7,4,4,51.5,58.0,64.0,66.0,50.0,75.0,4,4,483.0,407.75,407.25,325.0,84.04,78.25,25.0,25.0,4,4,14.75,7.5,3.5,2.0,23.73,26.67,5.08,10.0,19.67,10.0,4,4,1.75,2.25,0.75,1.0,70.0,69.23,50.0,50.0,1615,91,94,3,0,H
1.3,0.8,0.9,1.1,0.9,1.4,3.0,3.33,40.33,40.0,78.33,80.33,6.5,6.7,1.11,0.33,1.0,1.0,3,3,40.33,40.0,58.0,45.0,33.33,0.0,3,3,320.0,337.67,252.33,271.0,78.38,80.3,0.0,0.0,3,3,11.67,10.67,3.0,3.33,25.71,31.25,8.57,3.12,11.67,32.0,3,3,2.67,5.33,1.33,1.33,66.67,80.0,33.33,33.33,1245,64,74,2,0,H
1.5,1.9,2.4,1.4,1.3,1.0,6.75,3.5,66.25,43.5,87.5,71.0,8.8,7.2,2.0,1.3,2.89,0.8,4,4,66.25,43.5,71.0,53.0,100.0,50.0,4,4,567.5,300.75,496.25,217.0,87.34,71.11,75.0,0.0,4,4,19.0,10.0,6.75,3.5,35.53,35.0,17.11,10.0,5.85,10.0,4,3,1.5,2.33,0.75,1.67,66.67,58.33,25.0,0.0,1616,79,97,1,0,H
1.3,2.4,1.2,2.9,1.5,1.1,4.75,5.25,50.5,60.25,85.0,86.5,6.5,6.0,1.8,2.27,1.5,2.64,4,4,50.5,60.25,73.0,69.0,25.0,75.0,4,4,442.75,560.0,380.0,485.25,84.86,86.52,25.0,50.0,4,4,13.25,15.5,4.75,5.25,35.85,33.87,13.21,11.29,7.57,8.86,4,4,1.75,2.25,1.5,0.25,53.85,90.0,0.0,75.0,559,20,6,2,2,D
1.6,1.4,1.3,1.6,2.0,1.8,6.0,3.0,40.0,51.0,76.33,83.5,7.4,7.4,2.11,1.6,1.78,1.8,3,2,40.0,51.0,54.0,55.0,33.33,50.0,3,2,365.0,452.0,279.67,377.0,76.45,83.4,0.0,0.0,3,2,17.0,8.0,6.0,3.0,35.29,37.5,9.8,12.5,10.2,8.0,3,2,1.33,3.0,1.33,1.0,50.0,75.0,0.0,50.0,887,41,43,5,0,H
1.2,0.4,1.6,0.6,1.3,1.8,6.0,3.33,45.0,39.33,81.33,79.0,8.1,7.9,1.45,1.22,1.45,1.22,3,3,45.0,39.33,48.0,53.0,0.0,33.33,3,3,376.0,336.67,306.67,266.67,81.4,78.72,0.0,0.0,3,3,16.33,8.67,6.0,3.33,36.73,38.46,10.2,15.38,9.8,6.5,3,3,3.33,5.67,1.67,1.67,66.67,77.27,33.33,0.0,199,31,30,1,0,H
1.2,1.3,1.0,1.4,1.5,1.5,4.0,2.67,40.33,35.0,79.67,73.67,6.6,6.4,1.11,1.0,0.67,1.11,3,3,40.33,35.0,47.0,44.0,0.0,0.0,3,3,343.33,283.33,277.33,214.0,79.75,73.63,33.33,0.0,3,3,16.0,7.33,4.0,2.67,25.0,36.36,2.08,18.18,48.0,5.5,3,3,1.67,4.0,2.0,0.67,45.45,85.71,33.33,33.33,1246,76,63,0,1,A
0.3,1.1,0.4,1.2,2.5,1.4,3.5,4.75,41.75,41.5,79.75,82.75,6.4,6.5,0.7,1.22,0.8,1.33,4,4,41.75,41.5,58.0,46.0,25.0,0.0,4,4,383.75,396.75,313.0,328.25,79.75,82.73,25.0,50.0,4,4,8.75,11.25,3.5,4.75,40.0,42.22,14.29,13.33,7.0,7.5,4,4,3.5,5.5,1.75,1.5,66.67,78.57,0.0,0.0,560,10,17,0,4,A
1.1,1.0,1.3,1.0,1.4,1.1,5.5,3.5,54.5,49.0,85.75,79.25,7.8,7.8,1.7,0.9,1.6,0.7,4,4,54.5,49.0,64.0,61.0,50.0,25.0,4,4,515.5,404.25,443.5,322.0,85.88,79.38,75.0,0.0,4,4,11.25,10.5,5.5,3.5,48.89,33.33,22.22,11.9,4.5,8.4,4,4,2.75,2.0,2.25,1.75,55.0,53.33,0.0,25.0,1617,87,96,1,0,H
1.5,1.0,1.3,0.9,1.0,1.7,3.0,5.5,35.25,54.0,75.5,86.5,5.9,6.6,1.55,1.0,1.45,0.78,4,4,35.25,54.0,47.0,56.0,0.0,100.0,4,4,296.0,527.75,223.25,457.75,75.42,86.49,0.0,50.0,4,4,10.75,13.25,3.0,5.5,27.91,41.51,9.3,9.43,10.75,10.6,4,4,3.25,1.75,3.25,1.25,50.0,58.33,0.0,50.0,561,9,1,2,2,D
0.9,1.1,1.3,0.8,1.4,0.9,3.8,2.8,42.2,42.4,72.6,77.8,8.1,7.3,1.0,0.11,0.89,0.67,5,5,42.2,42.4,62.0,55.0,20.0,20.0,5,5,314.4,344.2,229.6,269.8,72.46,77.81,0.0,0.0,5,5,12.6,10.0,3.8,2.8,30.16,28.0,11.11,10.0,9.0,10.0,5,5,2.4,3.4,1.2,1.0,66.67,77.27,40.0,20.0,1618,90,88,0,1,A
0.7,1.5,0.9,1.7,1.4,1.7,3.33,5.33,40.0,58.0,80.33,88.33,6.8,6.7,0.9,2.1,1.0,1.8,3,3,40.0,58.0,45.0,67.0,0.0,66.67,3,3,337.67,474.0,271.0,419.0,80.3,88.13,0.0,100.0,3,3,10.67,12.33,3.33,5.33,31.25,43.24,3.12,16.22,32.0,6.17,3,3,5.33,1.67,1.33,1.67,80.0,50.0,33.33,0.0,1247,74,59,0,0,D
0.5,1.9,0.9,1.8,2.0,1.1,4.33,4.0,41.33,64.75,81.0,85.75,6.7,6.5,0.8,1.7,1.3,1.6,3,4,41.33,64.75,46.0,74.0,0.0,100.0,3,4,344.67,542.25,281.0,464.5,80.86,85.64,0.0,50.0,3,4,12.0,14.5,4.33,4.0,36.11,27.59,11.11,6.9,9.0,14.5,3,4,5.0,1.75,1.33,1.75,78.95,50.0,0.0,0.0,1248,75,68,2,0,H
1.5,1.2,2.0,1.1,1.7,1.3,3.67,3.67,45.0,40.67,74.67,72.67,7.3,7.5,1.3,0.2,1.9,0.9,3,3,45.0,40.67,60.0,46.0,33.33,0.0,3,3,360.33,343.33,274.33,249.67,74.63,72.63,0.0,0.0,3,3,13.67,12.67,3.67,3.67,26.83,28.95,12.2,2.63,8.2,38.0,3,3,5.0,3.67,1.67,1.67,75.0,68.75,33.33,0.0,888,42,53,1,1,D
1.7,1.3,1.7,1.0,1.5,1.2,6.67,2.0,49.0,54.5,81.67,82.5,7.3,7.4,2.0,1.0,2.0,1.0,3,2,49.0,54.5,61.0,64.0,33.33,50.0,3,2,480.0,450.5,393.0,374.5,81.59,82.9,0.0,0.0,3,2,14.67,13.0,6.67,2.0,45.45,15.38,11.36,7.69,8.8,13.0,3,2,5.0,3.5,2.0,3.0,71.43,53.85,33.33,0.0,889,44,50,0,3,A
1.6,1.0,1.5,0.8,1.0,1.0,5.0,2.0,45.0,61.0,77.5,80.0,7.5,7.3,1.7,1.2,1.3,1.1,2,2,45.0,61.0,54.0,61.0,50.0,100.0,2,2,332.5,568.0,259.0,451.5,77.84,79.53,0.0,0.0,2,2,12.5,9.5,5.0,2.0,40.0,21.05,16.0,0.0,6.25,0.0,2,2,6.0,2.5,2.0,1.5,75.0,62.5,0.0,0.0,890,45,56,2,0,H
0.8,2.4,2.1,2.1,2.6,0.8,4.0,9.33,42.67,60.33,79.33,88.33,7.6,7.3,1.0,1.89,1.6,1.89,3,3,42.67,60.33,54.0,63.0,33.33,100.0,3,3,371.0,606.33,295.67,535.67,79.45,88.28,0.0,100.0,3,3,11.67,23.67,4.0,9.33,34.29,39.44,8.57,12.68,11.67,7.89,3,3,4.67,3.33,3.67,2.0,56.0,62.5,0.0,0.0,891,57,48,0,2,A
1.9,1.0,2.1,1.2,0.9,1.6,5.0,3.33,46.33,45.0,77.0,79.67,6.7,6.3,2.0,0.8,1.6,1.7,3,3,46.33,45.0,53.0,48.0,33.33,0.0,3,3,381.67,351.33,293.33,279.67,76.8,79.55,0.0,0.0,3,3,15.33,10.67,5.0,3.33,32.61,31.25,10.87,9.38,9.2,10.67,3,3,5.67,3.33,1.33,3.0,80.95,52.63,0.0,0.0,562,3,5,0,1,A
1.6,1.7,1.6,1.5,1.3,1.2,4.25,3.75,51.25,54.0,82.75,81.75,6.5,6.6,1.3,1.8,1.4,1.5,4,4,51.25,54.0,55.0,67.0,75.0,75.0,4,4,433.75,494.5,360.0,405.5,82.72,81.63,50.0,0.0,4,4,14.5,14.25,4.25,3.75,29.31,26.32,6.9,7.02,14.5,14.25,4,4,3.0,3.0,1.0,1.75,75.0,63.16,0.0,0.0,563,4,16,0,2,A
0.4,1.3,0.8,1.3,2.6,1.6,3.75,5.0,62.5,60.75,89.0,85.75,6.8,6.5,0.33,1.36,0.89,1.55,4,4,62.5,60.75,78.0,69.0,75.0,75.0,4,4,601.5,523.25,536.0,448.25,89.0,85.66,100.0,100.0,4,4,12.0,16.75,3.75,5.0,31.25,29.85,2.08,8.96,48.0,11.17,4,4,4.5,2.5,2.0,0.5,69.23,83.33,0.0,50.0,564,7,15,0,4,A
2.4,0.9,2.2,0.9,0.7,1.9,5.67,2.75,50.0,42.75,83.33,80.5,6.5,6.4,2.4,0.9,2.4,1.0,3,4,50.0,42.75,61.0,52.0,66.67,25.0,3,4,401.33,370.75,342.0,299.0,83.44,80.56,66.67,0.0,3,4,12.67,13.25,5.67,2.75,44.74,20.75,13.16,9.43,7.6,10.6,3,4,3.0,3.0,0.33,1.5,90.0,66.67,66.67,25.0,565,8,12,0,1,A
0.8,1.0,0.9,1.8,2.3,1.8,2.0,6.67,35.75,69.0,79.0,87.67,6.5,6.6,0.55,1.2,0.73,1.9,4,3,35.75,69.0,49.0,71.0,0.0,100.0,4,3,313.5,593.33,250.25,520.67,79.14,87.48,25.0,66.67,4,3,6.25,16.0,2.0,6.67,32.0,41.67,8.0,12.5,12.5,8.0,4,3,3.25,1.33,1.75,1.0,65.0,57.14,25.0,33.33,566,18,11,1,4,A
1.9,1.5,1.3,2.0,0.9,1.2,3.5,4.8,43.5,43.6,71.0,82.8,7.5,7.4,1.8,1.7,1.6,1.6,4,5,43.5,43.6,53.0,46.0,50.0,0.0,4,5,300.75,407.6,217.0,340.8,71.11,83.05,0.0,40.0,4,5,10.0,14.2,3.5,4.8,35.0,33.8,10.0,15.49,10.0,6.45,3,5,2.33,4.0,1.67,1.6,58.33,71.43,0.0,0.0,1619,97,83,0,1,A
1.6,1.4,1.7,2.3,1.1,1.9,5.0,5.0,61.75,61.33,87.25,84.0,8.1,8.1,1.8,1.22,1.9,1.56,4,3,61.75,61.33,71.0,62.0,75.0,100.0,4,3,587.25,473.0,514.5,398.67,87.37,84.22,100.0,33.33,4,3,14.5,17.33,5.0,5.0,34.48,28.85,8.62,7.69,11.6,13.0,4,3,2.5,2.33,1.0,0.33,71.43,87.5,50.0,66.67,200,22,29,2,1,H
1.2,1.9,1.1,1.2,1.1,0.8,5.33,5.0,48.0,58.33,83.67,89.67,6.5,6.8,1.0,1.78,0.8,1.44,3,3,48.0,58.33,58.0,61.0,33.33,100.0,3,3,422.67,520.33,354.67,466.0,83.7,89.62,33.33,100.0,3,3,10.67,17.67,5.33,5.0,50.0,28.3,15.62,9.43,6.4,10.6,3,3,5.0,2.33,1.0,2.0,83.33,53.85,33.33,0.0,1249,70,60,2,1,H
1.4,1.2,1.3,1.2,1.5,1.6,4.75,6.0,50.5,57.0,85.0,88.33,6.2,6.5,1.73,1.2,1.55,1.5,4,3,50.5,57.0,73.0,63.0,25.0,66.67,4,3,442.75,525.0,380.0,464.67,84.86,88.4,25.0,100.0,4,3,13.25,12.33,4.75,6.0,35.85,48.65,13.21,18.92,7.57,5.29,4,3,1.75,2.33,1.5,1.67,53.85,58.33,0.0,0.0,567,20,13,2,1,H
0.9,0.8,1.4,1.1,1.9,1.8,5.0,4.33,61.33,39.0,88.33,73.33,7.4,7.4,1.8,0.7,2.3,0.9,3,3,61.33,39.0,70.0,46.0,100.0,0.0,3,3,596.67,345.67,528.33,254.0,88.31,73.43,100.0,0.0,3,3,14.0,12.0,5.0,4.33,35.71,36.11,14.29,5.56,7.0,18.0,3,3,1.67,2.33,0.67,0.33,71.43,87.5,66.67,66.67,892,46,55,6,0,H
1.3,2.1,1.2,1.8,1.6,0.8,3.0,4.75,48.5,51.5,81.25,86.75,6.8,8.1,1.7,1.67,1.6,1.33,4,4,48.5,51.5,58.0,62.0,50.0,50.0,4,4,425.25,543.25,348.25,471.25,81.26,86.7,25.0,75.0,4,4,10.75,13.5,3.0,4.75,27.91,35.19,6.98,11.11,14.33,9.0,4,4,2.5,2.0,1.75,0.5,58.82,80.0,0.0,75.0,1620,82,80,0,3,A
0.5,1.6,0.9,1.0,2.5,1.0,3.5,4.0,44.75,43.33,78.0,80.0,8.0,8.1,1.78,1.5,1.22,0.9,4,3,44.75,43.33,59.0,54.0,50.0,33.33,4,3,350.0,369.67,276.5,298.67,77.97,80.17,0.0,33.33,4,3,11.5,9.33,3.5,4.0,30.43,42.86,2.17,3.57,46.0,28.0,4,3,4.0,3.67,1.75,2.33,69.57,61.11,25.0,0.0,201,39,21,3,3,D
2.0,1.5,1.8,1.1,0.9,0.9,5.0,3.0,61.0,40.33,89.33,78.33,5.9,6.8,2.33,1.2,2.33,0.9,3,3,61.0,40.33,67.0,58.0,100.0,33.33,3,3,527.0,320.0,470.67,252.33,89.27,78.38,100.0,0.0,3,3,13.67,11.67,5.0,3.0,36.59,25.71,19.51,8.57,5.12,11.67,3,3,3.33,2.67,0.67,1.33,83.33,66.67,66.67,33.33,1250,72,64,1,0,H
1.1,1.7,1.1,2.3,1.6,1.1,4.5,6.75,55.75,66.25,83.0,87.5,8.2,8.3,1.1,1.91,1.2,2.91,4,4,55.75,66.25,71.0,71.0,50.0,100.0,4,4,493.5,567.5,411.5,496.25,83.2,87.34,50.0,75.0,4,4,11.0,19.0,4.5,6.75,40.91,35.53,9.09,17.11,11.0,5.85,4,4,4.25,1.5,1.75,0.75,70.83,66.67,0.0,25.0,1621,84,79,0,2,A
0.6,2.3,1.0,2.3,1.8,1.0,4.33,6.25,53.67,62.0,84.67,88.75,7.7,8.1,1.7,2.4,1.5,2.2,3,4,53.67,62.0,65.0,76.0,66.67,75.0,3,4,471.33,630.5,400.0,563.5,84.92,88.69,66.67,75.0,3,4,11.67,12.5,4.33,6.25,37.14,50.0,8.57,24.0,11.67,4.17,3,4,3.33,2.75,2.0,1.0,62.5,73.33,0.0,25.0,202,35,24,3,0,H
1.3,2.4,1.4,2.0,1.2,0.9,3.0,5.33,48.75,53.33,83.25,82.67,6.6,6.5,1.27,2.4,1.55,1.9,4,3,48.75,53.33,56.0,67.0,50.0,66.67,4,3,417.5,448.33,348.25,373.0,83.41,82.64,25.0,33.33,4,3,13.0,19.67,3.0,5.33,23.08,27.12,5.77,8.47,17.33,11.8,4,3,2.75,1.33,1.75,1.33,61.11,50.0,0.0,33.33,1251,77,62,2,1,H
2.2,0.6,1.7,0.5,0.8,2.5,2.75,1.0,52.0,42.25,81.0,83.0,7.9,8.2,2.33,0.3,1.89,0.8,4,4,52.0,42.25,69.0,59.0,75.0,25.0,4,4,435.0,371.5,355.75,310.25,81.12,82.86,25.0,25.0,4,4,9.0,9.0,2.75,1.0,30.56,11.11,8.33,2.78,12.0,36.0,4,4,1.25,3.25,1.0,2.5,55.56,56.52,25.0,50.0,1622,81,95,7,1,H
1.1,1.6,1.1,1.2,2.0,1.0,3.67,5.67,37.33,50.0,76.67,79.67,8.1,8.2,0.78,1.6,1.0,1.4,3,3,37.33,50.0,46.0,59.0,0.0,66.67,3,3,321.67,421.0,250.67,338.33,77.01,79.52,0.0,0.0,3,3,9.33,14.0,3.67,5.67,39.29,40.48,17.86,9.52,5.6,10.5,3,3,4.0,2.33,0.33,0.33,92.31,87.5,66.67,66.67,203,26,38,3,1,H
2.1,2.2,2.3,2.2,1.2,1.1,3.0,6.0,39.0,42.75,71.33,78.25,6.8,6.7,1.4,1.6,1.7,1.5,3,4,39.0,42.75,61.0,53.0,33.33,50.0,3,4,312.33,373.75,231.0,294.5,71.38,78.13,0.0,0.0,3,4,8.67,14.5,3.0,6.0,34.62,41.38,15.38,6.9,6.5,14.5,3,4,4.0,2.5,0.67,0.5,85.71,83.33,33.33,50.0,568,2,19,4,3,H
1.1,1.1,0.8,1.3,1.7,1.6,2.67,7.0,38.33,61.33,75.67,84.67,6.7,5.9,0.78,1.7,0.67,1.6,3,3,38.33,61.33,42.0,68.0,0.0,100.0,3,3,330.67,482.33,253.33,409.33,75.58,84.73,33.33,33.33,3,3,8.67,15.67,2.67,7.0,30.77,44.68,19.23,6.38,5.2,15.67,3,3,2.33,3.67,1.0,1.0,70.0,78.57,66.67,33.33,1252,71,69,1,0,H
1.6,0.4,1.7,1.0,1.5,2.1,3.33,5.0,56.0,38.0,84.33,74.67,7.3,7.5,2.0,0.4,2.0,1.4,3,3,56.0,38.0,68.0,39.0,66.67,0.0,3,3,533.67,330.33,453.33,246.67,84.23,74.72,33.33,0.0,3,3,12.0,10.33,3.33,5.0,27.78,48.39,11.11,25.81,9.0,3.88,3,3,4.67,1.67,0.67,1.33,87.5,55.56,66.67,66.67,893,52,54,2,2,D
1.8,1.0,2.2,1.2,1.2,1.7,7.25,3.75,61.5,57.5,89.75,90.0,7.3,7.9,2.44,0.89,2.67,0.78,4,4,61.5,57.5,66.0,61.0,100.0,100.0,4,4,617.5,548.0,553.75,492.75,89.58,89.81,100.0,100.0,4,4,19.25,11.75,7.25,3.75,37.66,31.91,9.09,14.89,11.0,6.71,4,4,1.75,2.75,0.5,1.0,77.78,73.33,50.0,50.0,1623,89,93,2,0,H
2.0,0.8,2.1,1.0,1.5,2.0,4.5,4.0,50.75,47.33,84.5,82.67,7.9,8.0,2.56,0.33,2.67,0.56,4,3,50.75,47.33,58.0,69.0,50.0,33.33,4,3,427.0,406.67,362.0,341.0,84.67,83.0,50.0,33.33,4,3,11.5,8.67,4.5,4.0,39.13,46.15,13.04,7.69,7.67,13.0,4,3,4.0,3.0,1.5,3.33,72.73,47.37,0.0,0.0,204,27,25,2,0,H
2.0,1.9,1.6,1.9,0.8,1.6,5.67,6.0,56.67,48.33,83.67,80.33,7.9,8.1,2.0,1.2,1.67,1.2,3,3,56.67,48.33,60.0,50.0,100.0,0.0,3,3,483.67,425.33,405.33,343.33,83.72,79.98,33.33,33.33,3,3,12.33,14.33,5.67,6.0,45.95,41.86,18.92,11.63,5.29,8.6,3,3,5.33,2.67,2.0,2.33,72.73,53.33,0.0,33.33,205,32,34,0,0,D
0.5,1.2,0.8,1.0,2.0,1.1,5.0,3.33,38.0,40.0,79.0,77.33,8.0,8.1,0.6,1.22,0.6,1.0,3,3,38.0,40.0,49.0,54.0,0.0,33.33,3,3,331.33,364.0,264.33,285.33,78.87,77.64,0.0,0.0,3,3,13.67,10.0,5.0,3.33,36.59,33.33,14.63,6.67,6.83,15.0,3,3,4.0,2.0,1.67,1.33,70.59,60.0,33.33,33.33,206,36,33,1,4,A
1.7,2.2,2.5,2.5,1.4,1.0,6.25,5.25,62.25,60.25,90.75,86.5,6.6,5.5,2.11,2.09,2.22,2.64,4,4,62.25,60.25,75.0,69.0,100.0,75.0,4,4,640.0,560.0,583.0,485.25,90.83,86.52,100.0,50.0,4,4,16.5,15.5,6.25,5.25,37.88,33.87,16.67,11.29,6.0,8.86,4,4,2.5,2.25,0.75,0.25,76.92,90.0,25.0,75.0,569,14,6,0,2,A
2.5,1.6,2.8,1.8,1.1,1.3,7.67,5.0,69.67,40.0,88.67,82.67,7.3,7.3,2.8,1.8,3.5,2.0,3,3,69.67,40.0,71.0,50.0,100.0,0.0,3,3,704.33,367.33,628.33,304.33,88.91,82.55,100.0,33.33,3,3,16.67,13.0,7.67,5.0,46.0,38.46,22.0,12.82,4.55,7.8,3,3,1.0,2.67,1.0,1.33,50.0,66.67,33.33,0.0,894,40,49,4,0,H
0.2,1.7,0.8,1.6,2.3,0.9,2.75,5.33,32.75,52.0,73.0,86.0,6.6,6.7,0.6,2.4,0.5,2.0,4,3,32.75,52.0,38.0,58.0,0.0,66.67,4,3,278.0,446.33,203.75,385.0,73.02,86.37,0.0,66.67,4,3,9.0,15.67,2.75,5.33,30.56,34.04,8.33,10.64,12.0,9.4,4,3,3.25,3.0,0.5,2.0,86.67,60.0,50.0,33.33,1253,73,67,0,5,A
1.7,1.2,1.0,1.4,0.7,1.5,1.0,3.5,44.0,51.5,62.67,84.0,8.0,8.1,1.4,1.1,0.9,1.1,3,4,44.0,51.5,53.0,64.0,33.33,50.0,3,4,272.67,483.0,172.67,407.25,62.69,84.04,0.0,25.0,3,4,12.33,14.75,1.0,3.5,8.11,23.73,2.7,5.08,37.0,19.67,2,4,1.5,1.75,0.5,0.75,75.0,70.0,50.0,50.0,1624,92,91,1,2,A
0.9,1.8,1.2,1.7,2.1,1.2,5.33,7.0,48.33,62.33,84.33,86.0,7.4,7.5,0.8,1.67,1.5,1.44,3,3,48.33,62.33,55.0,67.0,33.33,100.0,3,3,437.67,564.0,369.0,485.33,84.33,85.94,0.0,66.67,3,3,15.67,16.33,5.33,7.0,34.04,42.86,10.64,14.29,9.4,7.0,3,3,3.67,4.0,3.0,2.33,55.0,63.16,0.0,0.0,895,47,51,1,1,D
1.7,2.4,2.1,2.3,1.1,1.0,4.67,9.33,46.33,67.67,81.0,91.67,8.0,8.1,2.22,2.4,2.22,2.4,3,3,46.33,67.67,52.0,76.0,33.33,100.0,3,3,394.67,726.33,320.67,668.67,80.91,91.81,0.0,100.0,3,3,12.33,17.67,4.67,9.33,37.84,52.83,10.81,24.53,9.25,4.08,3,3,4.67,2.33,2.67,0.67,63.64,77.78,0.0,33.33,207,23,28,2,3,A
1.1,1.9,1.1,1.8,1.4,1.1,3.0,4.0,51.67,58.5,78.0,90.25,6.6,6.8,1.44,1.7,1.56,1.7,3,4,51.67,58.5,65.0,66.0,33.33,75.0,3,4,386.0,567.75,303.0,512.25,78.16,90.26,0.0,100.0,3,4,15.0,11.0,3.0,4.0,20.0,36.36,2.22,13.64,45.0,7.33,3,4,2.67,1.25,0.67,0.0,80.0,100.0,33.33,100.0,1254,61,65,0,1,A
1.3,1.0,0.9,0.9,1.2,1.6,2.0,2.4,58.0,42.0,78.25,75.8,8.1,7.7,1.7,0.8,1.0,0.9,4,5,58.0,42.0,66.0,54.0,75.0,20.0,4,5,407.75,366.0,325.0,279.4,78.25,75.52,25.0,0.0,4,5,7.5,7.8,2.0,2.4,26.67,30.77,10.0,7.69,10.0,13.0,4,5,2.25,3.4,1.0,1.0,69.23,77.27,50.0,20.0,1625,94,86,3,0,H
2.1,0.4,1.8,0.8,0.8,2.0,3.67,2.0,60.0,54.67,86.33,80.67,6.6,6.4,1.9,0.5,2.0,0.9,3,3,60.0,54.67,73.0,70.0,66.67,66.67,3,3,515.67,451.0,446.67,371.67,86.26,80.49,66.67,33.33,3,3,16.33,6.33,3.67,2.0,22.45,31.58,2.04,10.53,49.0,9.5,3,3,1.67,2.0,0.67,1.0,71.43,66.67,66.67,33.33,1255,66,78,4,0,H
1.3,1.3,1.6,1.0,1.6,1.8,6.0,3.4,54.0,46.8,84.0,81.2,7.9,8.0,1.8,1.33,1.0,1.0,4,5,54.0,46.8,60.0,55.0,75.0,40.0,4,5,482.0,385.0,404.25,312.0,83.88,81.11,25.0,0.0,4,5,16.5,11.0,6.0,3.4,36.36,30.91,4.55,5.45,22.0,18.33,4,5,3.5,4.0,1.5,0.8,70.0,83.33,25.0,40.0,1626,85,98,1,1,D
1.3,1.5,1.2,1.4,1.4,1.3,3.33,4.25,45.0,51.25,79.67,82.75,6.5,6.6,1.11,1.67,1.33,1.78,3,4,45.0,51.25,48.0,55.0,0.0,75.0,3,4,351.33,433.75,279.67,360.0,79.55,82.72,0.0,50.0,3,4,10.67,14.5,3.33,4.25,31.25,29.31,9.38,6.9,10.67,14.5,3,4,3.33,3.0,3.0,1.0,52.63,75.0,0.0,0.0,570,5,4,1,2,A
1.6,1.8,1.6,2.0,1.3,0.9,5.0,5.0,60.75,46.33,85.75,77.0,6.5,6.6,1.44,1.8,1.44,2.3,4,3,60.75,46.33,69.0,53.0,75.0,33.33,4,3,523.25,381.67,448.25,293.33,85.66,76.8,100.0,0.0,4,3,16.75,15.33,5.0,5.0,29.85,32.61,8.96,10.87,11.17,9.2,4,3,2.5,5.67,0.5,1.33,83.33,80.95,50.0,0.0,571,15,3,2,1,H
1.7,1.4,1.4,1.3,1.1,1.5,3.75,4.75,54.0,50.5,81.75,85.0,6.5,5.8,0.9,0.78,1.0,0.89,4,4,54.0,50.5,67.0,73.0,75.0,25.0,4,4,494.5,442.75,405.5,380.0,81.63,84.86,0.0,25.0,4,4,14.25,13.25,3.75,4.75,26.32,35.85,7.02,13.21,14.25,7.57,4,4,3.0,1.75,1.75,1.5,63.16,53.85,0.0,0.0,572,16,20,4,1,H
0.9,0.4,1.1,0.8,1.7,2.5,6.0,3.75,57.0,62.5,88.33,89.0,6.5,6.7,2.0,0.5,1.89,0.8,3,4,57.0,62.5,63.0,78.0,66.67,75.0,3,4,525.0,601.5,464.67,536.0,88.4,89.0,100.0,100.0,3,4,12.33,12.0,6.0,3.75,48.65,31.25,18.92,2.08,5.29,48.0,3,4,2.33,4.5,1.67,2.0,58.33,69.23,0.0,0.0,573,13,7,4,0,H
0.8,0.5,0.9,0.8,1.8,2.6,5.5,2.0,54.0,35.75,86.5,79.0,6.4,6.6,1.3,0.89,1.6,1.33,4,4,54.0,35.75,56.0,49.0,100.0,0.0,4,4,527.75,313.5,457.75,250.25,86.49,79.14,50.0,25.0,4,4,13.25,6.25,5.5,2.0,41.51,32.0,9.43,8.0,10.6,12.5,4,4,1.75,3.25,1.25,1.75,58.33,65.0,50.0,25.0,574,1,18,3,2,H
1.0,1.7,1.7,2.4,1.9,1.4,6.67,6.25,69.0,62.25,87.67,90.75,6.4,6.6,1.1,1.1,2.1,1.8,3,4,69.0,62.25,71.0,75.0,100.0,100.0,3,4,593.33,640.0,520.67,583.0,87.48,90.83,66.67,100.0,3,4,16.0,16.5,6.67,6.25,41.67,37.88,12.5,16.67,8.0,6.0,3,4,1.33,2.5,1.0,0.75,57.14,76.92,33.33,25.0,575,11,14,0,1,A
1.4,1.5,1.5,1.5,1.2,1.2,4.75,3.0,41.5,35.25,82.75,75.5,6.3,5.8,1.6,1.33,2.3,0.67,4,4,41.5,35.25,46.0,47.0,0.0,0.0,4,4,396.75,296.0,328.25,223.25,82.73,75.42,50.0,0.0,4,4,11.25,10.75,4.75,3.0,42.22,27.91,13.33,9.3,7.5,10.75,4,4,5.5,3.25,1.5,3.25,78.57,50.0,0.0,0.0,576,17,9,1,1,D
1.9,2.3,2.3,2.2,1.4,0.8,6.0,5.67,42.75,50.0,78.25,83.33,6.7,6.6,2.44,1.8,2.22,1.9,4,3,42.75,50.0,53.0,61.0,50.0,66.67,4,3,373.75,401.33,294.5,342.0,78.13,83.44,0.0,66.67,4,3,14.5,12.67,6.0,5.67,41.38,44.74,6.9,13.16,14.5,7.6,4,3,2.5,3.0,0.5,0.33,83.33,90.0,50.0,66.67,577,19,8,0,0,D
2.2,2.1,2.4,2.3,0.9,1.5,5.25,3.0,60.25,39.0,86.5,71.33,5.4,6.8,2.56,1.7,2.33,1.8,4,3,60.25,39.0,69.0,61.0,75.0,33.33,4,3,560.0,312.33,485.25,231.0,86.52,71.38,50.0,0.0,4,3,15.5,8.67,5.25,3.0,33.87,34.62,11.29,15.38,8.86,6.5,4,3,2.25,4.0,0.25,0.67,90.0,85.71,75.0,33.33,578,6,2,2,0,H
1.6,1.8,1.7,1.3,1.3,1.0,4.0,5.0,64.75,58.33,85.75,89.67,6.5,6.5,2.1,1.44,1.8,1.33,4,3,64.75,58.33,74.0,61.0,100.0,100.0,4,3,542.25,520.33,464.5,466.0,85.64,89.62,50.0,100.0,4,3,14.5,17.67,4.0,5.0,27.59,28.3,6.9,9.43,14.5,10.6,4,3,1.75,2.33,1.75,2.0,50.0,53.85,0.0,0.0,1256,68,60,2,1,H
1.1,0.3,0.9,0.4,1.8,2.5,2.75,3.5,42.75,41.75,80.5,79.75,6.4,6.4,1.4,0.78,1.4,1.0,4,4,42.75,41.75,52.0,58.0,25.0,25.0,4,4,370.75,383.75,299.0,313.0,80.56,79.75,0.0,25.0,4,4,13.25,8.75,2.75,3.5,20.75,40.0,9.43,14.29,10.6,7.0,4,4,3.0,3.5,1.5,1.75,66.67,66.67,25.0,0.0,579,12,10,2,0,H
1.6,2.5,1.5,2.8,1.1,0.9,7.0,7.67,62.33,69.67,86.0,88.67,7.7,7.4,1.73,2.0,2.09,2.11,3,3,62.33,69.67,67.0,71.0,100.0,100.0,3,3,564.0,704.33,485.33,628.33,85.94,88.91,66.67,100.0,3,3,16.33,16.67,7.0,7.67,42.86,46.0,14.29,22.0,7.0,4.55,3,3,4.0,1.0,2.33,1.0,63.16,50.0,0.0,33.33,896,51,40,1,3,A
1.4,0.4,2.3,0.6,1.9,1.7,5.0,3.33,61.33,39.33,84.0,79.0,7.8,7.9,2.2,1.1,2.6,1.1,3,3,61.33,39.33,62.0,53.0,100.0,33.33,3,3,473.0,336.67,398.67,266.67,84.22,78.72,33.33,0.0,3,3,17.33,8.67,5.0,3.33,28.85,38.46,7.69,15.38,13.0,6.5,3,3,2.33,5.67,0.33,1.67,87.5,77.27,66.67,0.0,208,29,30,3,0,H
1.1,0.9,1.2,0.8,1.5,1.5,7.0,4.0,61.33,40.33,84.67,79.67,5.8,6.4,1.9,1.0,1.8,0.9,3,3,61.33,40.33,68.0,47.0,100.0,0.0,3,3,482.33,343.33,409.33,277.33,84.73,79.75,33.33,33.33,3,3,15.67,16.0,7.0,4.0,44.68,25.0,6.38,2.08,15.67,48.0,3,3,3.67,1.67,1.0,2.0,78.57,45.45,33.33,33.33,1257,69,76,1,0,H
0.6,0.8,0.6,0.9,2.7,1.7,1.0,4.5,42.25,55.75,83.0,83.0,8.0,8.2,0.8,1.0,0.6,1.3,4,4,42.25,55.75,59.0,71.0,25.0,50.0,4,4,371.5,493.5,310.25,411.5,82.86,83.2,25.0,50.0,4,4,9.0,11.0,1.0,4.5,11.11,40.91,2.78,9.09,36.0,11.0,4,4,3.25,4.25,2.5,1.75,56.52,70.83,50.0,0.0,1627,95,84,1,1,D
0.9,1.4,1.0,1.3,1.7,1.1,3.75,5.5,57.5,54.5,90.0,85.75,8.0,7.8,1.6,0.6,1.7,0.9,4,4,57.5,54.5,61.0,64.0,100.0,50.0,4,4,548.0,515.5,492.75,443.5,89.81,85.88,100.0,75.0,4,4,11.75,11.25,3.75,5.5,31.91,48.89,14.89,22.22,6.71,4.5,4,4,2.75,2.75,1.0,2.25,73.33,55.0,50.0,0.0,1628,93,87,2,2,D
1.7,0.7,2.0,0.7,0.9,1.2,5.33,3.33,52.0,40.0,86.0,80.33,6.8,6.6,2.1,0.33,2.4,0.89,3,3,52.0,40.0,58.0,45.0,66.67,0.0,3,3,446.33,337.67,385.0,271.0,86.37,80.3,66.67,0.0,3,3,15.67,10.67,5.33,3.33,34.04,31.25,10.64,3.12,9.4,32.0,3,3,3.0,5.33,2.0,1.33,60.0,80.0,33.33,33.33,1258,67,74,0,0,D
1.1,1.3,1.5,1.7,2.3,1.5,3.0,3.67,51.0,45.0,83.5,74.67,7.2,7.2,1.2,1.7,1.5,2.2,2,3,51.0,45.0,55.0,60.0,50.0,33.33,2,3,452.0,360.33,377.0,274.33,83.4,74.63,0.0,0.0,2,3,8.0,13.67,3.0,3.67,37.5,26.83,12.5,12.2,8.0,8.2,2,3,3.0,5.0,1.0,1.67,75.0,75.0,50.0,33.33,897,43,42,1,2,A
1.4,1.9,1.7,1.4,1.7,0.6,3.33,5.0,56.0,45.0,84.33,77.5,7.4,7.3,2.0,1.6,2.22,1.8,3,2,56.0,45.0,68.0,54.0,66.67,50.0,3,2,533.67,332.5,453.33,259.0,84.23,77.84,33.33,0.0,3,2,12.0,12.5,3.33,5.0,27.78,40.0,11.11,16.0,9.0,6.25,3,2,4.67,6.0,0.67,2.0,87.5,75.0,66.67,0.0,898,52,45,1,2,A
1.3,0.9,1.2,1.2,1.3,2.1,3.67,5.33,40.67,48.33,72.67,84.33,7.5,7.4,1.2,1.0,1.2,1.0,3,3,40.67,48.33,46.0,55.0,0.0,33.33,3,3,343.33,437.67,249.67,369.0,72.63,84.33,0.0,0.0,3,3,12.67,15.67,3.67,5.33,28.95,34.04,2.63,10.64,38.0,9.4,3,3,3.67,3.67,1.67,3.0,68.75,55.0,0.0,0.0,899,53,47,0,1,A
0.5,1.6,1.0,1.6,1.9,1.7,5.0,6.67,38.0,49.0,74.67,81.67,7.6,7.3,0.4,1.1,0.5,1.1,3,3,38.0,49.0,39.0,61.0,0.0,33.33,3,3,330.33,480.0,246.67,393.0,74.72,81.59,0.0,0.0,3,3,10.33,14.67,5.0,6.67,48.39,45.45,25.81,11.36,3.88,8.8,3,3,1.67,5.0,1.33,2.0,55.56,71.43,66.67,33.33,900,54,44,0,3,A
1.0,1.1,0.7,1.9,1.0,1.8,2.0,5.0,61.0,61.33,80.0,88.33,7.3,7.4,0.9,0.7,0.7,1.2,2,3,61.0,61.33,61.0,70.0,100.0,100.0,2,3,568.0,596.67,451.5,528.33,79.53,88.31,0.0,100.0,2,3,9.5,14.0,2.0,5.0,21.05,35.71,0.0,14.29,0.0,7.0,2,3,2.5,1.67,1.5,0.67,62.5,71.43,0.0,66.67,901,56,46,0,2,A
1.6,1.3,1.2,1.6,1.0,1.6,3.5,6.0,43.5,54.0,71.0,84.0,7.3,7.9,1.5,1.1,1.3,1.6,4,4,43.5,54.0,53.0,60.0,50.0,75.0,4,4,300.75,482.0,217.0,404.25,71.11,83.88,0.0,25.0,4,4,10.0,16.5,3.5,6.0,35.0,36.36,10.0,4.55,10.0,22.0,3,4,2.33,3.5,1.67,1.5,58.33,70.0,0.0,25.0,1629,97,85,1,1,D
0.6,2.3,1.2,2.2,2.3,1.1,3.5,4.5,44.75,50.75,78.0,84.5,8.1,8.0,1.7,1.3,1.4,1.4,4,4,44.75,50.75,59.0,58.0,50.0,50.0,4,4,350.0,427.0,276.5,362.0,77.97,84.67,0.0,50.0,4,4,11.5,11.5,3.5,4.5,30.43,39.13,2.17,13.04,46.0,7.67,4,4,4.0,4.0,1.75,1.5,69.57,72.73,25.0,0.0,209,39,27,1,3,A
2.1,2.0,1.8,1.7,1.0,0.9,5.33,5.0,53.33,61.0,82.67,89.33,6.7,5.8,2.11,2.2,1.22,2.4,3,3,53.33,61.0,67.0,67.0,66.67,100.0,3,3,448.33,527.0,373.0,470.67,82.64,89.27,33.33,100.0,3,3,19.67,13.67,5.33,5.0,27.12,36.59,8.47,19.51,11.8,5.12,3,3,1.33,3.33,1.33,0.67,50.0,83.33,33.33,66.67,1259,62,72,1,1,D
1.5,2.4,1.6,2.1,1.5,0.7,5.0,9.33,40.0,60.33,82.67,88.33,7.5,7.2,2.1,1.89,2.6,1.67,3,3,40.0,60.33,50.0,63.0,0.0,100.0,3,3,367.33,606.33,304.33,535.67,82.55,88.28,33.33,100.0,3,3,13.0,23.67,5.0,9.33,38.46,39.44,12.82,12.68,7.8,7.89,3,3,2.67,3.33,1.33,2.0,66.67,62.5,0.0,0.0,902,49,48,1,4,A
1.5,2.1,1.6,2.3,1.4,1.0,3.5,7.25,51.5,61.5,84.0,89.75,7.9,7.8,1.44,1.8,1.56,1.9,4,4,51.5,61.5,64.0,66.0,50.0,100.0,4,4,483.0,617.5,407.25,553.75,84.04,89.58,25.0,100.0,4,4,14.75,19.25,3.5,7.25,23.73,37.66,5.08,9.09,19.67,11.0,4,4,1.75,1.75,0.75,0.5,70.0,77.78,50.0,50.0,1630,91,89,2,1,H
1.3,0.5,1.1,0.9,1.3,2.3,5.67,5.0,50.0,38.0,79.67,79.0,8.2,8.0,1.1,0.8,0.8,0.9,3,3,50.0,38.0,59.0,49.0,66.67,0.0,3,3,421.0,331.33,338.33,264.33,79.52,78.87,0.0,0.0,3,3,14.0,13.67,5.67,5.0,40.48,36.59,9.52,14.63,10.5,6.83,3,3,2.33,4.0,0.33,1.67,87.5,70.59,66.67,33.33,210,38,36,3,4,A
1.6,0.8,1.4,0.9,1.2,1.7,2.67,4.33,35.0,41.33,73.67,81.0,6.5,6.4,1.4,0.7,1.3,0.9,3,3,35.0,41.33,44.0,46.0,0.0,0.0,3,3,283.33,344.67,214.0,281.0,73.63,80.86,0.0,0.0,3,3,7.33,12.0,2.67,4.33,36.36,36.11,18.18,11.11,5.5,9.0,3,3,4.0,5.0,0.67,1.33,85.71,78.95,33.33,0.0,1260,63,75,1,0,H
2.1,2.2,1.6,2.2,0.8,0.8,4.75,2.75,51.5,52.0,86.75,81.0,8.1,8.0,2.4,1.7,1.8,1.4,4,4,51.5,52.0,62.0,69.0,50.0,75.0,4,4,543.25,435.0,471.25,355.75,86.7,81.12,75.0,25.0,4,4,13.5,9.0,4.75,2.75,35.19,30.56,11.11,8.33,9.0,12.0,4,4,2.0,1.25,0.5,1.0,80.0,55.56,75.0,25.0,1631,80,81,1,0,H
2.6,1.8,2.5,1.7,1.1,1.0,9.33,5.0,67.67,61.75,91.67,87.25,8.0,7.9,2.6,1.4,2.5,1.3,3,4,67.67,61.75,76.0,71.0,100.0,75.0,3,4,726.33,587.25,668.67,514.5,91.81,87.37,100.0,100.0,3,4,17.67,14.5,9.33,5.0,52.83,34.48,24.53,8.62,4.08,11.6,3,4,2.33,2.5,0.67,1.0,77.78,71.43,33.33,50.0,211,28,22,4,1,H
0.4,1.2,0.7,1.2,2.2,1.2,2.0,5.33,54.67,48.0,80.67,83.67,6.7,6.6,0.6,0.7,0.8,1.1,3,3,54.67,48.0,70.0,58.0,66.67,33.33,3,3,451.0,422.67,371.67,354.67,80.49,83.7,33.33,33.33,3,3,6.33,10.67,2.0,5.33,31.58,50.0,10.53,15.62,9.5,6.4,3,3,2.0,5.0,1.0,1.0,66.67,83.33,33.33,33.33,1261,78,70,0,2,A
0.9,1.7,0.8,1.1,1.8,0.7,2.4,1.0,42.0,44.0,75.8,62.67,8.0,8.0,1.1,1.44,1.0,1.0,5,3,42.0,44.0,54.0,53.0,20.0,33.33,5,3,366.0,272.67,279.4,172.67,75.52,62.69,0.0,0.0,5,3,7.8,12.33,2.4,1.0,30.77,8.11,7.69,2.7,13.0,37.0,5,2,3.4,1.5,1.0,0.5,77.27,75.0,20.0,50.0,1632,86,92,1,0,H
1.4,1.7,1.9,1.6,1.3,1.5,4.67,6.0,46.33,48.33,81.0,80.33,8.0,8.1,1.89,1.18,2.0,1.09,3,3,46.33,48.33,52.0,50.0,33.33,0.0,3,3,394.67,425.33,320.67,343.33,80.91,79.98,0.0,33.33,3,3,12.33,14.33,4.67,6.0,37.84,41.86,10.81,11.63,9.25,8.6,3,3,4.67,2.67,2.67,2.33,63.64,53.33,0.0,33.33,212,23,34,2,1,H
1.4,0.2,1.1,0.8,1.0,2.7,3.0,2.75,40.33,32.75,78.33,73.0,6.5,6.8,1.44,0.6,1.22,1.2,3,4,40.33,32.75,58.0,38.0,33.33,0.0,3,4,320.0,278.0,252.33,203.75,78.38,73.02,0.0,0.0,3,4,11.67,9.0,3.0,2.75,25.71,30.56,8.57,8.33,11.67,12.0,3,4,2.67,3.25,1.33,0.5,66.67,86.67,33.33,50.0,1262,64,73,1,1,D
1.6,1.1,1.7,1.1,1.4,1.4,4.0,3.0,64.75,51.67,85.75,78.0,6.4,6.8,2.3,0.7,1.9,0.8,4,3,64.75,51.67,74.0,65.0,100.0,33.33,4,3,542.25,386.0,464.5,303.0,85.64,78.16,50.0,0.0,4,3,14.5,15.0,4.0,3.0,27.59,20.0,6.9,2.22,14.5,45.0,4,3,1.75,2.67,1.75,0.67,50.0,80.0,0.0,33.33,1263,68,61,2,1,H
0.8,0.8,0.9,2.1,2.1,2.6,4.33,4.0,39.0,42.67,73.33,79.33,7.5,7.4,1.3,0.3,1.0,1.6,3,3,39.0,42.67,46.0,54.0,0.0,33.33,3,3,345.67,371.0,254.0,295.67,73.43,79.45,0.0,0.0,3,3,12.0,11.67,4.33,4.0,36.11,34.29,5.56,8.57,18.0,11.67,3,3,2.33,4.67,0.33,3.67,87.5,56.0,66.67,0.0,903,55,57,0,1,A
2.0,1.3,2.4,1.0,0.9,1.2,6.75,2.0,66.25,58.0,87.5,78.25,8.2,8.1,2.0,1.0,2.22,0.7,4,4,66.25,58.0,71.0,66.0,100.0,75.0,4,4,567.5,407.75,496.25,325.0,87.34,78.25,75.0,25.0,4,4,19.0,7.5,6.75,2.0,35.53,26.67,17.11,10.0,5.85,10.0,4,4,1.5,2.25,0.75,1.0,66.67,69.23,25.0,50.0,1633,79,94,4,0,H
1.4,1.2,1.2,1.2,1.3,1.2,4.0,3.33,43.33,40.0,80.0,77.33,8.0,8.0,1.22,1.4,1.44,1.3,3,3,43.33,40.0,54.0,54.0,33.33,33.33,3,3,369.67,364.0,298.67,285.33,80.17,77.64,33.33,0.0,3,3,9.33,10.0,4.0,3.33,42.86,33.33,3.57,6.67,28.0,15.0,3,3,3.67,2.0,2.33,1.33,61.11,60.0,0.0,33.33,213,21,33,0,4,A
0.7,1.2,0.8,1.2,2.0,1.3,4.0,6.0,47.33,45.0,82.67,81.33,8.0,8.0,1.1,0.5,1.4,1.0,3,3,47.33,45.0,69.0,48.0,33.33,0.0,3,3,406.67,376.0,341.0,306.67,83.0,81.4,33.33,0.0,3,3,8.67,16.33,4.0,6.0,46.15,36.73,7.69,10.2,13.0,9.8,3,3,3.0,3.33,3.33,1.67,47.37,66.67,0.0,33.33,214,25,31,0,4,A
0.9,2.1,1.3,1.5,1.6,0.5,4.33,5.67,53.67,56.67,84.67,83.67,7.8,8.1,1.82,1.1,1.64,1.5,3,3,53.67,56.67,65.0,60.0,66.67,100.0,3,3,471.33,483.67,400.0,405.33,84.92,83.72,66.67,33.33,3,3,11.67,12.33,4.33,5.67,37.14,45.95,8.57,18.92,11.67,5.29,3,3,3.33,5.33,2.0,2.0,62.5,72.73,0.0,0.0,215,35,32,0,1,A
1.5,1.8,1.1,1.7,1.0,1.9,2.0,6.0,54.5,40.0,82.5,76.33,7.4,7.2,1.56,1.27,1.0,0.91,2,3,54.5,40.0,64.0,54.0,50.0,33.33,2,3,450.5,365.0,374.5,279.67,82.9,76.45,0.0,0.0,2,3,13.0,17.0,2.0,6.0,15.38,35.29,7.69,9.8,13.0,10.2,2,3,3.5,1.33,3.0,1.33,53.85,50.0,0.0,0.0,904,50,41,0,0,D
2.4,1.3,2.2,1.4,0.6,1.3,3.67,3.0,60.0,48.75,86.33,83.25,6.7,6.6,1.9,0.67,2.2,0.78,3,4,60.0,48.75,73.0,56.0,66.67,50.0,3,4,515.67,417.5,446.67,348.25,86.26,83.41,66.67,25.0,3,4,16.33,13.0,3.67,3.0,22.45,23.08,2.04,5.77,49.0,17.33,3,4,1.67,2.75,0.67,1.75,71.43,61.11,66.67,0.0,1264,66,77,2,1,H
1.1,0.8,0.9,1.2,1.8,1.4,3.4,3.8,46.8,42.2,81.2,72.6,8.2,8.1,1.7,0.6,1.1,1.3,5,5,46.8,42.2,55.0,62.0,40.0,20.0,5,5,385.0,314.4,312.0,229.6,81.11,72.46,0.0,0.0,5,5,11.0,12.6,3.4,3.8,30.91,30.16,5.45,11.11,18.33,9.0,5,5,4.0,2.4,0.8,1.2,83.33,66.67,40.0,40.0,1634,98,90,1,1,D
2.0,1.3,2.1,1.3,1.2,2.0,6.25,3.67,62.0,37.33,88.75,76.67,8.0,8.2,1.8,0.7,2.1,1.1,4,3,62.0,37.33,76.0,46.0,75.0,0.0,4,3,630.5,321.67,563.5,250.67,88.69,77.01,75.0,0.0,4,3,12.5,9.33,6.25,3.67,50.0,39.29,24.0,17.86,4.17,5.6,4,3,2.75,4.0,1.0,0.33,73.33,92.31,25.0,66.67,216,24,26,2,0,H
1.5,1.6,1.3,1.7,1.2,1.1,5.0,5.33,58.33,58.0,89.67,88.33,6.5,6.5,1.7,1.9,1.1,1.5,3,3,58.33,58.0,61.0,67.0,100.0,66.67,3,3,520.33,474.0,466.0,419.0,89.62,88.13,100.0,100.0,3,3,17.67,12.33,5.0,5.33,28.3,43.24,9.43,16.22,10.6,6.17,3,3,2.33,1.67,2.0,1.67,53.85,50.0,0.0,0.0,1265,60,59,1,2,A
0.9,1.3,0.9,1.2,1.1,1.8,3.5,3.0,49.0,48.5,79.25,81.25,7.6,6.8,1.6,0.56,1.7,0.67,4,4,49.0,48.5,61.0,58.0,25.0,50.0,4,4,404.25,425.25,322.0,348.25,79.38,81.26,0.0,25.0,4,4,10.5,10.75,3.5,3.0,33.33,27.91,11.9,6.98,8.4,14.33,4,4,2.0,2.5,1.75,1.75,53.33,58.82,25.0,0.0,1635,96,82,3,3,D
2.1,1.1,1.7,0.6,0.9,1.5,4.0,2.67,58.5,38.33,90.25,75.67,6.8,6.7,2.0,1.0,1.9,1.0,4,3,58.5,38.33,66.0,42.0,75.0,0.0,4,3,567.75,330.67,512.25,253.33,90.26,75.58,100.0,33.33,4,3,11.0,8.67,4.0,2.67,36.36,30.77,13.64,19.23,7.33,5.2,4,3,1.25,2.33,0.0,1.0,100.0,70.0,100.0,66.67,1266,65,71,2,0,H
1.6,1.9,1.5,1.4,1.6,0.6,6.67,5.0,49.0,45.0,81.67,77.5,7.4,7.4,2.0,1.6,1.9,1.7,3,2,49.0,45.0,61.0,54.0,33.33,50.0,3,2,480.0,332.5,393.0,259.0,81.59,77.84,0.0,0.0,3,2,14.67,12.5,6.67,5.0,45.45,40.0,11.36,16.0,8.8,6.25,3,2,5.0,6.0,2.0,2.0,71.43,75.0,33.33,0.0,905,44,45,1,3,A
1.5,1.4,1.6,2.4,1.0,1.9,3.33,5.0,40.0,61.33,77.33,84.0,8.1,7.9,1.22,0.89,1.11,1.33,3,3,40.0,61.33,54.0,62.0,33.33,100.0,3,3,364.0,473.0,285.33,398.67,77.64,84.22,0.0,33.33,3,3,10.0,17.33,3.33,5.0,33.33,28.85,6.67,7.69,15.0,13.0,3,3,2.0,2.33,1.33,0.33,60.0,87.5,33.33,66.67,217,33,29,1,1,D
1.1,1.5,1.1,1.1,1.4,0.9,3.0,3.0,51.67,40.33,78.0,78.33,6.6,6.7,1.3,1.2,1.4,0.8,3,3,51.67,40.33,65.0,58.0,33.33,33.33,3,3,386.0,320.0,303.0,252.33,78.16,78.38,0.0,0.0,3,3,15.0,11.67,3.0,3.0,20.0,25.71,2.22,8.57,45.0,11.67,3,3,2.67,2.67,0.67,1.33,80.0,66.67,33.33,33.33,1267,61,64,1,1,D
1.7,2.0,2.1,2.4,1.4,1.2,6.0,6.25,42.75,62.25,78.25,90.75,6.4,6.4,2.3,1.27,2.0,1.73,4,4,42.75,62.25,53.0,75.0,50.0,100.0,4,4,373.75,640.0,294.5,583.0,78.13,90.83,0.0,100.0,4,4,14.5,16.5,6.0,6.25,41.38,37.88,6.9,16.67,14.5,6.0,4,4,2.5,2.5,0.5,0.75,83.33,76.92,50.0,25.0,580,19,14,1,0,H
1.2,1.2,1.3,0.9,1.3,1.5,5.5,2.4,54.5,42.0,85.75,75.8,7.9,7.9,1.7,0.8,1.4,0.9,4,5,54.5,42.0,64.0,54.0,50.0,20.0,4,5,515.5,366.0,443.5,279.4,85.88,75.52,75.0,0.0,4,5,11.25,7.8,5.5,2.4,48.89,30.77,22.22,7.69,4.5,13.0,4,5,2.75,3.4,2.25,1.0,55.0,77.27,0.0,20.0,1636,87,86,2,1,H
0.8,1.5,0.9,1.4,1.3,1.0,4.33,5.33,41.33,48.0,81.0,83.67,6.5,6.6,1.1,1.0,1.3,1.1,3,3,41.33,48.0,46.0,58.0,0.0,33.33,3,3,344.67,422.67,281.0,354.67,80.86,83.7,0.0,33.33,3,3,12.0,10.67,4.33,5.33,36.11,50.0,11.11,15.62,9.0,6.4,3,3,5.0,5.0,1.33,1.0,78.95,83.33,0.0,33.33,1268,75,70,2,2,D
1.3,0.5,1.5,0.5,1.3,1.1,3.0,3.33,48.75,40.0,83.25,80.33,6.5,6.6,1.27,0.44,1.45,0.78,4,3,48.75,40.0,56.0,45.0,50.0,0.0,4,3,417.5,337.67,348.25,271.0,83.41,80.3,25.0,0.0,4,3,13.0,10.67,3.0,3.33,23.08,31.25,5.77,3.12,17.33,32.0,4,3,2.75,5.33,1.75,1.33,61.11,80.0,0.0,33.33,1269,77,74,1,1,D
2.8,1.2,3.0,1.1,0.8,1.3,7.67,3.67,69.67,40.67,88.67,72.67,7.2,7.5,2.82,0.3,3.55,0.9,3,3,69.67,40.67,71.0,46.0,100.0,0.0,3,3,704.33,343.33,628.33,249.67,88.91,72.63,100.0,0.0,3,3,16.67,12.67,7.67,3.67,46.0,28.95,22.0,2.63,4.55,38.0,3,3,1.0,3.67,1.0,1.67,50.0,68.75,33.33,0.0,906,40,53,2,3,A
1.6,1.0,1.7,0.7,1.3,1.0,3.67,2.0,45.0,61.0,74.67,80.0,7.4,7.3,1.4,1.2,1.9,1.0,3,2,45.0,61.0,60.0,61.0,33.33,100.0,3,2,360.33,568.0,274.33,451.5,74.63,79.53,0.0,0.0,3,2,13.67,9.5,3.67,2.0,26.83,21.05,12.2,0.0,8.2,0.0,3,2,5.0,2.5,1.67,1.5,75.0,62.5,33.33,0.0,907,42,56,1,1,D
1.3,1.6,2.0,1.1,1.7,0.8,5.0,2.0,61.33,54.5,88.33,82.5,7.3,7.5,1.8,1.18,2.5,1.18,3,2,61.33,54.5,70.0,64.0,100.0,50.0,3,2,596.67,450.5,528.33,374.5,88.31,82.9,100.0,0.0,3,2,14.0,13.0,5.0,2.0,35.71,15.38,14.29,7.69,7.0,13.0,3,2,1.67,3.5,0.67,3.0,71.43,53.85,66.67,0.0,908,46,50,0,1,A
2.4,0.8,2.3,1.4,0.8,2.5,9.33,3.0,60.33,51.0,88.33,83.5,7.2,7.2,2.4,1.3,2.3,1.6,3,2,60.33,51.0,63.0,55.0,100.0,50.0,3,2,606.33,452.0,535.67,377.0,88.28,83.4,100.0,0.0,3,2,23.67,8.0,9.33,3.0,39.44,37.5,12.68,12.5,7.89,8.0,3,2,3.33,3.0,2.0,1.0,62.5,75.0,0.0,50.0,909,48,43,0,2,A
1.1,1.3,2.1,1.3,2.2,1.3,4.0,7.0,42.67,62.33,79.33,86.0,7.5,7.4,1.0,1.44,1.5,1.22,3,3,42.67,62.33,54.0,67.0,33.33,100.0,3,3,371.0,564.0,295.67,485.33,79.45,85.94,0.0,66.67,3,3,11.67,16.33,4.0,7.0,34.29,42.86,8.57,14.29,11.67,7.0,3,3,4.67,4.0,3.67,2.33,56.0,63.16,0.0,0.0,910,57,51,2,2,D
2.2,0.3,2.1,0.8,0.9,2.9,5.25,3.75,60.25,62.5,86.5,89.0,5.5,6.4,2.56,0.5,2.33,0.7,4,4,60.25,62.5,69.0,78.0,75.0,75.0,4,4,560.0,601.5,485.25,536.0,86.52,89.0,50.0,100.0,4,4,15.5,12.0,5.25,3.75,33.87,31.25,11.29,2.08,8.86,48.0,4,4,2.25,4.5,0.25,2.0,90.0,69.23,75.0,0.0,581,6,7,3,1,H
1.8,1.7,1.7,1.6,1.3,1.4,5.0,4.25,60.75,51.25,85.75,82.75,6.2,6.2,1.44,2.0,1.33,1.78,4,4,60.75,51.25,69.0,55.0,75.0,75.0,4,4,523.25,433.75,448.25,360.0,85.66,82.72,100.0,50.0,4,4,16.75,14.5,5.0,4.25,29.85,29.31,8.96,6.9,11.17,14.5,4,4,2.5,3.0,0.5,1.0,83.33,75.0,50.0,0.0,582,15,4,2,1,H
2.0,0.5,1.7,1.0,0.7,2.5,3.75,2.0,54.0,35.75,81.75,79.0,6.2,6.3,1.2,0.89,1.4,1.44,4,4,54.0,35.75,67.0,49.0,75.0,0.0,4,4,494.5,313.5,405.5,250.25,81.63,79.14,0.0,25.0,4,4,14.25,6.25,3.75,2.0,26.32,32.0,7.02,8.0,14.25,12.5,4,4,3.0,3.25,1.75,1.75,63.16,65.0,0.0,25.0,583,16,18,1,0,H
0.8,1.8,1.1,2.1,1.3,1.0,3.8,4.8,42.2,43.6,72.6,82.8,8.1,7.3,0.67,1.7,0.67,1.5,5,5,42.2,43.6,62.0,46.0,20.0,0.0,5,5,314.4,407.6,229.6,340.8,72.46,83.05,0.0,40.0,5,5,12.6,14.2,3.8,4.8,30.16,33.8,11.11,15.49,9.0,6.45,5,5,2.4,4.0,1.2,1.6,66.67,71.43,40.0,0.0,1637,90,83,1,0,H
1.5,2.8,1.6,2.9,1.2,1.2,6.0,9.33,45.0,67.67,81.33,91.67,8.0,8.0,1.45,2.4,1.27,2.4,3,3,45.0,67.67,48.0,76.0,0.0,100.0,3,3,376.0,726.33,306.67,668.67,81.4,91.81,0.0,100.0,3,3,16.33,17.67,6.0,9.33,36.73,52.83,10.2,24.53,9.8,4.08,3,3,3.33,2.33,1.67,0.67,66.67,77.78,33.33,33.33,218,31,28,1,4,A
0.9,1.4,0.7,1.3,1.4,1.3,4.0,5.0,40.33,58.33,79.67,89.67,6.5,5.9,1.0,1.44,0.6,1.33,3,3,40.33,58.33,47.0,61.0,0.0,100.0,3,3,343.33,520.33,277.33,466.0,79.75,89.62,33.33,100.0,3,3,16.0,17.67,4.0,5.0,25.0,28.3,2.08,9.43,48.0,10.6,3,3,1.67,2.33,2.0,2.0,45.45,53.85,33.33,0.0,1270,76,60,2,3,A
1.5,1.4,1.6,1.4,1.1,1.6,4.75,4.75,41.5,50.5,82.75,85.0,6.2,5.6,1.4,0.44,1.9,0.67,4,4,41.5,50.5,46.0,73.0,0.0,25.0,4,4,396.75,442.75,328.25,380.0,82.73,84.86,50.0,25.0,4,4,11.25,13.25,4.75,4.75,42.22,35.85,13.33,13.21,7.5,7.57,4,4,5.5,1.75,1.5,1.5,78.57,53.85,0.0,0.0,584,17,20,0,1,A
1.6,1.1,1.4,1.6,1.7,1.8,6.0,3.33,40.0,56.0,76.33,84.33,7.5,7.2,2.11,1.2,2.11,1.4,3,3,40.0,56.0,54.0,68.0,33.33,66.67,3,3,365.0,533.67,279.67,453.33,76.45,84.23,0.0,33.33,3,3,17.0,12.0,6.0,3.33,35.29,27.78,9.8,11.11,10.2,9.0,3,3,1.33,4.67,1.33,0.67,50.0,87.5,0.0,66.67,911,41,52,0,0,D
1.3,0.7,1.4,0.6,2.0,2.6,3.0,1.0,48.5,42.25,81.25,83.0,7.1,7.9,1.4,0.3,1.4,0.8,4,4,48.5,42.25,58.0,59.0,50.0,25.0,4,4,425.25,371.5,348.25,310.25,81.26,82.86,25.0,25.0,4,4,10.75,9.0,3.0,1.0,27.91,11.11,6.98,2.78,14.33,36.0,4,4,2.5,3.25,1.75,2.5,58.82,56.52,0.0,50.0,1638,82,95,2,1,H
1.5,0.7,1.5,0.8,1.3,2.2,5.0,4.0,61.75,47.33,87.25,82.67,8.1,8.0,2.1,0.33,2.0,0.56,4,3,61.75,47.33,71.0,69.0,75.0,33.33,4,3,587.25,406.67,514.5,341.0,87.37,83.0,100.0,33.33,4,3,14.5,8.67,5.0,4.0,34.48,46.15,8.62,7.69,11.6,13.0,4,3,2.5,3.0,1.0,3.33,71.43,47.37,50.0,0.0,219,22,25,1,0,H
1.8,0.4,1.5,0.6,1.0,2.2,5.0,2.0,61.0,54.67,89.33,80.67,6.0,6.5,2.33,0.5,2.11,0.9,3,3,61.0,54.67,67.0,70.0,100.0,66.67,3,3,527.0,451.0,470.67,371.67,89.27,80.49,100.0,33.33,3,3,13.67,6.33,5.0,2.0,36.59,31.58,19.51,10.53,5.12,9.5,3,3,3.33,2.0,0.67,1.0,83.33,66.67,66.67,33.33,1271,72,78,3,2,H
1.0,1.5,1.0,1.5,1.6,1.2,3.33,3.0,45.0,35.25,79.67,75.5,6.1,5.9,1.0,1.3,1.3,0.7,3,4,45.0,35.25,48.0,47.0,0.0,0.0,3,4,351.33,296.0,279.67,223.25,79.55,75.42,0.0,0.0,3,4,10.67,10.75,3.33,3.0,31.25,27.91,9.38,9.3,10.67,10.75,3,4,3.33,3.25,3.0,3.25,52.63,50.0,0.0,0.0,585,5,9,1,1,D
2.0,1.0,2.1,1.2,1.2,1.7,6.25,5.67,62.0,50.0,88.75,79.67,8.0,8.0,1.8,1.5,2.1,1.4,4,3,62.0,50.0,76.0,59.0,75.0,66.67,4,3,630.5,421.0,563.5,338.33,88.69,79.52,75.0,0.0,4,3,12.5,14.0,6.25,5.67,50.0,40.48,24.0,9.52,4.17,10.5,4,3,2.75,2.33,1.0,0.33,73.33,87.5,25.0,66.67,220,24,38,0,1,A
1.1,1.9,0.6,1.7,1.6,1.2,2.67,4.0,38.33,64.75,75.67,85.75,7.0,5.7,0.78,1.4,0.56,1.4,3,4,38.33,64.75,42.0,74.0,0.0,100.0,3,4,330.67,542.25,253.33,464.5,75.58,85.64,33.33,50.0,3,4,8.67,14.5,2.67,4.0,30.77,27.59,19.23,6.9,5.2,14.5,3,4,2.33,1.75,1.0,1.75,70.0,50.0,66.67,0.0,1272,71,68,1,2,A
1.4,2.1,1.0,1.3,0.8,0.5,1.0,4.75,44.0,51.5,62.67,86.75,7.8,8.0,1.3,1.89,0.9,1.56,3,4,44.0,51.5,53.0,62.0,33.33,50.0,3,4,272.67,543.25,172.67,471.25,62.69,86.7,0.0,75.0,3,4,12.33,13.5,1.0,4.75,8.11,35.19,2.7,11.11,37.0,9.0,2,4,1.5,2.0,0.5,0.5,75.0,80.0,50.0,75.0,1639,92,80,2,1,H
1.7,1.4,1.6,1.2,1.4,1.4,6.0,4.0,48.33,43.33,80.33,80.0,8.1,8.1,1.89,1.5,2.0,1.1,3,3,48.33,43.33,50.0,54.0,0.0,33.33,3,3,425.33,369.67,343.33,298.67,79.98,80.17,33.33,33.33,3,3,14.33,9.33,6.0,4.0,41.86,42.86,11.63,3.57,8.6,28.0,3,3,2.67,3.67,2.33,2.33,53.33,61.11,33.33,0.0,221,34,21,2,0,H
1.0,1.5,1.4,1.8,1.4,1.1,6.67,5.0,69.0,46.33,87.67,77.0,6.2,6.4,1.0,1.8,1.91,2.4,3,3,69.0,46.33,71.0,53.0,100.0,33.33,3,3,593.33,381.67,520.67,293.33,87.48,76.8,66.67,0.0,3,3,16.0,15.33,6.67,5.0,41.67,32.61,12.5,10.87,8.0,9.2,3,3,1.33,5.67,1.0,1.33,57.14,80.95,33.33,0.0,586,11,3,2,2,D
1.1,0.3,1.5,0.4,1.7,2.4,6.0,3.5,57.0,41.75,88.33,79.75,6.2,6.3,2.22,0.7,2.22,0.9,3,4,57.0,41.75,63.0,58.0,66.67,25.0,3,4,525.0,383.75,464.67,313.0,88.4,79.75,100.0,25.0,3,4,12.33,8.75,6.0,3.5,48.65,40.0,18.92,14.29,5.29,7.0,3,4,2.33,3.5,1.67,1.75,58.33,66.67,0.0,0.0,587,13,10,1,0,H
1.9,1.3,1.7,1.1,1.0,1.3,5.33,7.0,53.33,61.33,82.67,84.67,6.6,5.8,1.89,1.6,1.0,1.6,3,3,53.33,61.33,67.0,68.0,66.67,100.0,3,3,448.33,482.33,373.0,409.33,82.64,84.73,33.33,33.33,3,3,19.67,15.67,5.33,7.0,27.12,44.68,8.47,6.38,11.8,15.67,3,3,1.33,3.67,1.33,1.0,50.0,78.57,33.33,33.33,1273,62,69,2,1,H
1.5,0.7,1.6,0.8,1.7,2.1,5.0,4.33,40.0,39.0,82.67,73.33,7.3,7.5,1.8,0.6,2.5,0.9,3,3,40.0,39.0,50.0,46.0,0.0,0.0,3,3,367.33,345.67,304.33,254.0,82.55,73.43,33.33,0.0,3,3,13.0,12.0,5.0,4.33,38.46,36.11,12.82,5.56,7.8,18.0,3,3,2.67,2.33,1.33,0.33,66.67,87.5,0.0,66.67,912,49,55,1,2,A
1.8,1.6,2.1,1.0,1.2,0.8,7.25,3.5,61.5,43.5,89.75,71.0,8.1,7.3,2.44,1.3,2.44,0.7,4,4,61.5,43.5,66.0,53.0,100.0,50.0,4,4,617.5,300.75,553.75,217.0,89.58,71.11,100.0,0.0,4,4,19.25,10.0,7.25,3.5,37.66,35.0,9.09,10.0,11.0,10.0,4,3,1.75,2.33,0.5,1.67,77.78,58.33,50.0,0.0,1640,89,97,2,1,H
1.0,2.3,1.2,1.6,2.2,0.5,3.67,5.67,37.33,56.67,76.67,83.67,8.2,8.1,1.11,1.27,1.22,1.45,3,3,37.33,56.67,46.0,60.0,0.0,100.0,3,3,321.67,483.67,250.67,405.33,77.01,83.72,0.0,33.33,3,3,9.33,12.33,3.67,5.67,39.29,45.95,17.86,18.92,5.6,5.29,3,3,4.0,5.33,0.33,2.0,92.31,72.73,66.67,0.0,222,26,32,0,1,A
0.3,0.8,0.6,1.3,2.0,1.7,3.33,4.33,39.33,53.67,79.0,84.67,7.8,8.0,0.7,0.56,1.1,1.44,3,3,39.33,53.67,53.0,65.0,33.33,66.67,3,3,336.67,471.33,266.67,400.0,78.72,84.92,0.0,66.67,3,3,8.67,11.67,3.33,4.33,38.46,37.14,15.38,8.57,6.5,11.67,3,3,5.67,3.33,1.67,2.0,77.27,62.5,0.0,0.0,223,30,35,0,2,A
0.8,0.6,1.2,1.3,2.4,2.4,5.0,3.5,38.0,44.75,79.0,78.0,8.0,7.9,0.3,0.2,0.4,0.9,3,4,38.0,44.75,49.0,59.0,0.0,50.0,3,4,331.33,350.0,264.33,276.5,78.87,77.97,0.0,0.0,3,4,13.67,11.5,5.0,3.5,36.59,30.43,14.63,2.17,6.83,46.0,3,4,4.0,4.0,1.67,1.75,70.59,69.57,33.33,25.0,224,36,39,1,1,D
1.1,2.1,1.2,1.7,1.7,0.7,5.5,5.67,54.0,50.0,86.5,83.33,6.2,6.3,1.45,1.73,1.73,1.73,4,3,54.0,50.0,56.0,61.0,100.0,66.67,4,3,527.75,401.33,457.75,342.0,86.49,83.44,50.0,66.67,4,3,13.25,12.67,5.5,5.67,41.51,44.74,9.43,13.16,10.6,7.6,4,3,1.75,3.0,1.25,0.33,58.33,90.0,50.0,66.67,588,1,8,1,1,D
1.1,0.5,1.2,0.9,2.0,1.9,5.33,5.0,48.33,38.0,84.33,74.67,7.2,7.4,0.9,0.5,1.5,1.4,3,3,48.33,38.0,55.0,39.0,33.33,0.0,3,3,437.67,330.33,369.0,246.67,84.33,74.72,0.0,0.0,3,3,15.67,10.33,5.33,5.0,34.04,48.39,10.64,25.81,9.4,3.88,3,3,3.67,1.67,3.0,1.33,55.0,55.56,0.0,66.67,913,47,54,1,1,D
0.3,2.4,0.7,1.9,2.5,0.7,2.75,3.67,32.75,60.0,73.0,86.33,6.6,6.6,0.5,1.22,0.5,1.11,4,3,32.75,60.0,38.0,73.0,0.0,66.67,4,3,278.0,515.67,203.75,446.67,73.02,86.26,0.0,66.67,4,3,9.0,16.33,2.75,3.67,30.56,22.45,8.33,2.04,12.0,49.0,4,3,3.25,1.67,0.5,0.67,86.67,71.43,50.0,66.67,1274,73,66,0,1,A
1.9,1.2,2.0,0.9,0.8,1.4,2.75,3.4,52.0,46.8,81.0,81.2,8.3,8.4,2.4,1.3,2.4,1.0,4,5,52.0,46.8,69.0,55.0,75.0,40.0,4,5,435.0,385.0,355.75,312.0,81.12,81.11,25.0,0.0,4,5,9.0,11.0,2.75,3.4,30.56,30.91,8.33,5.45,12.0,18.33,4,5,1.25,4.0,1.0,0.8,55.56,83.33,25.0,40.0,1641,81,98,1,1,D
1.7,0.6,1.6,0.8,1.3,1.7,3.5,4.5,51.5,55.75,84.0,83.0,8.0,8.1,1.78,1.1,1.67,1.3,4,4,51.5,55.75,64.0,71.0,50.0,50.0,4,4,483.0,493.5,407.25,411.5,84.04,83.2,25.0,50.0,4,4,14.75,11.0,3.5,4.5,23.73,40.91,5.08,9.09,19.67,11.0,4,4,1.75,4.25,0.75,1.75,70.0,70.83,50.0,0.0,1642,91,84,1,0,H
2.3,1.4,2.3,1.8,1.1,1.4,4.5,4.67,50.75,46.33,84.5,81.0,7.9,8.0,2.6,1.5,2.6,2.0,4,3,50.75,46.33,58.0,52.0,50.0,33.33,4,3,427.0,394.67,362.0,320.67,84.67,80.91,50.0,0.0,4,3,11.5,12.33,4.5,4.67,39.13,37.84,13.04,10.81,7.67,9.25,4,3,4.0,4.67,1.5,2.67,72.73,63.64,0.0,0.0,225,27,23,0,2,A
2.1,1.5,1.7,1.7,0.8,0.7,4.0,5.33,58.5,52.0,90.25,86.0,6.8,6.5,2.2,2.6,2.0,2.4,4,3,58.5,52.0,66.0,58.0,75.0,66.67,4,3,567.75,446.33,512.25,385.0,90.26,86.37,100.0,66.67,4,3,11.0,15.67,4.0,5.33,36.36,34.04,13.64,10.64,7.33,9.4,4,3,1.25,3.0,0.0,2.0,100.0,60.0,100.0,33.33,1275,65,67,0,4,A
1.0,1.4,0.7,1.4,1.6,1.3,2.0,6.0,58.0,54.0,78.25,84.0,8.1,7.7,2.0,1.2,1.3,1.6,4,4,58.0,54.0,66.0,60.0,75.0,75.0,4,4,407.75,482.0,325.0,404.25,78.25,83.88,25.0,25.0,4,4,7.5,16.5,2.0,6.0,26.67,36.36,10.0,4.55,10.0,22.0,4,4,2.25,3.5,1.0,1.5,69.23,70.0,50.0,25.0,1643,94,85,0,1,A
1.6,1.6,1.7,1.3,1.1,1.1,5.33,2.67,58.0,35.0,88.33,73.67,6.8,6.4,1.67,1.2,2.0,1.1,3,3,58.0,35.0,67.0,44.0,66.67,0.0,3,3,474.0,283.33,419.0,214.0,88.13,73.63,100.0,0.0,3,3,12.33,7.33,5.33,2.67,43.24,36.36,16.22,18.18,6.17,5.5,3,3,1.67,4.0,1.67,0.67,50.0,85.71,0.0,33.33,1276,59,63,1,1,D
1.3,1.8,1.0,1.9,1.7,1.7,2.75,3.0,42.75,39.0,80.5,71.33,6.5,6.4,1.4,1.6,1.2,1.8,4,3,42.75,39.0,52.0,61.0,25.0,33.33,4,3,370.75,312.33,299.0,231.0,80.56,71.38,0.0,0.0,4,3,13.25,8.67,2.75,3.0,20.75,34.62,9.43,15.38,10.6,6.5,4,3,3.0,4.0,1.5,0.67,66.67,85.71,25.0,33.33,589,12,2,0,1,A
1.4,1.0,0.9,1.2,0.8,1.6,2.8,3.75,42.4,57.5,77.8,90.0,7.0,7.9,1.6,0.89,1.2,0.78,5,4,42.4,57.5,55.0,61.0,20.0,100.0,5,4,344.2,548.0,269.8,492.75,77.81,89.81,0.0,100.0,5,4,10.0,11.75,2.8,3.75,28.0,31.91,10.0,14.89,10.0,6.71,5,4,3.4,2.75,1.0,1.0,77.27,73.33,20.0,50.0,1644,88,93,1,1,D
0.8,1.2,0.7,1.2,1.1,1.9,2.0,5.33,61.0,48.33,80.0,84.33,7.4,7.5,0.8,1.3,0.7,1.0,2,3,61.0,48.33,61.0,55.0,100.0,33.33,2,3,568.0,437.67,451.5,369.0,79.53,84.33,0.0,0.0,2,3,9.5,15.67,2.0,5.33,21.05,34.04,0.0,10.64,0.0,9.4,2,3,2.5,3.67,1.5,3.0,62.5,55.0,0.0,0.0,914,56,47,1,0,H
2.2,1.0,2.1,1.3,1.1,1.5,4.5,4.33,50.75,53.67,84.5,84.67,8.0,8.0,2.3,0.89,1.8,1.44,4,3,50.75,53.67,58.0,65.0,50.0,66.67,4,3,427.0,471.33,362.0,400.0,84.67,84.92,50.0,66.67,4,3,11.5,11.67,4.5,4.33,39.13,37.14,13.04,8.57,7.67,11.67,4,3,4.0,3.33,1.5,2.0,72.73,62.5,0.0,0.0,226,27,35,1,1,D
1.3,0.9,1.0,0.9,0.9,1.5,3.0,4.0,40.33,40.33,78.33,79.67,6.6,6.4,1.44,1.0,1.11,0.9,3,3,40.33,40.33,58.0,47.0,33.33,0.0,3,3,320.0,343.33,252.33,277.33,78.38,79.75,0.0,33.33,3,3,11.67,16.0,3.0,4.0,25.71,25.0,8.57,2.08,11.67,48.0,3,3,2.67,1.67,1.33,2.0,66.67,45.45,33.33,33.33,1277,64,76,2,1,H
0.5,1.0,0.8,1.1,1.8,1.2,4.5,3.8,55.75,42.2,83.0,72.6,8.1,8.0,1.11,0.7,1.0,1.2,4,5,55.75,42.2,71.0,62.0,50.0,20.0,4,5,493.5,314.4,411.5,229.6,83.2,72.46,50.0,0.0,4,5,11.0,12.6,4.5,3.8,40.91,30.16,9.09,11.11,11.0,9.0,4,5,4.25,2.4,1.75,1.2,70.83,66.67,0.0,40.0,1645,84,90,2,2,D
0.4,1.5,0.6,1.5,2.8,1.3,1.0,5.5,42.25,54.5,83.0,85.75,8.0,7.9,0.8,0.7,0.7,1.0,4,4,42.25,54.5,59.0,64.0,25.0,50.0,4,4,371.5,515.5,310.25,443.5,82.86,85.88,25.0,75.0,4,4,9.0,11.25,1.0,5.5,11.11,48.89,2.78,22.22,36.0,4.5,4,4,3.25,2.75,2.5,2.25,56.52,55.0,50.0,0.0,1646,95,87,0,1,A
1.6,0.8,1.2,0.4,1.0,1.6,2.67,2.67,35.0,38.33,73.67,75.67,6.8,6.5,1.4,0.91,1.3,0.91,3,3,35.0,38.33,44.0,42.0,0.0,0.0,3,3,283.33,330.67,214.0,253.33,73.63,75.58,0.0,33.33,3,3,7.33,8.67,2.67,2.67,36.36,30.77,18.18,19.23,5.5,5.2,3,3,4.0,2.33,0.67,1.0,85.71,70.0,33.33,66.67,1278,63,71,0,1,A
0.4,0.6,0.7,0.9,2.3,1.4,2.0,4.33,54.67,41.33,80.67,81.0,6.6,6.5,0.5,0.56,0.7,0.89,3,3,54.67,41.33,70.0,46.0,66.67,0.0,3,3,451.0,344.67,371.67,281.0,80.49,80.86,33.33,0.0,3,3,6.33,12.0,2.0,4.33,31.58,36.11,10.53,11.11,9.5,9.0,3,3,2.0,5.0,1.0,1.33,66.67,78.95,33.33,0.0,1279,78,75,1,1,D
0.8,1.3,1.2,1.4,2.4,1.8,3.0,6.67,51.0,49.0,83.5,81.67,7.3,7.3,1.2,1.4,1.6,1.4,2,3,51.0,49.0,55.0,61.0,50.0,33.33,2,3,452.0,480.0,377.0,393.0,83.4,81.59,0.0,0.0,2,3,8.0,14.67,3.0,6.67,37.5,45.45,12.5,11.36,8.0,8.8,2,3,3.0,5.0,1.0,2.0,75.0,71.43,50.0,33.33,915,43,44,2,4,A
1.9,1.7,1.4,1.3,0.6,1.2,5.0,6.0,45.0,40.0,77.5,76.33,7.3,7.4,2.22,1.09,1.56,0.64,2,3,45.0,40.0,54.0,54.0,50.0,33.33,2,3,332.5,365.0,259.0,279.67,77.84,76.45,0.0,0.0,2,3,12.5,17.0,5.0,6.0,40.0,35.29,16.0,9.8,6.25,10.2,2,3,6.0,1.33,2.0,1.33,75.0,50.0,0.0,0.0,916,45,41,2,2,D
1.9,1.7,1.1,1.7,0.3,1.1,2.0,3.67,54.5,45.0,82.5,74.67,7.3,7.3,1.67,2.0,0.78,2.1,2,3,54.5,45.0,64.0,60.0,50.0,33.33,2,3,450.5,360.33,374.5,274.33,82.9,74.63,0.0,0.0,2,3,13.0,13.67,2.0,3.67,15.38,26.83,7.69,12.2,13.0,8.2,2,3,3.5,5.0,3.0,1.67,53.85,75.0,0.0,33.33,917,50,42,1,0,H
1.0,2.5,0.9,2.7,1.8,1.0,4.33,7.67,39.0,69.67,73.33,88.67,7.5,7.3,1.0,2.0,0.8,1.89,3,3,39.0,69.67,46.0,71.0,0.0,100.0,3,3,345.67,704.33,254.0,628.33,73.43,88.91,0.0,100.0,3,3,12.0,16.67,4.33,7.67,36.11,46.0,5.56,22.0,18.0,4.55,3,3,2.33,1.0,0.33,1.0,87.5,50.0,66.67,33.33,918,55,40,1,1,D
0.3,0.8,0.9,0.9,3.1,1.7,3.75,3.33,62.5,45.0,89.0,79.67,7.0,6.8,0.33,1.1,0.67,1.5,4,3,62.5,45.0,78.0,48.0,75.0,0.0,4,3,601.5,351.33,536.0,279.67,89.0,79.55,100.0,0.0,4,3,12.0,10.67,3.75,3.33,31.25,31.25,2.08,9.38,48.0,10.67,4,3,4.5,3.33,2.0,3.0,69.23,52.63,0.0,0.0,590,7,5,1,2,A
1.6,1.0,1.6,0.9,1.1,1.8,3.0,2.75,35.25,42.75,75.5,80.5,6.6,7.1,1.4,1.22,1.6,1.0,4,4,35.25,42.75,47.0,52.0,0.0,25.0,4,4,296.0,370.75,223.25,299.0,75.42,80.56,0.0,0.0,4,4,10.75,13.25,3.0,2.75,27.91,20.75,9.3,9.43,10.75,10.6,4,4,3.25,3.0,3.25,1.5,50.0,66.67,0.0,25.0,591,9,12,1,1,D
1.9,2.0,2.3,1.9,1.2,1.4,6.25,5.0,62.25,60.75,90.75,85.75,6.8,6.6,1.78,1.5,1.89,1.8,4,4,62.25,60.75,75.0,69.0,100.0,75.0,4,4,640.0,523.25,583.0,448.25,90.83,85.66,100.0,100.0,4,4,16.5,16.75,6.25,5.0,37.88,29.85,16.67,8.96,6.0,11.17,4,4,2.5,2.5,0.75,0.5,76.92,83.33,25.0,50.0,592,14,15,2,2,D
0.5,1.7,1.0,2.1,2.5,1.4,2.0,6.0,35.75,42.75,79.0,78.25,6.6,6.8,0.5,1.5,0.7,1.7,4,4,35.75,42.75,49.0,53.0,0.0,50.0,4,4,313.5,373.75,250.25,294.5,79.14,78.13,25.0,0.0,4,4,6.25,14.5,2.0,6.0,32.0,41.38,8.0,6.9,12.5,14.5,4,4,3.25,2.5,1.75,0.5,65.0,83.33,25.0,50.0,593,18,19,2,4,A
1.3,1.4,1.0,1.0,1.3,0.9,3.4,2.8,46.8,42.4,81.2,77.8,8.8,8.2,1.5,0.44,1.1,0.67,5,5,46.8,42.4,55.0,55.0,40.0,20.0,5,5,385.0,344.2,312.0,269.8,81.11,77.81,0.0,0.0,5,5,11.0,10.0,3.4,2.8,30.91,28.0,5.45,10.0,18.33,10.0,5,5,4.0,3.4,0.8,1.0,83.33,77.27,40.0,20.0,1647,98,88,2,1,H
1.0,1.7,1.1,1.5,1.9,1.2,3.67,5.0,37.33,61.75,76.67,87.25,8.1,8.0,1.0,1.4,1.1,1.4,3,4,37.33,61.75,46.0,71.0,0.0,75.0,3,4,321.67,587.25,250.67,514.5,77.01,87.37,0.0,100.0,3,4,9.33,14.5,3.67,5.0,39.29,34.48,17.86,8.62,5.6,11.6,3,4,4.0,2.5,0.33,1.0,92.31,71.43,66.67,50.0,227,26,22,1,0,H
1.6,1.1,1.5,1.4,1.4,1.4,5.0,3.0,58.33,48.75,89.67,83.25,5.1,6.4,1.4,0.67,1.1,0.78,3,4,58.33,48.75,61.0,56.0,100.0,50.0,3,4,520.33,417.5,466.0,348.25,89.62,83.41,100.0,25.0,3,4,17.67,13.0,5.0,3.0,28.3,23.08,9.43,5.77,10.6,17.33,3,4,2.33,2.75,2.0,1.75,53.85,61.11,0.0,0.0,1280,60,77,2,1,H
1.5,1.4,2.0,1.6,1.3,1.2,5.0,4.75,46.33,41.5,77.0,82.75,7.1,6.5,1.56,1.56,1.22,1.67,3,4,46.33,41.5,53.0,46.0,33.33,0.0,3,4,381.67,396.75,293.33,328.25,76.8,82.73,0.0,50.0,3,4,15.33,11.25,5.0,4.75,32.61,42.22,10.87,13.33,9.2,7.5,3,4,5.67,5.5,1.33,1.5,80.95,78.57,0.0,0.0,594,3,17,1,2,A
1.2,1.0,1.5,1.7,1.3,1.7,3.33,5.0,56.0,61.33,84.33,88.33,7.4,7.3,1.67,1.0,1.89,1.3,3,3,56.0,61.33,68.0,70.0,66.67,100.0,3,3,533.67,596.67,453.33,528.33,84.23,88.31,33.33,100.0,3,3,12.0,14.0,3.33,5.0,27.78,35.71,11.11,14.29,9.0,7.0,3,3,4.67,1.67,0.67,0.67,87.5,71.43,66.67,66.67,919,52,46,2,0,H
1.8,2.0,2.0,2.0,0.9,1.0,4.8,7.25,43.6,61.5,82.8,89.75,8.0,8.1,1.78,1.64,2.33,1.82,5,4,43.6,61.5,46.0,66.0,0.0,100.0,5,4,407.6,617.5,340.8,553.75,83.05,89.58,40.0,100.0,5,4,14.2,19.25,4.8,7.25,33.8,37.66,15.49,9.09,6.45,11.0,5,4,4.0,1.75,1.6,0.5,71.43,77.78,0.0,50.0,1648,83,89,1,2,A
1.4,1.4,1.2,2.5,1.4,2.0,4.0,5.0,43.33,61.33,80.0,84.0,8.0,7.9,1.11,0.9,1.33,1.3,3,3,43.33,61.33,54.0,62.0,33.33,100.0,3,3,369.67,473.0,298.67,398.67,80.17,84.22,33.33,33.33,3,3,9.33,17.33,4.0,5.0,42.86,28.85,3.57,7.69,28.0,13.0,3,3,3.67,2.33,2.33,0.33,61.11,87.5,0.0,66.67,228,21,29,0,2,A
1.5,0.3,1.4,0.6,1.0,2.4,5.33,2.75,48.0,32.75,83.67,73.0,6.5,6.8,1.3,0.7,0.8,1.2,3,4,48.0,32.75,58.0,38.0,33.33,0.0,3,4,422.67,278.0,354.67,203.75,83.7,73.02,33.33,0.0,3,4,10.67,9.0,5.33,2.75,50.0,30.56,15.62,8.33,6.4,12.0,3,4,5.0,3.25,1.0,0.5,83.33,86.67,33.33,50.0,1281,70,73,1,0,H
1.1,1.5,1.2,1.4,1.5,1.9,3.75,3.0,57.5,48.5,90.0,81.25,8.2,7.3,1.6,0.6,1.9,0.9,4,4,57.5,48.5,61.0,58.0,100.0,50.0,4,4,548.0,425.25,492.75,348.25,89.81,81.26,100.0,25.0,4,4,11.75,10.75,3.75,3.0,31.91,27.91,14.89,6.98,6.71,14.33,4,4,2.75,2.5,1.0,1.75,73.33,58.82,50.0,0.0,1649,93,82,1,1,D
1.2,1.2,1.1,1.5,1.5,1.6,5.67,6.0,50.0,45.0,79.67,81.33,8.1,7.8,1.0,0.78,1.1,1.33,3,3,50.0,45.0,59.0,48.0,66.67,0.0,3,3,421.0,376.0,338.33,306.67,79.52,81.4,0.0,0.0,3,3,14.0,16.33,5.67,6.0,40.48,36.73,9.52,10.2,10.5,9.8,3,3,2.33,3.33,0.33,1.67,87.5,66.67,66.67,33.33,229,38,31,1,0,H
0.6,1.9,0.6,1.8,1.1,1.1,3.33,5.33,40.0,53.33,80.33,82.67,6.6,6.6,1.0,2.1,1.0,1.9,3,3,40.0,53.33,45.0,67.0,0.0,66.67,3,3,337.67,448.33,271.0,373.0,80.3,82.64,0.0,33.33,3,3,10.67,19.67,3.33,5.33,31.25,27.12,3.12,8.47,32.0,11.8,3,3,5.33,1.33,1.33,1.33,80.0,50.0,33.33,33.33,1282,74,62,0,0,D
0.9,1.7,0.9,1.5,1.7,1.2,2.4,3.5,42.0,51.5,75.8,84.0,7.8,8.0,1.4,1.3,1.1,1.2,5,4,42.0,51.5,54.0,64.0,20.0,50.0,5,4,366.0,483.0,279.4,407.25,75.52,84.04,0.0,25.0,5,4,7.8,14.75,2.4,3.5,30.77,23.73,7.69,5.08,13.0,19.67,5,4,3.4,1.75,1.0,0.75,77.27,70.0,20.0,50.0,1650,86,91,2,3,A
1.4,1.1,1.5,1.6,1.5,1.5,4.25,6.67,51.25,69.0,82.75,87.67,6.8,6.9,1.3,1.33,1.3,2.0,4,3,51.25,69.0,55.0,71.0,75.0,100.0,4,3,433.75,593.33,360.0,520.67,82.72,87.48,50.0,66.67,4,3,14.5,16.0,4.25,6.67,29.31,41.67,6.9,12.5,14.5,8.0,4,3,3.0,1.33,1.0,1.0,75.0,57.14,0.0,33.33,595,4,11,2,0,H
1.9,1.4,1.7,1.5,0.8,1.5,5.67,6.0,50.0,57.0,83.33,88.33,6.7,6.9,2.0,1.2,1.89,1.5,3,3,50.0,57.0,61.0,63.0,66.67,66.67,3,3,401.33,525.0,342.0,464.67,83.44,88.4,66.67,100.0,3,3,12.67,12.33,5.67,6.0,44.74,48.65,13.16,18.92,7.6,5.29,3,3,3.0,2.33,0.33,1.67,90.0,58.33,66.67,0.0,596,8,13,1,0,H
1.7,0.9,1.9,1.3,1.1,2.2,4.67,5.0,46.33,38.0,81.0,79.0,8.0,8.0,2.22,1.22,2.0,1.33,3,3,46.33,38.0,52.0,49.0,33.33,0.0,3,3,394.67,331.33,320.67,264.33,80.91,78.87,0.0,0.0,3,3,12.33,13.67,4.67,5.0,37.84,36.59,10.81,14.63,9.25,6.83,3,3,4.67,4.0,2.67,1.67,63.64,70.59,0.0,33.33,230,23,36,4,2,H
2.1,1.6,1.7,1.7,1.1,1.1,4.0,5.33,64.75,58.0,85.75,88.33,5.1,6.9,2.5,2.2,2.1,1.7,4,3,64.75,58.0,74.0,67.0,100.0,66.67,4,3,542.25,474.0,464.5,419.0,85.64,88.13,50.0,100.0,4,3,14.5,12.33,4.0,5.33,27.59,43.24,6.9,16.22,14.5,6.17,4,3,1.75,1.67,1.75,1.67,50.0,50.0,0.0,0.0,1283,68,59,5,0,H
2.6,1.2,1.9,1.2,0.6,1.2,3.67,3.0,60.0,51.67,86.33,78.0,6.6,6.5,2.2,0.6,2.4,0.8,3,3,60.0,51.67,73.0,65.0,66.67,33.33,3,3,515.67,386.0,446.67,303.0,86.26,78.16,66.67,0.0,3,3,16.33,15.0,3.67,3.0,22.45,20.0,2.04,2.22,49.0,45.0,3,3,1.67,2.67,0.67,0.67,71.43,80.0,66.67,33.33,1284,66,61,1,0,H
1.4,1.7,1.4,1.9,1.3,0.9,6.0,2.75,54.0,52.0,84.0,81.0,8.0,8.7,1.44,1.4,0.89,1.2,4,4,54.0,52.0,60.0,69.0,75.0,75.0,4,4,482.0,435.0,404.25,355.75,83.88,81.12,25.0,25.0,4,4,16.5,9.0,6.0,2.75,36.36,30.56,4.55,8.33,22.0,12.0,4,4,3.5,1.25,1.5,1.0,70.0,55.56,25.0,25.0,1651,85,81,0,1,A
1.2,1.5,1.2,1.6,1.5,1.6,3.67,5.0,40.67,40.0,72.67,82.67,7.4,7.5,1.1,1.33,1.0,1.56,3,3,40.67,40.0,46.0,50.0,0.0,0.0,3,3,343.33,367.33,249.67,304.33,72.63,82.55,0.0,33.33,3,3,12.67,13.0,3.67,5.0,28.95,38.46,2.63,12.82,38.0,7.8,3,3,3.67,2.67,1.67,1.33,68.75,66.67,0.0,0.0,920,53,49,1,3,A
0.6,0.7,0.6,1.3,2.1,2.3,4.0,3.5,47.33,44.75,82.67,78.0,7.9,8.2,0.8,0.3,1.1,1.0,3,4,47.33,44.75,69.0,59.0,33.33,50.0,3,4,406.67,350.0,341.0,276.5,83.0,77.97,33.33,0.0,3,4,8.67,11.5,4.0,3.5,46.15,30.43,7.69,2.17,13.0,46.0,3,4,3.0,4.0,3.33,1.75,47.37,69.57,0.0,25.0,231,25,39,0,2,A
2.3,1.3,1.4,1.5,0.5,1.0,5.67,3.33,56.67,40.0,83.67,77.33,8.1,8.0,2.0,1.7,1.56,1.7,3,3,56.67,40.0,60.0,54.0,100.0,33.33,3,3,483.67,364.0,405.33,285.33,83.72,77.64,33.33,0.0,3,3,12.33,10.0,5.67,3.33,45.95,33.33,18.92,6.67,5.29,15.0,3,3,5.33,2.0,2.0,1.33,72.73,60.0,0.0,33.33,232,32,33,2,1,H
1.7,0.2,1.4,0.6,1.3,2.2,6.0,3.33,48.33,39.33,80.33,79.0,8.0,8.0,1.89,0.8,2.0,0.9,3,3,48.33,39.33,50.0,53.0,0.0,33.33,3,3,425.33,336.67,343.33,266.67,79.98,78.72,33.33,0.0,3,3,14.33,8.67,6.0,3.33,41.86,38.46,11.63,15.38,8.6,6.5,3,3,2.67,5.67,2.33,1.67,53.33,77.27,33.33,0.0,233,34,30,0,0,D
0.6,0.9,1.0,1.8,1.8,2.3,5.0,4.0,38.0,42.67,74.67,79.33,7.5,7.4,0.4,0.5,0.5,1.5,3,3,38.0,42.67,39.0,54.0,0.0,33.33,3,3,330.33,371.0,246.67,295.67,74.72,79.45,0.0,0.0,3,3,10.33,11.67,5.0,4.0,48.39,34.29,25.81,8.57,3.88,11.67,3,3,1.67,4.67,1.33,3.67,55.56,56.0,66.67,0.0,921,54,57,3,1,H
1.3,2.0,1.2,1.5,1.2,1.0,7.0,4.0,61.33,58.5,84.67,90.25,6.0,6.8,1.9,1.7,1.7,1.5,3,4,61.33,58.5,68.0,66.0,100.0,75.0,3,4,482.33,567.75,409.33,512.25,84.73,90.26,33.33,100.0,3,4,15.67,11.0,7.0,4.0,44.68,36.36,6.38,13.64,15.67,7.33,3,4,3.67,1.25,1.0,0.0,78.57,100.0,33.33,100.0,1285,69,65,3,0,H
0.9,1.7,1.0,1.2,1.2,0.8,3.5,1.0,49.0,44.0,79.25,62.67,8.0,8.0,1.4,1.44,1.8,1.0,4,3,49.0,44.0,61.0,53.0,25.0,33.33,4,3,404.25,272.67,322.0,172.67,79.38,62.69,0.0,0.0,4,3,10.5,12.33,3.5,1.0,33.33,8.11,11.9,2.7,8.4,37.0,4,2,2.0,1.5,1.75,0.5,53.33,75.0,25.0,50.0,1652,96,92,1,2,A
1.5,0.9,1.0,0.7,0.9,1.7,3.5,2.0,43.5,58.0,71.0,78.25,7.7,8.1,1.5,1.0,1.3,0.78,4,4,43.5,58.0,53.0,66.0,50.0,75.0,4,4,300.75,407.75,217.0,325.0,71.11,78.25,0.0,25.0,4,4,10.0,7.5,3.5,2.0,35.0,26.67,10.0,10.0,10.0,10.0,3,4,2.33,2.25,1.67,1.0,58.33,69.23,0.0,50.0,1653,97,94,2,2,D
1.4,2.1,1.5,1.8,1.4,0.9,7.0,9.33,62.33,60.33,86.0,88.33,7.5,7.1,1.45,2.11,1.73,2.0,3,3,62.33,60.33,67.0,63.0,100.0,100.0,3,3,564.0,606.33,485.33,535.67,85.94,88.28,66.67,100.0,3,3,16.33,23.67,7.0,9.33,42.86,39.44,14.29,12.68,7.0,7.89,3,3,4.0,3.33,2.33,2.0,63.16,62.5,0.0,0.0,922,51,48,3,4,A
0.3,1.2,0.3,1.3,2.2,1.6,3.5,5.5,41.75,54.0,79.75,86.5,6.8,6.8,0.4,1.0,0.7,1.0,4,4,41.75,54.0,58.0,56.0,25.0,100.0,4,4,383.75,527.75,313.0,457.75,79.75,86.49,25.0,50.0,4,4,8.75,13.25,3.5,5.5,40.0,41.51,14.29,9.43,7.0,10.6,4,4,3.5,1.75,1.75,1.25,66.67,58.33,0.0,50.0,597,10,1,0,3,A
2.8,1.9,3.0,2.0,1.2,1.2,9.33,6.25,67.67,62.0,91.67,88.75,7.8,8.1,2.6,2.0,2.6,1.78,3,4,67.67,62.0,76.0,76.0,100.0,75.0,3,4,726.33,630.5,668.67,563.5,91.81,88.69,100.0,75.0,3,4,17.67,12.5,9.33,6.25,52.83,50.0,24.53,24.0,4.08,4.17,3,4,2.33,2.75,0.67,1.0,77.78,73.33,33.33,25.0,234,28,24,3,1,H
1.7,1.8,2.0,1.7,0.6,1.2,5.33,5.0,52.0,61.0,86.0,89.33,6.7,5.3,1.9,2.0,1.9,2.4,3,3,52.0,61.0,58.0,67.0,66.67,100.0,3,3,446.33,527.0,385.0,470.67,86.37,89.27,66.67,100.0,3,3,15.67,13.67,5.33,5.0,34.04,36.59,10.64,19.51,9.4,5.12,3,3,3.0,3.33,2.0,0.67,60.0,83.33,33.33,66.67,1286,67,72,0,2,A
1.8,2.0,1.3,2.3,0.7,0.8,4.75,6.75,51.5,66.25,86.75,87.5,8.1,8.6,2.45,1.8,1.73,2.5,4,4,51.5,66.25,62.0,71.0,50.0,100.0,4,4,543.25,567.5,471.25,496.25,86.7,87.34,75.0,75.0,4,4,13.5,19.0,4.75,6.75,35.19,35.53,11.11,17.11,9.0,5.85,4,4,2.0,1.5,0.5,0.75,80.0,66.67,75.0,25.0,1654,80,79,2,4,A
2.2,0.8,2.5,1.1,0.8,1.4,6.75,3.5,66.25,49.0,87.5,79.25,9.7,8.8,2.0,0.89,2.56,0.67,4,4,66.25,49.0,71.0,61.0,100.0,25.0,4,4,567.5,404.25,496.25,322.0,87.34,79.38,75.0,0.0,4,4,19.0,10.5,6.75,3.5,35.53,33.33,17.11,11.9,5.85,8.4,4,4,1.5,2.0,0.75,1.75,66.67,53.33,25.0,25.0,1655,79,96,3,0,H
2.1,1.2,1.9,1.3,1.0,1.6,9.33,3.67,60.33,40.67,88.33,72.67,5.9,6.2,2.3,0.6,2.1,1.0,3,3,60.33,40.67,63.0,46.0,100.0,0.0,3,3,606.33,343.33,535.67,249.67,88.28,72.63,100.0,0.0,3,3,23.67,12.67,9.33,3.67,39.44,28.95,12.68,2.63,7.89,38.0,3,3,3.33,3.67,2.0,1.67,62.5,68.75,0.0,0.0,923,48,53,3,1,H
2.3,1.7,1.3,2.2,0.5,1.3,5.67,4.67,56.67,46.33,83.67,81.0,6.8,6.6,2.0,1.5,1.67,2.0,3,3,56.67,46.33,60.0,52.0,100.0,33.33,3,3,483.67,394.67,405.33,320.67,83.72,80.91,33.33,0.0,3,3,12.33,12.33,5.67,4.67,45.95,37.84,18.92,10.81,5.29,9.25,3,3,5.33,4.67,2.0,2.67,72.73,63.64,0.0,0.0,235,32,23,4,2,H
1.0,0.4,0.9,0.6,1.7,2.6,2.0,1.0,58.0,42.25,78.25,83.0,8.2,7.9,1.7,0.3,1.0,0.8,4,4,58.0,42.25,66.0,59.0,75.0,25.0,4,4,407.75,371.5,325.0,310.25,78.25,82.86,25.0,25.0,4,4,7.5,9.0,2.0,1.0,26.67,11.11,10.0,2.78,10.0,36.0,4,4,2.25,3.25,1.0,2.5,69.23,56.52,50.0,50.0,1656,94,95,2,1,H
0.6,2.3,0.5,2.0,1.0,0.9,3.33,4.0,40.0,64.75,80.33,85.75,6.7,5.5,1.0,1.44,0.91,1.33,3,4,40.0,64.75,45.0,74.0,0.0,100.0,3,4,337.67,542.25,271.0,464.5,80.3,85.64,0.0,50.0,3,4,10.67,14.5,3.33,4.0,31.25,27.59,3.12,6.9,32.0,14.5,3,4,5.33,1.75,1.33,1.75,80.0,50.0,33.33,0.0,1287,74,68,0,1,A
1.0,0.2,1.4,0.5,1.5,2.4,3.0,2.75,48.75,32.75,83.25,73.0,6.0,6.7,1.27,0.6,1.45,1.1,4,4,48.75,32.75,56.0,38.0,50.0,0.0,4,4,417.5,278.0,348.25,203.75,83.41,73.02,25.0,0.0,4,4,13.0,9.0,3.0,2.75,23.08,30.56,5.77,8.33,17.33,12.0,4,4,2.75,3.25,1.75,0.5,61.11,86.67,0.0,50.0,1288,77,73,1,1,D
2.3,1.1,2.7,0.8,1.1,1.0,7.67,2.0,69.67,61.0,88.67,80.0,5.9,5.9,2.73,1.0,3.64,0.8,3,2,69.67,61.0,71.0,61.0,100.0,100.0,3,2,704.33,568.0,628.33,451.5,88.91,79.53,100.0,0.0,3,2,16.67,9.5,7.67,2.0,46.0,21.05,22.0,0.0,4.55,0.0,3,2,1.0,2.5,1.0,1.5,50.0,62.5,33.33,0.0,924,40,56,3,2,H
1.4,0.6,1.6,1.1,1.2,1.9,3.67,5.0,45.0,38.0,74.67,74.67,6.1,6.2,1.4,0.3,1.8,1.3,3,3,45.0,38.0,60.0,39.0,33.33,0.0,3,3,360.33,330.33,274.33,246.67,74.63,74.72,0.0,0.0,3,3,13.67,10.33,3.67,5.0,26.83,48.39,12.2,25.81,8.2,3.88,3,3,5.0,1.67,1.67,1.33,75.0,55.56,33.33,66.67,925,42,54,0,1,A
1.6,1.2,1.8,1.3,1.9,1.1,6.67,3.33,49.0,56.0,81.67,84.33,5.9,5.9,1.7,1.0,1.9,1.3,3,3,49.0,56.0,61.0,68.0,33.33,66.67,3,3,480.0,533.67,393.0,453.33,81.59,84.23,0.0,33.33,3,3,14.67,12.0,6.67,3.33,45.45,27.78,11.36,11.11,8.8,9.0,3,3,5.0,4.67,2.0,0.67,71.43,87.5,33.33,66.67,926,44,52,1,0,H
1.2,2.2,1.2,1.2,1.9,0.2,5.33,2.0,48.33,54.5,84.33,82.5,5.9,5.8,1.0,1.45,1.3,1.27,3,2,48.33,54.5,55.0,64.0,33.33,50.0,3,2,437.67,450.5,369.0,374.5,84.33,82.9,0.0,0.0,3,2,15.67,13.0,5.33,2.0,34.04,15.38,10.64,7.69,9.4,13.0,3,2,3.67,3.5,3.0,3.0,55.0,53.85,0.0,0.0,927,47,50,1,1,D
0.9,0.8,1.7,1.2,2.3,2.4,4.0,3.0,42.67,51.0,79.33,83.5,6.1,5.8,1.1,1.3,1.5,1.4,3,2,42.67,51.0,54.0,55.0,33.33,50.0,3,2,371.0,452.0,295.67,377.0,79.45,83.4,0.0,0.0,3,2,11.67,8.0,4.0,3.0,34.29,37.5,8.57,12.5,11.67,8.0,3,2,4.67,3.0,3.67,1.0,56.0,75.0,0.0,50.0,928,57,43,0,3,A
1.3,1.5,1.0,1.3,1.0,1.0,2.8,4.75,42.4,51.5,77.8,86.75,8.2,8.2,1.7,1.56,1.2,1.56,5,4,42.4,51.5,55.0,62.0,20.0,50.0,5,4,344.2,543.25,269.8,471.25,77.81,86.7,0.0,75.0,5,4,10.0,13.5,2.8,4.75,28.0,35.19,10.0,11.11,10.0,9.0,5,4,3.4,2.0,1.0,0.5,77.27,80.0,20.0,75.0,1657,88,80,1,1,D
0.3,1.6,0.5,1.6,1.9,1.4,3.33,6.25,39.33,62.0,79.0,88.75,6.7,6.6,0.6,2.0,1.0,1.89,3,4,39.33,62.0,53.0,76.0,33.33,75.0,3,4,336.67,630.5,266.67,563.5,78.72,88.69,0.0,75.0,3,4,8.67,12.5,3.33,6.25,38.46,50.0,15.38,24.0,6.5,4.17,3,4,5.67,2.75,1.67,1.0,77.27,73.33,0.0,25.0,236,30,24,3,1,H
1.9,1.5,1.4,1.2,1.2,1.0,4.0,3.0,58.5,40.33,90.25,78.33,6.1,6.5,1.9,1.3,1.9,0.9,4,3,58.5,40.33,66.0,58.0,75.0,33.33,4,3,567.75,320.0,512.25,252.33,90.26,78.38,100.0,0.0,4,3,11.0,11.67,4.0,3.0,36.36,25.71,13.64,8.57,7.33,11.67,4,3,1.25,2.67,0.0,1.33,100.0,66.67,100.0,33.33,1289,65,64,1,0,H
1.5,1.1,1.8,1.7,1.7,1.8,5.0,7.0,40.0,62.33,82.67,86.0,6.1,6.1,1.7,1.44,2.3,1.22,3,3,40.0,62.33,50.0,67.0,0.0,100.0,3,3,367.33,564.0,304.33,485.33,82.55,85.94,33.33,66.67,3,3,13.0,16.33,5.0,7.0,38.46,42.86,12.82,14.29,7.8,7.0,3,3,2.67,4.0,1.33,2.33,66.67,63.16,0.0,0.0,929,49,51,1,0,H
1.0,1.5,1.1,1.1,1.2,1.0,3.8,3.5,42.2,43.5,72.6,71.0,8.0,8.1,0.9,1.2,0.7,0.8,5,4,42.2,43.5,62.0,53.0,20.0,50.0,5,4,314.4,300.75,229.6,217.0,72.46,71.11,0.0,0.0,5,4,12.6,10.0,3.8,3.5,30.16,35.0,11.11,10.0,9.0,10.0,5,3,2.4,2.33,1.2,1.67,66.67,58.33,40.0,0.0,1658,90,97,0,2,A
0.7,2.8,1.2,2.9,2.2,1.1,3.5,9.33,44.75,67.67,78.0,91.67,6.8,8.3,1.4,2.6,1.4,2.7,4,3,44.75,67.67,59.0,76.0,50.0,100.0,4,3,350.0,726.33,276.5,668.67,77.97,91.81,0.0,100.0,4,3,11.5,17.67,3.5,9.33,30.43,52.83,2.17,24.53,46.0,4.08,4,3,4.0,2.33,1.75,0.67,69.57,77.78,25.0,33.33,237,39,28,1,6,A
0.8,2.6,1.0,1.8,1.7,0.6,4.0,3.67,40.33,60.0,79.67,86.33,6.5,6.5,1.0,1.56,0.8,1.11,3,3,40.33,60.0,47.0,73.0,0.0,66.67,3,3,343.33,515.67,277.33,446.67,79.75,86.26,33.33,66.67,3,3,16.0,16.33,4.0,3.67,25.0,22.45,2.08,2.04,48.0,49.0,3,3,1.67,1.67,2.0,0.67,45.45,71.43,33.33,66.67,1290,76,66,0,1,A
2.0,0.9,1.8,0.9,0.9,1.5,7.25,2.4,61.5,42.0,89.75,75.8,8.0,8.0,2.44,0.67,2.33,0.89,4,5,61.5,42.0,66.0,54.0,100.0,20.0,4,5,617.5,366.0,553.75,279.4,89.58,75.52,100.0,0.0,4,5,19.25,7.8,7.25,2.4,37.66,30.77,9.09,7.69,11.0,13.0,4,5,1.75,3.4,0.5,1.0,77.78,77.27,50.0,20.0,1659,89,86,3,2,H
1.7,2.0,2.5,1.9,1.6,1.0,5.0,4.5,61.33,50.75,84.0,84.5,8.2,6.6,2.11,1.67,2.67,1.89,3,4,61.33,50.75,62.0,58.0,100.0,50.0,3,4,473.0,427.0,398.67,362.0,84.22,84.67,33.33,50.0,3,4,17.33,11.5,5.0,4.5,28.85,39.13,7.69,13.04,13.0,7.67,3,4,2.33,4.0,0.33,1.5,87.5,72.73,66.67,0.0,238,29,27,2,1,H
0.9,0.5,1.0,0.7,1.2,2.2,3.0,2.0,51.67,54.67,78.0,80.67,6.6,6.5,1.1,0.2,1.2,0.8,3,3,51.67,54.67,65.0,70.0,33.33,66.67,3,3,386.0,451.0,303.0,371.67,78.16,80.49,0.0,33.33,3,3,15.0,6.33,3.0,2.0,20.0,31.58,2.22,10.53,45.0,9.5,3,3,2.67,2.0,0.67,1.0,80.0,66.67,33.33,33.33,1291,61,78,3,0,H
2.0,1.7,1.4,2.0,0.8,1.0,1.0,4.8,44.0,43.6,62.67,82.8,8.1,8.4,1.3,1.4,0.9,1.3,3,5,44.0,43.6,53.0,46.0,33.33,0.0,3,5,272.67,407.6,172.67,340.8,62.69,83.05,0.0,40.0,3,5,12.33,14.2,1.0,4.8,8.11,33.8,2.7,15.49,37.0,6.45,2,5,1.5,4.0,0.5,1.6,75.0,71.43,50.0,0.0,1660,92,83,1,2,A
1.0,1.8,1.5,1.4,1.2,1.1,3.33,6.0,40.0,48.33,77.33,80.33,6.6,6.7,1.33,1.3,1.11,1.2,3,3,40.0,48.33,54.0,50.0,33.33,0.0,3,3,364.0,425.33,285.33,343.33,77.64,79.98,0.0,33.33,3,3,10.0,14.33,3.33,6.0,33.33,41.86,6.67,11.63,15.0,8.6,3,3,2.0,2.67,1.33,2.33,60.0,53.33,33.33,33.33,239,33,34,2,4,A
1.6,1.6,1.4,2.0,1.0,0.8,7.0,5.33,61.33,52.0,84.67,86.0,5.8,6.1,1.9,2.6,1.5,2.6,3,3,61.33,52.0,68.0,58.0,100.0,66.67,3,3,482.33,446.33,409.33,385.0,84.73,86.37,33.33,66.67,3,3,15.67,15.67,7.0,5.33,44.68,34.04,6.38,10.64,15.67,9.4,3,3,3.67,3.0,1.0,2.0,78.57,60.0,33.33,33.33,1292,69,67,1,0,H
1.5,1.1,1.2,1.0,1.2,1.7,6.0,4.33,40.0,39.0,76.33,73.33,6.0,6.0,2.22,0.9,2.11,1.1,3,3,40.0,39.0,54.0,46.0,33.33,0.0,3,3,365.0,345.67,279.67,254.0,76.45,73.43,0.0,0.0,3,3,17.0,12.0,6.0,4.33,35.29,36.11,9.8,5.56,10.2,18.0,3,3,1.33,2.33,1.33,0.33,50.0,87.5,0.0,66.67,930,41,55,1,2,A
2.5,0.9,2.8,1.0,0.7,1.6,6.75,3.75,66.25,57.5,87.5,90.0,10.0,8.1,2.1,0.89,2.6,0.78,4,4,66.25,57.5,71.0,61.0,100.0,100.0,4,4,567.5,548.0,496.25,492.75,87.34,89.81,75.0,100.0,4,4,19.0,11.75,6.75,3.75,35.53,31.91,17.11,14.89,5.85,6.71,4,4,1.5,2.75,0.75,1.0,66.67,73.33,25.0,50.0,1661,79,93,4,1,H
1.1,1.2,1.0,1.3,1.6,1.4,4.0,6.0,43.33,45.0,80.0,81.33,6.6,6.6,1.11,0.78,1.22,1.22,3,3,43.33,45.0,54.0,48.0,33.33,0.0,3,3,369.67,376.0,298.67,306.67,80.17,81.4,33.33,0.0,3,3,9.33,16.33,4.0,6.0,42.86,36.73,3.57,10.2,28.0,9.8,3,3,3.67,3.33,2.33,1.67,61.11,66.67,0.0,33.33,240,21,31,0,3,A
1.1,0.6,1.3,0.6,1.3,2.2,4.33,4.0,53.67,47.33,84.67,82.67,6.4,6.6,1.7,0.33,1.5,0.44,3,3,53.67,47.33,65.0,69.0,66.67,33.33,3,3,471.33,406.67,400.0,341.0,84.92,83.0,66.67,33.33,3,3,11.67,8.67,4.33,4.0,37.14,46.15,8.57,7.69,11.67,13.0,3,3,3.33,3.0,2.0,3.33,62.5,47.37,0.0,0.0,241,35,25,1,0,H
0.9,1.2,1.4,1.1,2.1,1.8,5.0,3.67,38.0,37.33,79.0,76.67,6.5,6.6,0.4,0.6,0.5,1.0,3,3,38.0,37.33,49.0,46.0,0.0,0.0,3,3,331.33,321.67,264.33,250.67,78.87,77.01,0.0,0.0,3,3,13.67,9.33,5.0,3.67,36.59,39.29,14.63,17.86,6.83,5.6,3,3,4.0,4.0,1.67,0.33,70.59,92.31,33.33,66.67,242,36,26,3,2,H
1.0,1.7,1.5,1.4,1.6,0.8,5.0,5.0,61.33,45.0,88.33,77.5,6.1,5.9,1.5,1.6,2.1,1.7,3,2,61.33,45.0,70.0,54.0,100.0,50.0,3,2,596.67,332.5,528.33,259.0,88.31,77.84,100.0,0.0,3,2,14.0,12.5,5.0,5.0,35.71,40.0,14.29,16.0,7.0,6.25,3,2,1.67,6.0,0.67,2.0,71.43,75.0,66.67,0.0,931,46,45,3,1,H
2.0,1.5,1.7,1.2,1.0,1.1,5.0,2.67,61.0,35.0,89.33,73.67,5.8,6.6,2.56,1.3,2.0,1.2,3,3,61.0,35.0,67.0,44.0,100.0,0.0,3,3,527.0,283.33,470.67,214.0,89.27,73.63,100.0,0.0,3,3,13.67,7.33,5.0,2.67,36.59,36.36,19.51,18.18,5.12,5.5,3,3,3.33,4.0,0.67,0.67,83.33,85.71,66.67,33.33,1293,72,63,2,1,H
1.9,0.8,1.9,1.0,0.8,1.5,2.75,3.5,52.0,49.0,81.0,79.25,8.6,9.2,2.33,0.8,2.33,0.6,4,4,52.0,49.0,69.0,61.0,75.0,25.0,4,4,435.0,404.25,355.75,322.0,81.12,79.38,25.0,0.0,4,4,9.0,10.5,2.75,3.5,30.56,33.33,8.33,11.9,12.0,8.4,4,4,1.25,2.0,1.0,1.75,55.56,53.33,25.0,25.0,1662,81,96,0,0,D
1.6,1.3,1.4,1.0,1.8,1.3,3.0,3.4,48.5,46.8,81.25,81.2,6.8,8.6,1.6,0.89,1.6,0.78,4,5,48.5,46.8,58.0,55.0,50.0,40.0,4,5,425.25,385.0,348.25,312.0,81.26,81.11,25.0,0.0,4,5,10.75,11.0,3.0,3.4,27.91,30.91,6.98,5.45,14.33,18.33,4,5,2.5,4.0,1.75,0.8,58.82,83.33,0.0,40.0,1663,82,98,1,0,H
1.6,1.5,1.4,1.2,1.2,1.4,5.0,5.67,61.75,50.0,87.25,79.67,6.5,6.7,2.3,1.7,1.8,1.4,4,3,61.75,50.0,71.0,59.0,75.0,66.67,4,3,587.25,421.0,514.5,338.33,87.37,79.52,100.0,0.0,4,3,14.5,14.0,5.0,5.67,34.48,40.48,8.62,9.52,11.6,10.5,4,3,2.5,2.33,1.0,0.33,71.43,87.5,50.0,66.67,243,22,38,1,0,H
1.7,1.6,1.5,1.5,1.1,1.4,5.33,5.0,53.33,58.33,82.67,89.67,6.6,5.6,1.89,1.6,1.11,1.5,3,3,53.33,58.33,67.0,61.0,66.67,100.0,3,3,448.33,520.33,373.0,466.0,82.64,89.62,33.33,100.0,3,3,19.67,17.67,5.33,5.0,27.12,28.3,8.47,9.43,11.8,10.6,3,3,1.33,2.33,1.33,2.0,50.0,53.85,33.33,0.0,1294,62,60,2,1,H
1.9,1.4,1.7,1.2,1.3,1.0,3.5,6.0,51.5,54.0,84.0,84.0,7.9,7.9,1.78,1.4,1.67,1.6,4,4,51.5,54.0,64.0,60.0,50.0,75.0,4,4,483.0,482.0,407.25,404.25,84.04,83.88,25.0,25.0,4,4,14.75,16.5,3.5,6.0,23.73,36.36,5.08,4.55,19.67,22.0,4,4,1.75,3.5,0.75,1.5,70.0,70.0,50.0,25.0,1664,91,85,2,1,H
1.0,0.6,0.5,1.0,1.6,1.5,2.67,4.33,38.33,41.33,75.67,81.0,6.6,6.4,0.78,0.6,0.67,0.9,3,3,38.33,41.33,42.0,46.0,0.0,0.0,3,3,330.67,344.67,253.33,281.0,75.58,80.86,33.33,0.0,3,3,8.67,12.0,2.67,4.33,30.77,36.11,19.23,11.11,5.2,9.0,3,3,2.33,5.0,1.0,1.33,70.0,78.95,66.67,0.0,1295,71,75,0,0,D
1.6,1.7,1.7,1.5,1.4,1.0,5.33,5.33,58.0,48.0,88.33,83.67,6.6,6.5,1.44,1.1,1.78,1.1,3,3,58.0,48.0,67.0,58.0,66.67,33.33,3,3,474.0,422.67,419.0,354.67,88.13,83.7,100.0,33.33,3,3,12.33,10.67,5.33,5.33,43.24,50.0,16.22,15.62,6.17,6.4,3,3,1.67,5.0,1.67,1.0,50.0,83.33,0.0,33.33,1296,59,70,1,1,D
1.5,0.3,1.4,0.9,1.3,2.0,5.5,4.5,54.5,55.75,85.75,83.0,8.0,7.9,2.11,1.1,1.67,1.2,4,4,54.5,55.75,64.0,71.0,50.0,50.0,4,4,515.5,493.5,443.5,411.5,85.88,83.2,75.0,50.0,4,4,11.25,11.0,5.5,4.5,48.89,40.91,22.22,9.09,4.5,11.0,4,4,2.75,4.25,2.25,1.75,55.0,70.83,0.0,0.0,1665,87,84,1,1,D
1.0,1.1,0.9,1.0,1.6,1.4,3.33,2.75,45.0,42.75,79.67,80.5,7.2,7.2,1.1,1.2,1.3,1.0,3,4,45.0,42.75,48.0,52.0,0.0,25.0,3,4,351.33,370.75,279.67,299.0,79.55,80.56,0.0,0.0,3,4,10.67,13.25,3.33,2.75,31.25,20.75,9.38,9.43,10.67,10.6,3,4,3.33,3.0,3.0,1.5,52.63,66.67,0.0,25.0,598,5,12,1,0,H
1.9,1.6,1.5,1.5,0.7,1.3,5.67,4.25,50.0,51.25,83.33,82.75,6.9,7.2,2.22,1.89,1.78,1.78,3,4,50.0,51.25,61.0,55.0,66.67,75.0,3,4,401.33,433.75,342.0,360.0,83.44,82.72,66.67,50.0,3,4,12.67,14.5,5.67,4.25,44.74,29.31,13.16,6.9,7.6,14.5,3,4,3.0,3.0,0.33,1.0,90.0,75.0,66.67,0.0,599,8,4,2,1,H
1.7,1.5,2.3,1.6,1.6,1.4,6.0,5.5,42.75,54.0,78.25,86.5,7.2,7.1,2.3,1.33,2.0,1.22,4,4,42.75,54.0,53.0,56.0,50.0,100.0,4,4,373.75,527.75,294.5,457.75,78.13,86.49,0.0,50.0,4,4,14.5,13.25,6.0,5.5,41.38,41.51,6.9,9.43,14.5,10.6,4,4,2.5,1.75,0.5,1.25,83.33,58.33,50.0,50.0,600,19,1,1,0,H
1.8,1.7,1.7,1.7,1.7,1.0,3.0,4.75,39.0,41.5,71.33,82.75,7.0,6.8,1.78,1.7,2.22,1.7,3,4,39.0,41.5,61.0,46.0,33.33,0.0,3,4,312.33,396.75,231.0,328.25,71.38,82.73,0.0,50.0,3,4,8.67,11.25,3.0,4.75,34.62,42.22,15.38,13.33,6.5,7.5,3,4,4.0,5.5,0.67,1.5,85.71,78.57,33.33,0.0,601,2,17,2,1,H
1.4,0.2,1.9,1.0,1.3,2.9,5.0,2.0,46.33,35.75,77.0,79.0,7.4,7.1,1.4,0.89,1.2,1.11,3,4,46.33,35.75,53.0,49.0,33.33,0.0,3,4,381.67,313.5,293.33,250.25,76.8,79.14,0.0,25.0,3,4,15.33,6.25,5.0,2.0,32.61,32.0,10.87,8.0,9.2,12.5,3,4,5.67,3.25,1.33,1.75,80.95,65.0,0.0,25.0,602,3,18,1,2,A
0.3,2.2,0.9,1.8,3.1,0.7,3.75,3.75,62.5,54.0,89.0,81.75,7.4,6.8,0.3,2.33,0.7,1.78,4,4,62.5,54.0,78.0,67.0,75.0,75.0,4,4,601.5,494.5,536.0,405.5,89.0,81.63,100.0,0.0,4,4,12.0,14.25,3.75,3.75,31.25,26.32,2.08,7.02,48.0,14.25,4,4,4.5,3.0,2.0,1.75,69.23,63.16,0.0,0.0,603,7,16,1,1,D
1.7,0.3,2.3,0.3,1.4,2.3,6.25,3.5,62.25,41.75,90.75,79.75,7.2,7.3,1.56,0.4,2.0,0.6,4,4,62.25,41.75,75.0,58.0,100.0,25.0,4,4,640.0,383.75,583.0,313.0,90.83,79.75,100.0,25.0,4,4,16.5,8.75,6.25,3.5,37.88,40.0,16.67,14.29,6.0,7.0,4,4,2.5,3.5,0.75,1.75,76.92,66.67,25.0,0.0,604,14,10,2,0,H
2.0,1.6,1.9,1.3,1.4,1.4,5.0,4.75,60.75,50.5,85.75,85.0,7.0,6.2,1.67,0.7,1.33,0.7,4,4,60.75,50.5,69.0,73.0,75.0,25.0,4,4,523.25,442.75,448.25,380.0,85.66,84.86,100.0,25.0,4,4,16.75,13.25,5.0,4.75,29.85,35.85,8.96,13.21,11.17,7.57,4,4,2.5,1.75,0.5,1.5,83.33,53.85,50.0,0.0,605,15,20,0,3,A
2.4,1.7,2.2,1.7,0.8,1.1,5.25,3.0,60.25,35.25,86.5,75.5,5.8,6.6,2.6,1.1,2.4,0.6,4,4,60.25,35.25,69.0,47.0,75.0,0.0,4,4,560.0,296.0,485.25,223.25,86.52,75.42,50.0,0.0,4,4,15.5,10.75,5.25,3.0,33.87,27.91,11.29,9.3,8.86,10.75,4,4,2.25,3.25,0.25,3.25,90.0,50.0,75.0,0.0,606,6,9,1,0,H
1.4,1.0,1.5,1.4,1.4,1.5,6.0,6.67,57.0,69.0,88.33,87.67,7.1,7.2,2.22,1.33,2.11,2.0,3,3,57.0,69.0,63.0,71.0,66.67,100.0,3,3,525.0,593.33,464.67,520.67,88.4,87.48,100.0,66.67,3,3,12.33,16.0,6.0,6.67,48.65,41.67,18.92,12.5,5.29,8.0,3,3,2.33,1.33,1.67,1.0,58.33,57.14,0.0,33.33,607,13,11,1,0,H
2.0,2.3,1.1,2.5,0.3,1.3,2.0,7.67,54.5,69.67,82.5,88.67,6.9,6.9,1.67,2.0,0.67,1.67,2,3,54.5,69.67,64.0,71.0,50.0,100.0,2,3,450.5,704.33,374.5,628.33,82.9,88.91,0.0,100.0,2,3,13.0,16.67,2.0,7.67,15.38,46.0,7.69,22.0,13.0,4.55,2,3,3.5,1.0,3.0,1.0,53.85,50.0,0.0,33.33,932,50,40,1,3,A
1.7,1.1,1.6,1.1,1.0,1.9,4.5,3.67,50.75,37.33,84.5,76.67,7.4,7.4,2.3,0.6,1.8,1.2,4,3,50.75,37.33,58.0,46.0,50.0,0.0,4,3,427.0,321.67,362.0,250.67,84.67,77.01,50.0,0.0,4,3,11.5,9.33,4.5,3.67,39.13,39.29,13.04,17.86,7.67,5.6,4,3,4.0,4.0,1.5,0.33,72.73,92.31,0.0,66.67,244,27,26,1,2,A
1.2,1.4,1.1,1.3,1.1,1.3,3.0,2.67,40.33,35.0,78.33,73.67,7.3,7.5,1.78,1.3,1.33,1.1,3,3,40.33,35.0,58.0,44.0,33.33,0.0,3,3,320.0,283.33,252.33,214.0,78.38,73.63,0.0,0.0,3,3,11.67,7.33,3.0,2.67,25.71,36.36,8.57,18.18,11.67,5.5,3,3,2.67,4.0,1.33,0.67,66.67,85.71,33.33,33.33,1297,64,63,1,0,H
1.5,1.4,1.1,1.1,0.9,1.0,3.5,2.8,43.5,42.4,71.0,77.8,7.5,9.3,1.5,0.44,1.4,0.78,4,5,43.5,42.4,53.0,55.0,50.0,20.0,4,5,300.75,344.2,217.0,269.8,71.11,77.81,0.0,0.0,4,5,10.0,10.0,3.5,2.8,35.0,28.0,10.0,10.0,10.0,10.0,3,5,2.33,3.4,1.67,1.0,58.33,77.27,0.0,20.0,1666,97,88,0,4,A
1.7,2.1,1.7,1.6,1.1,0.7,3.0,5.67,35.25,50.0,75.5,83.33,7.3,8.2,1.4,2.0,1.6,2.0,4,3,35.25,50.0,47.0,61.0,0.0,66.67,4,3,296.0,401.33,223.25,342.0,75.42,83.44,0.0,66.67,4,3,10.75,12.67,3.0,5.67,27.91,44.74,9.3,13.16,10.75,7.6,4,3,3.25,3.0,3.25,0.33,50.0,90.0,0.0,66.67,608,9,8,1,1,D
0.6,1.0,1.0,1.1,2.0,1.3,3.75,3.8,57.5,42.2,90.0,72.6,7.4,7.4,1.4,0.8,1.8,1.4,4,5,57.5,42.2,61.0,62.0,100.0,20.0,4,5,548.0,314.4,492.75,229.6,89.81,72.46,100.0,0.0,4,5,11.75,12.6,3.75,3.8,31.91,30.16,14.89,11.11,6.71,9.0,4,5,2.75,2.4,1.0,1.2,73.33,66.67,50.0,40.0,1667,93,90,0,1,A
0.2,1.1,0.5,1.4,2.4,1.4,2.0,3.0,54.67,48.75,80.67,83.25,7.1,7.0,0.5,0.67,0.6,0.89,3,4,54.67,48.75,70.0,56.0,66.67,50.0,3,4,451.0,417.5,371.67,348.25,80.49,83.41,33.33,25.0,3,4,6.33,13.0,2.0,3.0,31.58,23.08,10.53,5.77,9.5,17.33,3,4,2.0,2.75,1.0,1.75,66.67,61.11,33.33,0.0,1298,78,77,1,3,A
1.5,1.3,1.2,1.6,1.0,1.3,6.0,5.0,40.0,61.33,76.33,88.33,7.1,7.2,1.89,1.0,1.89,1.2,3,3,40.0,61.33,54.0,70.0,33.33,100.0,3,3,365.0,596.67,279.67,528.33,76.45,88.31,0.0,100.0,3,3,17.0,14.0,6.0,5.0,35.29,35.71,9.8,14.29,10.2,7.0,3,3,1.33,1.67,1.33,0.67,50.0,71.43,0.0,66.67,933,41,46,1,4,A
1.7,0.6,1.5,1.3,1.0,2.4,5.0,4.0,45.0,42.67,77.5,79.33,7.1,7.0,2.33,0.4,1.78,1.4,2,3,45.0,42.67,54.0,54.0,50.0,33.33,2,3,332.5,371.0,259.0,295.67,77.84,79.45,0.0,0.0,2,3,12.5,11.67,5.0,4.0,40.0,34.29,16.0,8.57,6.25,11.67,2,3,6.0,4.67,2.0,3.67,75.0,56.0,0.0,0.0,934,45,57,1,1,D
1.2,1.3,1.2,1.3,1.0,1.5,3.33,5.33,56.0,48.33,84.33,84.33,6.9,6.9,1.8,1.2,1.9,0.9,3,3,56.0,48.33,68.0,55.0,66.67,33.33,3,3,533.67,437.67,453.33,369.0,84.23,84.33,33.33,0.0,3,3,12.0,15.67,3.33,5.33,27.78,34.04,11.11,10.64,9.0,9.4,3,3,4.67,3.67,0.67,3.0,87.5,55.0,66.67,0.0,935,52,47,3,1,H
0.9,0.8,1.3,1.5,1.9,1.8,3.67,7.0,40.67,62.33,72.67,86.0,7.0,7.0,1.1,1.44,1.0,1.22,3,3,40.67,62.33,46.0,67.0,0.0,100.0,3,3,343.33,564.0,249.67,485.33,72.63,85.94,0.0,66.67,3,3,12.67,16.33,3.67,7.0,28.95,42.86,2.63,14.29,38.0,7.0,3,3,3.67,4.0,1.67,2.33,68.75,63.16,0.0,0.0,936,53,51,0,4,A
0.8,2.1,0.9,2.1,1.6,1.1,5.0,9.33,38.0,60.33,74.67,88.33,7.0,6.8,0.7,2.2,0.8,2.2,3,3,38.0,60.33,39.0,63.0,0.0,100.0,3,3,330.33,606.33,246.67,535.67,74.72,88.28,0.0,100.0,3,3,10.33,23.67,5.0,9.33,48.39,39.44,25.81,12.68,3.88,7.89,3,3,1.67,3.33,1.33,2.0,55.56,62.5,66.67,0.0,937,54,48,0,1,A
1.1,1.1,0.9,1.9,1.1,1.5,2.75,5.0,42.75,46.33,80.5,77.0,8.4,8.6,1.1,1.8,1.0,2.5,4,3,42.75,46.33,52.0,53.0,25.0,33.33,4,3,370.75,381.67,299.0,293.33,80.56,76.8,0.0,0.0,4,3,13.25,15.33,2.75,5.0,20.75,32.61,9.43,10.87,10.6,9.2,4,3,3.0,5.67,1.5,1.33,66.67,80.95,25.0,0.0,609,12,3,2,2,D
2.0,1.9,1.7,1.8,0.7,1.6,3.75,5.0,54.0,60.75,81.75,85.75,9.0,8.4,1.2,1.6,1.4,1.9,4,4,54.0,60.75,67.0,69.0,75.0,75.0,4,4,494.5,523.25,405.5,448.25,81.63,85.66,0.0,100.0,4,4,14.25,16.75,3.75,5.0,26.32,29.85,7.02,8.96,14.25,11.17,4,4,3.0,2.5,1.75,0.5,63.16,83.33,0.0,50.0,610,16,15,2,1,H
0.4,1.3,1.0,1.0,2.8,1.3,2.0,3.33,35.75,45.0,79.0,79.67,8.4,8.1,0.4,1.3,0.8,1.5,4,3,35.75,45.0,49.0,48.0,0.0,0.0,4,3,313.5,351.33,250.25,279.67,79.14,79.55,25.0,0.0,4,3,6.25,10.67,2.0,3.33,32.0,31.25,8.0,9.38,12.5,10.67,4,3,3.25,3.33,1.75,3.0,65.0,52.63,25.0,0.0,611,18,5,1,2,A
2.0,1.8,1.9,1.4,1.0,1.7,7.25,3.0,61.5,48.5,89.75,81.25,8.2,7.4,2.44,0.67,2.44,1.11,4,4,61.5,48.5,66.0,58.0,100.0,50.0,4,4,617.5,425.25,553.75,348.25,89.58,81.26,100.0,25.0,4,4,19.25,10.75,7.25,3.0,37.66,27.91,9.09,6.98,11.0,14.33,4,4,1.75,2.5,0.5,1.75,77.78,58.82,50.0,0.0,1668,89,82,1,2,A
2.8,0.8,3.3,0.7,1.1,1.8,9.33,4.0,67.67,43.33,91.67,80.0,7.1,7.3,2.6,1.4,2.6,1.0,3,3,67.67,43.33,76.0,54.0,100.0,33.33,3,3,726.33,369.67,668.67,298.67,91.81,80.17,100.0,33.33,3,3,17.67,9.33,9.33,4.0,52.83,42.86,24.53,3.57,4.08,28.0,3,3,2.33,3.67,0.67,2.33,77.78,61.11,33.33,0.0,245,28,21,1,0,H
0.7,2.0,1.0,1.6,1.4,1.0,4.33,5.0,41.33,61.0,81.0,89.33,7.4,6.7,1.1,2.0,1.4,2.3,3,3,41.33,61.0,46.0,67.0,0.0,100.0,3,3,344.67,527.0,281.0,470.67,80.86,89.27,0.0,100.0,3,3,12.0,13.67,4.33,5.0,36.11,36.59,11.11,19.51,9.0,5.12,3,3,5.0,3.33,1.33,0.67,78.95,83.33,0.0,66.67,1299,75,72,2,2,D
1.6,1.7,1.4,2.1,1.3,1.6,4.75,6.0,50.5,42.75,85.0,78.25,8.3,8.1,2.0,1.5,1.8,1.8,4,4,50.5,42.75,73.0,53.0,25.0,50.0,4,4,442.75,373.75,380.0,294.5,84.86,78.13,25.0,0.0,4,4,13.25,14.5,4.75,6.0,35.85,41.38,13.21,6.9,7.57,14.5,4,4,1.75,2.5,1.5,0.5,53.85,83.33,0.0,50.0,612,20,19,2,1,H
1.0,1.5,1.2,1.5,2.1,1.6,3.0,5.0,51.0,40.0,83.5,82.67,6.9,7.1,1.2,1.67,1.8,1.78,2,3,51.0,40.0,55.0,50.0,50.0,0.0,2,3,452.0,367.33,377.0,304.33,83.4,82.55,0.0,33.33,2,3,8.0,13.0,3.0,5.0,37.5,38.46,12.5,12.82,8.0,7.8,2,3,3.0,2.67,1.0,1.33,75.0,66.67,50.0,0.0,938,43,49,2,0,H
1.0,1.6,0.9,1.4,1.4,1.2,3.4,5.5,46.8,54.5,81.2,85.75,9.5,7.6,1.64,0.7,1.18,1.0,5,4,46.8,54.5,55.0,64.0,40.0,50.0,5,4,385.0,515.5,312.0,443.5,81.11,85.88,0.0,75.0,5,4,11.0,11.25,3.4,5.5,30.91,48.89,5.45,22.22,18.33,4.5,5,4,4.0,2.75,0.8,2.25,83.33,55.0,40.0,0.0,1669,98,87,1,2,A
1.8,1.9,1.6,2.5,1.2,1.5,6.0,5.0,48.33,61.33,80.33,84.0,7.4,7.4,1.67,0.9,1.78,1.3,3,3,48.33,61.33,50.0,62.0,0.0,100.0,3,3,425.33,473.0,343.33,398.67,79.98,84.22,33.33,33.33,3,3,14.33,17.33,6.0,5.0,41.86,28.85,11.63,7.69,8.6,13.0,3,3,2.67,2.33,2.33,0.33,53.33,87.5,33.33,66.67,246,34,29,2,1,H
1.6,1.8,1.6,1.4,1.4,0.9,5.0,7.0,58.33,61.33,89.67,84.67,6.8,6.6,1.7,1.11,1.3,1.11,3,3,58.33,61.33,61.0,68.0,100.0,100.0,3,3,520.33,482.33,466.0,409.33,89.62,84.73,100.0,33.33,3,3,17.67,15.67,5.0,7.0,28.3,44.68,9.43,6.38,10.6,15.67,3,3,2.33,3.67,2.0,1.0,53.85,78.57,0.0,33.33,1300,60,69,2,2,D
2.8,2.2,3.1,1.9,0.6,1.3,6.75,3.5,66.25,51.5,87.5,84.0,9.6,7.4,2.18,1.6,2.73,1.5,4,4,66.25,51.5,71.0,64.0,100.0,50.0,4,4,567.5,483.0,496.25,407.25,87.34,84.04,75.0,25.0,4,4,19.0,14.75,6.75,3.5,35.53,23.73,17.11,5.08,5.85,19.67,4,4,1.5,1.75,0.75,0.75,66.67,70.0,25.0,50.0,1670,79,91,1,1,D
1.7,1.8,2.3,1.5,1.5,1.2,4.67,5.0,46.33,61.75,81.0,87.25,7.2,7.4,2.22,1.1,2.22,1.1,3,4,46.33,61.75,52.0,71.0,33.33,75.0,3,4,394.67,587.25,320.67,514.5,80.91,87.37,0.0,100.0,3,4,12.33,14.5,4.67,5.0,37.84,34.48,10.81,8.62,9.25,11.6,3,4,4.67,2.5,2.67,1.0,63.64,71.43,0.0,50.0,247,23,22,2,1,H
0.5,0.6,0.7,0.5,1.7,1.0,4.0,3.33,40.33,40.0,79.67,80.33,7.4,7.2,0.7,0.44,0.7,0.67,3,3,40.33,40.0,47.0,45.0,0.0,0.0,3,3,343.33,337.67,277.33,271.0,79.75,80.3,33.33,0.0,3,3,16.0,10.67,4.0,3.33,25.0,31.25,2.08,3.12,48.0,32.0,3,3,1.67,5.33,2.0,1.33,45.45,80.0,33.33,33.33,1301,76,74,1,1,D
0.4,1.0,0.9,1.0,1.9,1.8,4.5,2.0,55.75,58.0,83.0,78.25,7.5,7.1,1.22,1.0,1.22,0.9,4,4,55.75,58.0,71.0,66.0,50.0,75.0,4,4,493.5,407.75,411.5,325.0,83.2,78.25,50.0,25.0,4,4,11.0,7.5,4.5,2.0,40.91,26.67,9.09,10.0,11.0,10.0,4,4,4.25,2.25,1.75,1.0,70.83,69.23,0.0,50.0,1671,84,94,1,3,A
1.2,0.7,1.0,1.2,1.4,2.6,5.67,3.5,50.0,44.75,79.67,78.0,7.4,7.3,1.2,0.5,1.2,1.0,3,4,50.0,44.75,59.0,59.0,66.67,50.0,3,4,421.0,350.0,338.33,276.5,79.52,77.97,0.0,0.0,3,4,14.0,11.5,5.67,3.5,40.48,30.43,9.52,2.17,10.5,46.0,3,4,2.33,4.0,0.33,1.75,87.5,69.57,66.67,25.0,248,38,39,1,0,H
1.5,2.6,1.4,2.2,1.3,0.7,4.25,5.25,51.25,60.25,82.75,86.5,8.2,7.4,1.3,2.2,1.3,2.8,4,4,51.25,60.25,55.0,69.0,75.0,75.0,4,4,433.75,560.0,360.0,485.25,82.72,86.52,50.0,50.0,4,4,14.5,15.5,4.25,5.25,29.31,33.87,6.9,11.29,14.5,8.86,4,4,3.0,2.25,1.0,0.25,75.0,90.0,0.0,75.0,613,4,6,3,2,H
1.0,0.4,1.3,1.0,1.4,2.7,6.67,3.75,69.0,62.5,87.67,89.0,8.5,8.6,0.6,0.5,1.5,0.8,3,4,69.0,62.5,71.0,78.0,100.0,75.0,3,4,593.33,601.5,520.67,536.0,87.48,89.0,66.67,100.0,3,4,16.0,12.0,6.67,3.75,41.67,31.25,12.5,2.08,8.0,48.0,3,4,1.33,4.5,1.0,2.0,57.14,69.23,33.33,0.0,614,11,7,3,1,H
1.4,1.6,1.3,1.5,1.2,1.3,4.75,6.0,41.5,57.0,82.75,88.33,8.4,8.5,1.1,1.1,1.5,1.4,4,3,41.5,57.0,46.0,63.0,0.0,66.67,4,3,396.75,525.0,328.25,464.67,82.73,88.4,50.0,100.0,4,3,11.25,12.33,4.75,6.0,42.22,48.65,13.33,18.92,7.5,5.29,4,3,5.5,2.33,1.5,1.67,78.57,58.33,0.0,0.0,615,17,13,0,0,D
1.7,1.1,1.5,0.5,1.0,1.4,5.33,2.67,48.0,38.33,83.67,75.67,7.4,7.4,1.3,1.3,0.8,1.0,3,3,48.0,38.33,58.0,42.0,33.33,0.0,3,3,422.67,330.67,354.67,253.33,83.7,75.58,33.33,33.33,3,3,10.67,8.67,5.33,2.67,50.0,30.77,15.62,19.23,6.4,5.2,3,3,5.0,2.33,1.0,1.0,83.33,70.0,33.33,66.67,1302,70,71,1,1,D
0.3,1.1,0.5,1.2,2.2,1.1,2.75,3.0,32.75,51.67,73.0,78.0,7.3,7.3,0.56,0.6,0.56,0.8,4,3,32.75,51.67,38.0,65.0,0.0,33.33,4,3,278.0,386.0,203.75,303.0,73.02,78.16,0.0,0.0,4,3,9.0,15.0,2.75,3.0,30.56,20.0,8.33,2.22,12.0,45.0,4,3,3.25,2.67,0.5,0.67,86.67,80.0,50.0,33.33,1303,73,61,0,0,D
1.1,1.9,1.0,1.8,1.2,1.4,2.0,6.67,61.0,49.0,80.0,81.67,6.9,7.0,1.1,1.7,0.8,1.7,2,3,61.0,49.0,61.0,61.0,100.0,33.33,2,3,568.0,480.0,451.5,393.0,79.53,81.59,0.0,0.0,2,3,9.5,14.67,2.0,6.67,21.05,45.45,0.0,11.36,0.0,8.8,2,3,2.5,5.0,1.5,2.0,62.5,71.43,0.0,33.33,939,56,44,1,1,D
1.3,1.3,1.2,1.3,1.1,1.1,6.0,4.75,54.0,51.5,84.0,86.75,7.3,7.3,1.11,1.56,0.78,1.56,4,4,54.0,51.5,60.0,62.0,75.0,50.0,4,4,482.0,543.25,404.25,471.25,83.88,86.7,25.0,75.0,4,4,16.5,13.5,6.0,4.75,36.36,35.19,4.55,11.11,22.0,9.0,4,4,3.5,2.0,1.5,0.5,70.0,80.0,25.0,75.0,1672,85,80,1,2,A
0.6,1.2,0.5,1.6,2.0,2.1,4.0,5.0,47.33,38.0,82.67,79.0,7.2,7.3,0.73,1.22,1.0,1.56,3,3,47.33,38.0,69.0,49.0,33.33,0.0,3,3,406.67,331.33,341.0,264.33,83.0,78.87,33.33,0.0,3,3,8.67,13.67,4.0,5.0,46.15,36.59,7.69,14.63,13.0,6.83,3,3,3.0,4.0,3.33,1.67,47.37,70.59,0.0,33.33,249,25,36,0,2,A
0.6,2.3,0.6,1.5,1.6,0.6,3.33,5.67,39.33,56.67,79.0,83.67,7.2,7.3,0.6,1.45,0.9,1.27,3,3,39.33,56.67,53.0,60.0,33.33,100.0,3,3,336.67,483.67,266.67,405.33,78.72,83.72,0.0,33.33,3,3,8.67,12.33,3.33,5.67,38.46,45.95,15.38,18.92,6.5,5.29,3,3,5.67,5.33,1.67,2.0,77.27,72.73,0.0,0.0,250,30,32,0,1,A
1.5,1.3,1.5,1.4,1.2,1.3,6.0,4.33,45.0,53.67,81.33,84.67,7.2,7.4,1.5,1.0,1.3,1.44,3,3,45.0,53.67,48.0,65.0,0.0,66.67,3,3,376.0,471.33,306.67,400.0,81.4,84.92,0.0,66.67,3,3,16.33,11.67,6.0,4.33,36.73,37.14,10.2,8.57,9.8,11.67,3,3,3.33,3.33,1.67,2.0,66.67,62.5,33.33,0.0,251,31,35,0,1,A
1.4,1.7,1.4,2.1,1.3,1.3,5.5,6.25,54.0,62.25,86.5,90.75,8.2,8.4,1.3,1.1,1.7,1.6,4,4,54.0,62.25,56.0,75.0,100.0,100.0,4,4,527.75,640.0,457.75,583.0,86.49,90.83,50.0,100.0,4,4,13.25,16.5,5.5,6.25,41.51,37.88,9.43,16.67,10.6,6.0,4,4,1.75,2.5,1.25,0.75,58.33,76.92,50.0,25.0,616,1,14,0,0,D
1.4,1.1,1.2,1.1,1.6,1.2,4.33,3.67,39.0,45.0,73.33,74.67,7.0,7.2,0.8,1.7,0.7,1.8,3,3,39.0,45.0,46.0,60.0,0.0,33.33,3,3,345.67,360.33,254.0,274.33,73.43,74.63,0.0,0.0,3,3,12.0,13.67,4.33,3.67,36.11,26.83,5.56,12.2,18.0,8.2,3,3,2.33,5.0,0.33,1.67,87.5,75.0,66.67,33.33,940,55,42,1,0,H
1.5,1.6,1.9,1.7,0.8,1.4,5.33,5.33,52.0,58.0,86.0,88.33,7.1,7.6,1.44,1.9,1.22,1.2,3,3,52.0,58.0,58.0,67.0,66.67,66.67,3,3,446.33,474.0,385.0,419.0,86.37,88.13,66.67,100.0,3,3,15.67,12.33,5.33,5.33,34.04,43.24,10.64,16.22,9.4,6.17,3,3,3.0,1.67,2.0,1.67,60.0,50.0,33.33,0.0,1304,67,59,0,1,A
0.1,1.7,0.6,1.3,2.8,0.9,1.0,1.0,42.25,44.0,83.0,62.67,7.2,7.2,0.89,1.6,0.56,1.1,4,3,42.25,44.0,59.0,53.0,25.0,33.33,4,3,371.5,272.67,310.25,172.67,82.86,62.69,25.0,0.0,4,3,9.0,12.33,1.0,1.0,11.11,8.11,2.78,2.7,36.0,37.0,4,2,3.25,1.5,2.5,0.5,56.52,75.0,50.0,50.0,1673,95,92,0,4,A
1.3,1.0,1.5,1.6,1.6,1.4,6.25,3.33,62.0,40.0,88.75,77.33,7.2,7.2,1.7,1.7,2.0,1.7,4,3,62.0,40.0,76.0,54.0,75.0,33.33,4,3,630.5,364.0,563.5,285.33,88.69,77.64,75.0,0.0,4,3,12.5,10.0,6.25,3.33,50.0,33.33,24.0,6.67,4.17,15.0,4,3,2.75,2.0,1.0,1.33,73.33,60.0,25.0,33.33,252,24,33,3,2,H
2.8,2.1,1.7,1.4,0.4,1.1,3.67,4.0,60.0,58.5,86.33,90.25,7.2,7.1,2.2,1.6,2.4,1.1,3,4,60.0,58.5,73.0,66.0,66.67,75.0,3,4,515.67,567.75,446.67,512.25,86.26,90.26,66.67,100.0,3,4,16.33,11.0,3.67,4.0,22.45,36.36,2.04,13.64,49.0,7.33,3,4,1.67,1.25,0.67,0.0,71.43,100.0,66.67,100.0,1305,66,65,1,1,D
1.7,1.7,1.7,1.7,0.9,0.7,4.8,2.75,43.6,52.0,82.8,81.0,9.5,9.4,1.44,1.7,2.11,1.2,5,4,43.6,52.0,46.0,69.0,0.0,75.0,5,4,407.6,435.0,340.8,355.75,83.05,81.12,40.0,25.0,5,4,14.2,9.0,4.8,2.75,33.8,30.56,15.49,8.33,6.45,12.0,5,4,4.0,1.25,1.6,1.0,71.43,55.56,0.0,25.0,1674,83,81,0,0,D
2.3,1.7,1.8,1.5,0.8,1.2,4.0,5.33,64.75,53.33,85.75,82.67,6.6,7.2,2.5,1.9,2.5,1.7,4,3,64.75,53.33,74.0,67.0,100.0,66.67,4,3,542.25,448.33,464.5,373.0,85.64,82.64,50.0,33.33,4,3,14.5,19.67,4.0,5.33,27.59,27.12,6.9,8.47,14.5,11.8,4,3,1.75,1.33,1.75,1.33,50.0,50.0,0.0,33.33,1306,68,62,1,1,D
0.3,1.8,0.2,1.7,2.3,1.8,3.5,3.0,41.75,39.0,79.75,71.33,8.3,8.8,0.4,1.9,0.6,1.8,4,3,41.75,39.0,58.0,61.0,25.0,33.33,4,3,383.75,312.33,313.0,231.0,79.75,71.38,25.0,0.0,4,3,8.75,8.67,3.5,3.0,40.0,34.62,14.29,15.38,7.0,6.5,4,3,3.5,4.0,1.75,0.67,66.67,85.71,0.0,33.33,617,10,2,0,3,A
0.8,0.9,1.0,1.0,1.7,1.4,2.4,3.5,42.0,49.0,75.8,79.25,7.3,7.3,1.3,0.8,1.3,0.5,5,4,42.0,49.0,54.0,61.0,20.0,25.0,5,4,366.0,404.25,279.4,322.0,75.52,79.38,0.0,0.0,5,4,7.8,10.5,2.4,3.5,30.77,33.33,7.69,11.9,13.0,8.4,5,4,3.4,2.0,1.0,1.75,77.27,53.33,20.0,25.0,1675,86,96,1,1,D
1.1,1.4,0.9,1.2,1.0,0.8,3.67,3.33,45.0,56.0,74.67,84.33,7.7,7.3,1.4,0.7,1.6,1.1,3,3,45.0,56.0,60.0,68.0,33.33,66.67,3,3,360.33,533.67,274.33,453.33,74.63,84.23,0.0,33.33,3,3,13.67,12.0,3.67,3.33,26.83,27.78,12.2,11.11,8.2,9.0,3,3,5.0,4.67,1.67,0.67,75.0,87.5,33.33,66.67,941,42,52,2,3,A
1.5,0.5,1.0,0.5,1.2,1.6,5.67,3.33,50.0,39.33,79.67,79.0,7.4,7.2,1.36,0.67,1.18,0.56,3,3,50.0,39.33,59.0,53.0,66.67,33.33,3,3,421.0,336.67,338.33,266.67,79.52,78.72,0.0,0.0,3,3,14.0,8.67,5.67,3.33,40.48,38.46,9.52,15.38,10.5,6.5,3,3,2.33,5.67,0.33,1.67,87.5,77.27,66.67,0.0,253,38,30,0,2,A
1.4,1.4,1.2,1.5,1.0,1.4,2.67,5.0,35.0,58.33,73.67,89.67,7.1,6.7,1.22,1.33,1.22,1.33,3,3,35.0,58.33,44.0,61.0,0.0,100.0,3,3,283.33,520.33,214.0,466.0,73.63,89.62,0.0,100.0,3,3,7.33,17.67,2.67,5.0,36.36,28.3,18.18,9.43,5.5,10.6,3,3,4.0,2.33,0.67,2.0,85.71,53.85,33.33,0.0,1307,63,60,0,4,A
1.8,1.0,1.5,1.1,1.8,1.2,3.0,6.0,48.5,54.0,81.25,84.0,7.1,7.3,1.9,1.4,1.5,1.6,4,4,48.5,54.0,58.0,60.0,50.0,75.0,4,4,425.25,482.0,348.25,404.25,81.26,83.88,25.0,25.0,4,4,10.75,16.5,3.0,6.0,27.91,36.36,6.98,4.55,14.33,22.0,4,4,2.5,3.5,1.75,1.5,58.82,70.0,0.0,25.0,1676,82,85,1,0,H
1.7,2.2,1.9,1.8,1.1,0.7,6.25,3.75,62.25,54.0,90.75,81.75,7.7,8.6,1.7,2.33,2.0,1.67,4,4,62.25,54.0,75.0,67.0,100.0,75.0,4,4,640.0,494.5,583.0,405.5,90.83,81.63,100.0,0.0,4,4,16.5,14.25,6.25,3.75,37.88,26.32,16.67,7.02,6.0,14.25,4,4,2.5,3.0,0.75,1.75,76.92,63.16,25.0,0.0,618,14,16,5,2,H
1.3,1.0,1.3,1.0,1.8,1.2,2.0,3.4,58.0,46.8,78.25,81.2,7.2,7.1,1.9,0.89,1.1,0.67,4,5,58.0,46.8,66.0,55.0,75.0,40.0,4,5,407.75,385.0,325.0,312.0,78.25,81.11,25.0,0.0,4,5,7.5,11.0,2.0,3.4,26.67,30.91,10.0,5.45,10.0,18.33,4,5,2.25,4.0,1.0,0.8,69.23,83.33,50.0,40.0,1677,94,98,0,2,A
0.6,0.2,0.5,0.5,1.0,2.4,3.33,2.0,40.0,54.67,80.33,80.67,7.2,7.3,0.73,0.2,0.64,0.8,3,3,40.0,54.67,45.0,70.0,0.0,66.67,3,3,337.67,451.0,271.0,371.67,80.3,80.49,0.0,33.33,3,3,10.67,6.33,3.33,2.0,31.25,31.58,3.12,10.53,32.0,9.5,3,3,5.33,2.0,1.33,1.0,80.0,66.67,33.33,33.33,1308,74,78,1,0,H
2.0,1.5,1.8,1.3,1.2,1.0,6.67,6.0,49.0,40.0,81.67,76.33,7.4,7.4,1.7,1.0,1.7,0.7,3,3,49.0,40.0,61.0,54.0,33.33,33.33,3,3,480.0,365.0,393.0,279.67,81.59,76.45,0.0,0.0,3,3,14.67,17.0,6.67,6.0,45.45,35.29,11.36,9.8,8.8,10.2,3,3,5.0,1.33,2.0,1.33,71.43,50.0,33.33,0.0,942,44,41,1,2,A
1.0,1.8,1.1,1.5,1.7,0.9,5.33,5.0,48.33,45.0,84.33,77.5,7.3,7.2,0.8,1.45,1.1,1.64,3,2,48.33,45.0,55.0,54.0,33.33,50.0,3,2,437.67,332.5,369.0,259.0,84.33,77.84,0.0,0.0,3,2,15.67,12.5,5.33,5.0,34.04,40.0,10.64,16.0,9.4,6.25,3,2,3.67,6.0,3.0,2.0,55.0,75.0,0.0,0.0,943,47,45,2,0,H
2.1,1.4,1.9,1.1,1.0,1.5,9.33,4.33,60.33,39.0,88.33,73.33,7.2,7.4,2.3,0.9,2.2,1.1,3,3,60.33,39.0,63.0,46.0,100.0,0.0,3,3,606.33,345.67,535.67,254.0,88.28,73.43,100.0,0.0,3,3,23.67,12.0,9.33,4.33,39.44,36.11,12.68,5.56,7.89,18.0,3,3,3.33,2.33,2.0,0.33,62.5,87.5,0.0,66.67,944,48,55,0,0,D
0.8,1.7,1.0,1.0,2.0,0.6,3.67,2.0,40.67,54.5,72.67,82.5,7.5,7.2,1.1,1.55,1.0,1.27,3,2,40.67,54.5,46.0,64.0,0.0,50.0,3,2,343.33,450.5,249.67,374.5,72.63,82.9,0.0,0.0,3,2,12.67,13.0,3.67,2.0,28.95,15.38,2.63,7.69,38.0,13.0,3,2,3.67,3.5,1.67,3.0,68.75,53.85,0.0,0.0,945,53,50,1,2,A
0.7,0.9,1.3,0.9,2.2,1.3,4.0,2.0,42.67,61.0,79.33,80.0,7.3,7.4,1.1,1.0,1.5,0.9,3,2,42.67,61.0,54.0,61.0,33.33,100.0,3,2,371.0,568.0,295.67,451.5,79.45,79.53,0.0,0.0,3,2,11.67,9.5,4.0,2.0,34.29,21.05,8.57,0.0,11.67,0.0,3,2,4.67,2.5,3.67,1.5,56.0,62.5,0.0,0.0,946,57,56,1,2,A
0.4,1.6,1.0,1.5,2.7,1.4,3.75,4.75,62.5,50.5,89.0,85.0,7.7,7.4,0.1,1.11,0.7,1.0,4,4,62.5,50.5,78.0,73.0,75.0,25.0,4,4,601.5,442.75,536.0,380.0,89.0,84.86,100.0,25.0,4,4,12.0,13.25,3.75,4.75,31.25,35.85,2.08,13.21,48.0,7.57,4,4,4.5,1.75,2.0,1.5,69.23,53.85,0.0,0.0,619,7,20,0,3,A
1.6,0.3,1.7,0.2,1.8,2.4,5.0,3.5,60.75,41.75,85.75,79.75,7.4,7.7,1.33,0.33,1.11,0.56,4,4,60.75,41.75,69.0,58.0,75.0,25.0,4,4,523.25,383.75,448.25,313.0,85.66,79.75,100.0,25.0,4,4,16.75,8.75,5.0,3.5,29.85,40.0,8.96,14.29,11.17,7.0,4,4,2.5,3.5,0.5,1.75,83.33,66.67,50.0,0.0,620,15,10,2,2,D
1.6,1.5,2.1,1.5,1.7,1.0,6.0,3.0,42.75,35.25,78.25,75.5,7.6,7.2,2.56,1.11,1.89,0.67,4,4,42.75,35.25,53.0,47.0,50.0,0.0,4,4,373.75,296.0,294.5,223.25,78.13,75.42,0.0,0.0,4,4,14.5,10.75,6.0,3.0,41.38,27.91,6.9,9.3,14.5,10.75,4,4,2.5,3.25,0.5,3.25,83.33,50.0,50.0,0.0,621,19,9,0,1,A
1.9,0.4,1.6,0.9,0.8,1.8,1.0,4.5,44.0,55.75,62.67,83.0,7.3,7.3,1.2,0.9,0.9,1.0,3,4,44.0,55.75,53.0,71.0,33.33,50.0,3,4,272.67,493.5,172.67,411.5,62.69,83.2,0.0,50.0,3,4,12.33,11.0,1.0,4.5,8.11,40.91,2.7,9.09,37.0,11.0,2,4,1.5,4.25,0.5,1.75,75.0,70.83,50.0,0.0,1678,92,84,1,3,A
1.9,1.5,2.5,1.7,1.5,1.7,5.0,6.25,61.33,62.0,84.0,88.75,7.3,7.3,2.33,1.67,2.89,1.44,3,4,61.33,62.0,62.0,76.0,100.0,75.0,3,4,473.0,630.5,398.67,563.5,84.22,88.69,33.33,75.0,3,4,17.33,12.5,5.0,6.25,28.85,50.0,7.69,24.0,13.0,4.17,3,4,2.33,2.75,0.33,1.0,87.5,73.33,66.67,25.0,254,29,24,3,0,H
1.8,0.9,1.4,0.8,1.2,1.0,5.0,3.0,61.0,51.67,89.33,78.0,6.7,7.3,2.56,0.7,2.11,0.7,3,3,61.0,51.67,67.0,65.0,100.0,33.33,3,3,527.0,386.0,470.67,303.0,89.27,78.16,100.0,0.0,3,3,13.67,15.0,5.0,3.0,36.59,20.0,19.51,2.22,5.12,45.0,3,3,3.33,2.67,0.67,0.67,83.33,80.0,66.67,33.33,1309,72,61,3,1,H
1.9,1.4,1.5,1.1,0.7,1.0,5.67,4.75,50.0,41.5,83.33,82.75,7.4,7.7,2.3,1.7,1.8,1.7,3,4,50.0,41.5,61.0,46.0,66.67,0.0,3,4,401.33,396.75,342.0,328.25,83.44,82.73,66.67,50.0,3,4,12.67,11.25,5.67,4.75,44.74,42.22,13.16,13.33,7.6,7.5,3,4,3.0,5.5,0.33,1.5,90.0,78.57,66.67,0.0,622,8,17,1,1,D
2.3,1.6,2.5,2.0,1.2,1.2,7.67,5.0,69.67,61.33,88.67,88.33,7.3,7.4,2.73,1.3,3.55,1.5,3,3,69.67,61.33,71.0,70.0,100.0,100.0,3,3,704.33,596.67,628.33,528.33,88.91,88.31,100.0,100.0,3,3,16.67,14.0,7.67,5.0,46.0,35.71,22.0,14.29,4.55,7.0,3,3,1.0,1.67,1.0,0.67,50.0,71.43,33.33,66.67,947,40,46,2,2,D
1.9,1.6,1.5,1.4,1.1,0.9,5.5,2.8,54.5,42.4,85.75,77.8,7.2,7.9,2.22,0.7,1.67,1.1,4,5,54.5,42.4,64.0,55.0,50.0,20.0,4,5,515.5,344.2,443.5,269.8,85.88,77.81,75.0,0.0,4,5,11.25,10.0,5.5,2.8,48.89,28.0,22.22,10.0,4.5,10.0,4,5,2.75,3.4,2.25,1.0,55.0,77.27,0.0,20.0,1679,87,88,0,2,A
0.9,1.5,1.8,1.4,1.7,1.3,3.33,5.0,40.0,61.75,77.33,87.25,7.3,7.3,1.22,1.0,1.22,1.2,3,4,40.0,61.75,54.0,71.0,33.33,75.0,3,4,364.0,587.25,285.33,514.5,77.64,87.37,0.0,100.0,3,4,10.0,14.5,3.33,5.0,33.33,34.48,6.67,8.62,15.0,11.6,3,4,2.0,2.5,1.33,1.0,60.0,71.43,33.33,50.0,255,33,22,1,2,A
1.9,0.6,1.3,0.7,1.2,1.4,4.0,4.0,58.5,40.33,90.25,79.67,7.6,7.3,2.1,1.11,1.8,1.11,4,3,58.5,40.33,66.0,47.0,75.0,0.0,4,3,567.75,343.33,512.25,277.33,90.26,79.75,100.0,33.33,4,3,11.0,16.0,4.0,4.0,36.36,25.0,13.64,2.08,7.33,48.0,4,3,1.25,1.67,0.0,2.0,100.0,45.45,100.0,33.33,1310,65,76,2,1,H
0.6,2.8,1.0,3.1,1.8,0.6,2.4,6.75,42.0,66.25,75.8,87.5,7.5,7.4,1.27,2.0,1.27,2.67,5,4,42.0,66.25,54.0,71.0,20.0,100.0,5,4,366.0,567.5,279.4,496.25,75.52,87.34,0.0,75.0,5,4,7.8,19.0,2.4,6.75,30.77,35.53,7.69,17.11,13.0,5.85,5,4,3.4,1.5,1.0,0.75,77.27,66.67,20.0,25.0,1680,86,79,0,1,A
2.5,1.7,1.5,1.6,0.5,1.0,5.67,4.5,56.67,50.75,83.67,84.5,7.4,7.3,2.22,1.56,1.89,1.89,3,4,56.67,50.75,60.0,58.0,100.0,50.0,3,4,483.67,427.0,405.33,362.0,83.72,84.67,33.33,50.0,3,4,12.33,11.5,5.67,4.5,45.95,39.13,18.92,13.04,5.29,7.67,3,4,5.33,4.0,2.0,1.5,72.73,72.73,0.0,0.0,256,32,27,2,2,D
1.5,2.3,1.7,1.8,0.6,0.8,5.33,4.0,52.0,64.75,86.0,85.75,7.4,6.8,1.3,1.44,1.1,1.11,3,4,52.0,64.75,58.0,74.0,66.67,100.0,3,4,446.33,542.25,385.0,464.5,86.37,85.64,66.67,50.0,3,4,15.67,14.5,5.33,4.0,34.04,27.59,10.64,6.9,9.4,14.5,3,4,3.0,1.75,2.0,1.75,60.0,50.0,33.33,0.0,1311,67,68,2,0,H
0.9,0.6,1.0,0.9,1.4,1.9,3.5,3.75,49.0,57.5,79.25,90.0,7.4,7.2,1.22,0.8,1.56,0.8,4,4,49.0,57.5,61.0,61.0,25.0,100.0,4,4,404.25,548.0,322.0,492.75,79.38,89.81,0.0,100.0,4,4,10.5,11.75,3.5,3.75,33.33,31.91,11.9,14.89,8.4,6.71,4,4,2.0,2.75,1.75,1.0,53.33,73.33,25.0,50.0,1681,96,93,2,1,H
0.6,1.8,1.1,1.6,2.6,1.2,3.5,6.0,44.75,48.33,78.0,80.33,7.4,7.3,1.22,1.45,1.33,1.45,4,3,44.75,48.33,59.0,50.0,50.0,0.0,4,3,350.0,425.33,276.5,343.33,77.97,79.98,0.0,33.33,4,3,11.5,14.33,3.5,6.0,30.43,41.86,2.17,11.63,46.0,8.6,4,3,4.0,2.67,1.75,2.33,69.57,53.33,25.0,33.33,257,39,34,3,3,D
1.6,1.3,1.2,1.5,1.1,1.3,3.33,6.67,45.0,69.0,79.67,87.67,7.6,7.6,1.11,1.2,1.11,1.8,3,3,45.0,69.0,48.0,71.0,0.0,100.0,3,3,351.33,593.33,279.67,520.67,79.55,87.48,0.0,66.67,3,3,10.67,16.0,3.33,6.67,31.25,41.67,9.38,12.5,10.67,8.0,3,3,3.33,1.33,3.0,1.0,52.63,57.14,0.0,33.33,623,5,11,4,2,H
2.3,0.9,2.2,0.8,1.0,1.1,5.25,2.75,60.25,42.75,86.5,80.5,7.4,7.7,2.56,1.2,2.33,1.0,4,4,60.25,42.75,69.0,52.0,75.0,25.0,4,4,560.0,370.75,485.25,299.0,86.52,80.56,50.0,0.0,4,4,15.5,13.25,5.25,2.75,33.87,20.75,11.29,9.43,8.86,10.6,4,4,2.25,3.0,0.25,1.5,90.0,66.67,75.0,25.0,624,6,12,2,1,H
1.6,0.4,1.3,1.1,1.1,2.8,6.0,2.0,57.0,35.75,88.33,79.0,7.7,7.5,2.44,0.89,2.11,1.11,3,4,57.0,35.75,63.0,49.0,66.67,0.0,3,4,525.0,313.5,464.67,250.25,88.4,79.14,100.0,25.0,3,4,12.33,6.25,6.0,2.0,48.65,32.0,18.92,8.0,5.29,12.5,3,4,2.33,3.25,1.67,1.75,58.33,65.0,0.0,25.0,625,13,18,2,2,D
1.6,0.7,1.4,1.1,1.0,1.5,7.0,4.33,61.33,41.33,84.67,81.0,6.5,7.1,2.0,0.6,1.45,0.7,3,3,61.33,41.33,68.0,46.0,100.0,0.0,3,3,482.33,344.67,409.33,281.0,84.73,80.86,33.33,0.0,3,3,15.67,12.0,7.0,4.33,44.68,36.11,6.38,11.11,15.67,9.0,3,3,3.67,5.0,1.0,1.33,78.57,78.95,33.33,0.0,1312,69,75,0,0,D
1.2,1.5,0.6,1.1,1.2,0.8,2.67,3.0,38.33,40.33,75.67,78.33,7.3,7.4,0.56,1.0,0.33,0.8,3,3,38.33,40.33,42.0,58.0,0.0,33.33,3,3,330.67,320.0,253.33,252.33,75.58,78.38,33.33,0.0,3,3,8.67,11.67,2.67,3.0,30.77,25.71,19.23,8.57,5.2,11.67,3,3,2.33,2.67,1.0,1.33,70.0,66.67,66.67,33.33,1313,71,64,0,0,D
0.8,1.3,1.5,1.4,1.8,1.9,7.0,3.0,62.33,51.0,86.0,83.5,7.4,7.3,1.2,1.3,1.9,1.3,3,2,62.33,51.0,67.0,55.0,100.0,50.0,3,2,564.0,452.0,485.33,377.0,85.94,83.4,66.67,0.0,3,2,16.33,8.0,7.0,3.0,42.86,37.5,14.29,12.5,7.0,8.0,3,2,4.0,3.0,2.33,1.0,63.16,75.0,0.0,50.0,948,51,43,1,2,A
1.0,1.7,0.9,1.6,1.2,1.1,3.8,7.25,42.2,61.5,72.6,89.75,7.3,7.3,1.0,1.7,0.56,1.9,5,4,42.2,61.5,62.0,66.0,20.0,100.0,5,4,314.4,617.5,229.6,553.75,72.46,89.58,0.0,100.0,5,4,12.6,19.25,3.8,7.25,30.16,37.66,11.11,9.09,9.0,11.0,5,4,2.4,1.75,1.2,0.5,66.67,77.78,40.0,50.0,1682,90,89,0,1,A
0.5,0.3,0.5,0.3,1.9,2.1,4.0,4.0,43.33,47.33,80.0,82.67,7.1,7.4,1.0,0.33,1.1,0.22,3,3,43.33,47.33,54.0,69.0,33.33,33.33,3,3,369.67,406.67,298.67,341.0,80.17,83.0,33.33,33.33,3,3,9.33,8.67,4.0,4.0,42.86,46.15,3.57,7.69,28.0,13.0,3,3,3.67,3.0,2.33,3.33,61.11,47.37,0.0,0.0,258,21,25,2,0,H
1.4,1.5,1.7,1.4,2.0,1.1,5.0,6.0,38.0,45.0,79.0,81.33,7.3,7.3,0.7,1.0,0.8,1.44,3,3,38.0,45.0,49.0,48.0,0.0,0.0,3,3,331.33,376.0,264.33,306.67,78.87,81.4,0.0,0.0,3,3,13.67,16.33,5.0,6.0,36.59,36.73,14.63,10.2,6.83,9.8,3,3,4.0,3.33,1.67,1.67,70.59,66.67,33.33,33.33,259,36,31,1,5,A
1.8,1.2,1.8,1.1,1.7,1.2,3.0,5.5,39.0,54.0,71.33,86.5,8.9,7.5,1.78,1.2,2.33,1.1,3,4,39.0,54.0,61.0,56.0,33.33,100.0,3,4,312.33,527.75,231.0,457.75,71.38,86.49,0.0,50.0,3,4,8.67,13.25,3.0,5.5,34.62,41.51,15.38,9.43,6.5,10.6,3,4,4.0,1.75,0.67,1.25,85.71,58.33,33.33,50.0,626,2,1,4,1,H
1.2,0.8,1.3,0.9,1.8,1.5,5.0,5.0,40.0,38.0,82.67,74.67,7.4,7.4,1.82,0.6,2.18,1.2,3,3,40.0,38.0,50.0,39.0,0.0,0.0,3,3,367.33,330.33,304.33,246.67,82.55,74.72,33.33,0.0,3,3,13.0,10.33,5.0,5.0,38.46,48.39,12.82,25.81,7.8,3.88,3,3,2.67,1.67,1.33,1.33,66.67,55.56,0.0,66.67,949,49,54,3,0,H
1.1,1.7,1.3,1.5,1.4,1.0,3.0,5.33,48.75,48.0,83.25,83.67,7.0,7.2,1.36,1.2,1.45,1.2,4,3,48.75,48.0,56.0,58.0,50.0,33.33,4,3,417.5,422.67,348.25,354.67,83.41,83.7,25.0,33.33,4,3,13.0,10.67,3.0,5.33,23.08,50.0,5.77,15.62,17.33,6.4,4,3,2.75,5.0,1.75,1.0,61.11,83.33,0.0,33.33,1314,77,70,1,0,H
2.3,1.8,1.9,1.7,1.1,0.8,3.5,4.8,51.5,43.6,84.0,82.8,7.3,8.0,1.9,1.7,1.7,1.5,4,5,51.5,43.6,64.0,46.0,50.0,0.0,4,5,483.0,407.6,407.25,340.8,84.04,83.05,25.0,40.0,4,5,14.75,14.2,3.5,4.8,23.73,33.8,5.08,15.49,19.67,6.45,4,5,1.75,4.0,0.75,1.6,70.0,71.43,50.0,0.0,1683,91,83,1,2,A
1.6,1.9,1.5,2.5,1.1,1.6,4.33,4.67,53.67,46.33,84.67,81.0,7.3,7.2,1.7,1.2,1.4,1.8,3,3,53.67,46.33,65.0,52.0,66.67,33.33,3,3,471.33,394.67,400.0,320.67,84.92,80.91,66.67,0.0,3,3,11.67,12.33,4.33,4.67,37.14,37.84,8.57,10.81,11.67,9.25,3,3,3.33,4.67,2.0,2.67,62.5,63.64,0.0,0.0,260,35,23,1,3,A
1.6,2.6,1.5,1.5,1.4,0.4,5.33,3.67,58.0,60.0,88.33,86.33,7.3,7.4,1.22,1.89,1.67,1.0,3,3,58.0,60.0,67.0,73.0,66.67,66.67,3,3,474.0,515.67,419.0,446.67,88.13,86.26,100.0,66.67,3,3,12.33,16.33,5.33,3.67,43.24,22.45,16.22,2.04,6.17,49.0,3,3,1.67,1.67,1.67,0.67,50.0,71.43,0.0,66.67,1315,59,66,1,1,D
1.5,1.4,1.5,1.0,0.6,1.2,2.75,3.5,52.0,43.5,81.0,71.0,7.3,7.3,2.11,1.33,1.89,0.89,4,4,52.0,43.5,69.0,53.0,75.0,50.0,4,4,435.0,300.75,355.75,217.0,81.12,71.11,25.0,0.0,4,4,9.0,10.0,2.75,3.5,30.56,35.0,8.33,10.0,12.0,10.0,4,3,1.25,2.33,1.0,1.67,55.56,58.33,25.0,0.0,1684,81,97,3,1,H
1.5,0.4,1.3,0.4,1.1,1.9,5.33,2.75,53.33,32.75,82.67,73.0,7.4,7.2,2.22,0.64,1.33,1.09,3,4,53.33,32.75,67.0,38.0,66.67,0.0,3,4,448.33,278.0,373.0,203.75,82.64,73.02,33.33,0.0,3,4,19.67,9.0,5.33,2.75,27.12,30.56,8.47,8.33,11.8,12.0,3,4,1.33,3.25,1.33,0.5,50.0,86.67,33.33,50.0,1316,62,73,3,0,H
1.1,1.8,1.9,1.5,1.5,1.2,5.0,4.25,46.33,51.25,77.0,82.75,7.8,7.7,1.1,1.56,1.1,1.67,3,4,46.33,51.25,53.0,55.0,33.33,75.0,3,4,381.67,433.75,293.33,360.0,76.8,82.72,0.0,50.0,3,4,15.33,14.5,5.0,4.25,32.61,29.31,10.87,6.9,9.2,14.5,3,4,5.67,3.0,1.33,1.0,80.95,75.0,0.0,0.0,627,3,4,1,0,H
1.6,0.1,1.5,0.5,1.1,3.0,4.75,1.0,51.5,42.25,86.75,83.0,7.4,7.4,2.3,0.0,1.7,0.6,4,4,51.5,42.25,62.0,59.0,50.0,25.0,4,4,543.25,371.5,471.25,310.25,86.7,82.86,75.0,25.0,4,4,13.5,9.0,4.75,1.0,35.19,11.11,11.11,2.78,9.0,36.0,4,4,2.0,3.25,0.5,2.5,80.0,56.52,75.0,50.0,1685,80,95,4,2,H
1.8,1.9,1.9,1.8,1.8,1.2,3.0,3.75,39.0,54.0,71.33,81.75,8.3,8.1,1.9,2.1,2.5,1.7,3,4,39.0,54.0,61.0,67.0,33.33,75.0,3,4,312.33,494.5,231.0,405.5,71.38,81.63,0.0,0.0,3,4,8.67,14.25,3.0,3.75,34.62,26.32,15.38,7.02,6.5,14.25,3,4,4.0,3.0,0.67,1.75,85.71,63.16,33.33,0.0,628,2,16,5,0,H
1.8,1.3,1.7,1.2,0.9,1.9,6.0,3.67,45.0,37.33,81.33,76.67,7.4,7.1,1.2,0.82,1.2,1.27,3,3,45.0,37.33,48.0,46.0,0.0,0.0,3,3,376.0,321.67,306.67,250.67,81.4,77.01,0.0,0.0,3,3,16.33,9.33,6.0,3.67,36.73,39.29,10.2,17.86,9.8,5.6,3,3,3.33,4.0,1.67,0.33,66.67,92.31,33.33,66.67,261,31,26,2,1,H
1.6,1.6,1.4,1.4,0.8,1.1,2.8,1.0,42.4,44.0,77.8,62.67,8.0,7.1,1.5,1.8,1.1,1.4,5,3,42.4,44.0,55.0,53.0,20.0,33.33,5,3,344.2,272.67,269.8,172.67,77.81,62.69,0.0,0.0,5,3,10.0,12.33,2.8,1.0,28.0,8.11,10.0,2.7,10.0,37.0,5,2,3.4,1.5,1.0,0.5,77.27,75.0,20.0,50.0,1686,88,92,1,0,H
1.1,2.1,0.9,1.5,1.4,1.1,3.5,3.0,43.5,48.5,71.0,81.25,7.6,7.0,1.2,0.89,1.3,1.22,4,4,43.5,48.5,53.0,58.0,50.0,50.0,4,4,300.75,425.25,217.0,348.25,71.11,81.26,0.0,25.0,4,4,10.0,10.75,3.5,3.0,35.0,27.91,10.0,6.98,10.0,14.33,3,4,2.33,2.5,1.67,1.75,58.33,58.82,0.0,0.0,1687,97,82,1,1,D
0.6,1.4,0.8,1.3,1.2,1.2,4.0,3.0,40.33,48.75,79.67,83.25,7.2,7.4,0.7,1.0,0.7,1.25,3,4,40.33,48.75,47.0,56.0,0.0,50.0,3,4,343.33,417.5,277.33,348.25,79.75,83.41,33.33,25.0,3,4,16.0,13.0,4.0,3.0,25.0,23.08,2.08,5.77,48.0,17.33,3,4,1.67,2.75,2.0,1.75,45.45,61.11,33.33,0.0,1317,76,77,0,3,A
1.8,1.2,1.4,1.1,0.9,1.5,6.0,5.33,40.0,48.33,76.33,84.33,7.4,7.2,1.78,1.1,2.0,1.0,3,3,40.0,48.33,54.0,55.0,33.33,33.33,3,3,365.0,437.67,279.67,369.0,76.45,84.33,0.0,0.0,3,3,17.0,15.67,6.0,5.33,35.29,34.04,9.8,10.64,10.2,9.4,3,3,1.33,3.67,1.33,3.0,50.0,55.0,0.0,0.0,950,41,47,3,2,H
1.5,0.8,1.4,1.1,1.8,1.9,3.0,3.67,51.0,40.67,83.5,72.67,7.5,7.5,1.4,0.67,1.8,0.89,2,3,51.0,40.67,55.0,46.0,50.0,0.0,2,3,452.0,343.33,377.0,249.67,83.4,72.63,0.0,0.0,2,3,8.0,12.67,3.0,3.67,37.5,28.95,12.5,2.63,8.0,38.0,2,3,3.0,3.67,1.0,1.67,75.0,68.75,50.0,0.0,951,43,53,1,0,H
1.5,1.0,1.3,0.9,1.1,1.1,5.0,3.67,45.0,45.0,77.5,74.67,7.3,7.6,2.33,1.6,1.78,1.8,2,3,45.0,45.0,54.0,60.0,50.0,33.33,2,3,332.5,360.33,259.0,274.33,77.84,74.63,0.0,0.0,2,3,12.5,13.67,5.0,3.67,40.0,26.83,16.0,12.2,6.25,8.2,2,3,6.0,5.0,2.0,1.67,75.0,75.0,0.0,33.33,952,45,42,2,2,D
1.6,0.6,1.3,1.2,0.8,2.2,3.33,4.0,56.0,42.67,84.33,79.33,7.2,7.4,1.8,0.5,1.9,1.4,3,3,56.0,42.67,68.0,54.0,66.67,33.33,3,3,533.67,371.0,453.33,295.67,84.23,79.45,33.33,0.0,3,3,12.0,11.67,3.33,4.0,27.78,34.29,11.11,8.57,9.0,11.67,3,3,4.67,4.67,0.67,3.67,87.5,56.0,66.67,0.0,953,52,57,1,1,D
0.8,2.1,0.8,2.5,1.6,1.3,5.0,7.67,38.0,69.67,74.67,88.67,7.5,7.3,0.6,2.0,0.8,1.44,3,3,38.0,69.67,39.0,71.0,0.0,100.0,3,3,330.33,704.33,246.67,628.33,74.72,88.91,0.0,100.0,3,3,10.33,16.67,5.0,7.67,48.39,46.0,25.81,22.0,3.88,4.55,3,3,1.67,1.0,1.33,1.0,55.56,50.0,66.67,33.33,954,54,40,0,4,A
1.5,1.7,1.5,1.8,1.0,1.3,3.0,6.25,35.25,62.25,75.5,90.75,7.3,7.8,1.4,1.2,1.7,1.5,4,4,35.25,62.25,47.0,75.0,0.0,100.0,4,4,296.0,640.0,223.25,583.0,75.42,90.83,0.0,100.0,4,4,10.75,16.5,3.0,6.25,27.91,37.88,9.3,16.67,10.75,6.0,4,4,3.25,2.5,3.25,0.75,50.0,76.92,0.0,25.0,629,9,14,0,2,A
0.9,0.4,0.9,0.8,1.1,2.7,2.75,3.75,42.75,62.5,80.5,89.0,8.1,8.1,1.1,0.5,1.2,0.9,4,4,42.75,62.5,52.0,78.0,25.0,75.0,4,4,370.75,601.5,299.0,536.0,80.56,89.0,0.0,100.0,4,4,13.25,12.0,2.75,3.75,20.75,31.25,9.43,2.08,10.6,48.0,4,4,3.0,4.5,1.5,2.0,66.67,69.23,25.0,0.0,630,12,7,1,1,D
1.6,1.1,1.6,1.6,1.7,1.4,3.75,5.0,54.0,46.33,81.75,77.0,8.3,8.4,1.5,1.9,1.6,2.5,4,3,54.0,46.33,67.0,53.0,75.0,33.33,4,3,494.5,381.67,405.5,293.33,81.63,76.8,0.0,0.0,4,3,14.25,15.33,3.75,5.0,26.32,32.61,7.02,10.87,14.25,9.2,4,3,3.0,5.67,1.75,1.33,63.16,80.95,0.0,0.0,631,16,3,0,0,D
1.5,1.4,1.2,1.6,0.9,1.9,4.75,5.0,41.5,60.75,82.75,85.75,8.0,7.9,0.9,1.3,1.2,1.8,4,4,41.5,60.75,46.0,69.0,0.0,75.0,4,4,396.75,523.25,328.25,448.25,82.73,85.66,50.0,100.0,4,4,11.25,16.75,4.75,5.0,42.22,29.85,13.33,8.96,7.5,11.17,4,4,5.5,2.5,1.5,0.5,78.57,83.33,0.0,50.0,632,17,15,4,2,H
2.8,1.8,2.5,1.4,0.5,1.2,6.75,5.5,66.25,54.5,87.5,85.75,7.3,7.1,2.0,1.0,2.36,1.2,4,4,66.25,54.5,71.0,64.0,100.0,50.0,4,4,567.5,515.5,496.25,443.5,87.34,85.88,75.0,75.0,4,4,19.0,11.25,6.75,5.5,35.53,48.89,17.11,22.22,5.85,4.5,4,4,1.5,2.75,0.75,2.25,66.67,55.0,25.0,0.0,1688,79,87,4,3,H
2.8,1.4,3.2,1.8,1.0,2.4,9.33,5.0,67.67,38.0,91.67,79.0,7.2,7.4,2.6,1.56,2.3,1.78,3,3,67.67,38.0,76.0,49.0,100.0,0.0,3,3,726.33,331.33,668.67,264.33,91.81,78.87,100.0,0.0,3,3,17.67,13.67,9.33,5.0,52.83,36.59,24.53,14.63,4.08,6.83,3,3,2.33,4.0,0.67,1.67,77.78,70.59,33.33,33.33,262,28,36,2,1,H
0.2,1.5,0.5,1.4,2.3,1.0,2.0,5.33,54.67,53.33,80.67,82.67,7.1,7.5,0.56,1.9,0.78,1.7,3,3,54.67,53.33,70.0,67.0,66.67,66.67,3,3,451.0,448.33,371.67,373.0,80.49,82.64,33.33,33.33,3,3,6.33,19.67,2.0,5.33,31.58,27.12,10.53,8.47,9.5,11.8,3,3,2.0,1.33,1.0,1.33,66.67,50.0,33.33,33.33,1318,78,62,0,1,A
1.8,2.1,1.6,2.3,1.2,1.4,4.75,3.0,50.5,39.0,85.0,71.33,7.8,8.4,2.2,1.9,1.8,1.8,4,3,50.5,39.0,73.0,61.0,25.0,33.33,4,3,442.75,312.33,380.0,231.0,84.86,71.38,25.0,0.0,4,3,13.25,8.67,4.75,3.0,35.85,34.62,13.21,15.38,7.57,6.5,4,3,1.75,4.0,1.5,0.67,53.85,85.71,0.0,33.33,633,20,2,4,1,H
1.5,0.8,1.1,1.6,1.2,1.8,4.33,7.0,39.0,62.33,73.33,86.0,7.2,7.5,1.0,1.67,0.7,1.67,3,3,39.0,62.33,46.0,67.0,0.0,100.0,3,3,345.67,564.0,254.0,485.33,73.43,85.94,0.0,66.67,3,3,12.0,16.33,4.33,7.0,36.11,42.86,5.56,14.29,18.0,7.0,3,3,2.33,4.0,0.33,2.33,87.5,63.16,66.67,0.0,955,55,51,4,4,D
1.3,0.5,1.2,1.0,1.1,1.9,3.4,2.4,46.8,42.0,81.2,75.8,7.3,7.2,1.4,0.67,1.3,1.0,5,5,46.8,42.0,55.0,54.0,40.0,20.0,5,5,385.0,366.0,312.0,279.4,81.11,75.52,0.0,0.0,5,5,11.0,7.8,3.4,2.4,30.91,30.77,5.45,7.69,18.33,13.0,5,5,4.0,3.4,0.8,1.0,83.33,77.27,40.0,20.0,1689,98,86,0,0,D
1.9,2.3,2.5,1.5,1.3,0.6,5.0,5.67,61.33,56.67,84.0,83.67,7.2,7.5,2.4,1.73,2.9,1.18,3,3,61.33,56.67,62.0,60.0,100.0,100.0,3,3,473.0,483.67,398.67,405.33,84.22,83.72,33.33,33.33,3,3,17.33,12.33,5.0,5.67,28.85,45.95,7.69,18.92,13.0,5.29,3,3,2.33,5.33,0.33,2.0,87.5,72.73,66.67,0.0,263,29,32,0,0,D
2.4,1.2,1.4,0.5,0.4,1.1,3.67,2.67,60.0,38.33,86.33,75.67,7.3,7.2,2.3,1.4,2.3,1.0,3,3,60.0,38.33,73.0,42.0,66.67,0.0,3,3,515.67,330.67,446.67,253.33,86.26,75.58,66.67,33.33,3,3,16.33,8.67,3.67,2.67,22.45,30.77,2.04,19.23,49.0,5.2,3,3,1.67,2.33,0.67,1.0,71.43,70.0,66.67,66.67,1319,66,71,1,0,H
0.6,1.8,1.1,1.8,1.8,1.2,4.5,4.75,55.75,51.5,83.0,86.75,7.4,7.5,0.89,1.89,1.22,1.78,4,4,55.75,51.5,71.0,62.0,50.0,50.0,4,4,493.5,543.25,411.5,471.25,83.2,86.7,50.0,75.0,4,4,11.0,13.5,4.5,4.75,40.91,35.19,9.09,11.11,11.0,9.0,4,4,4.25,2.0,1.75,0.5,70.83,80.0,0.0,75.0,1690,84,80,1,0,H
1.5,0.0,1.7,0.1,1.8,2.2,6.25,4.0,62.0,47.33,88.75,82.67,7.1,7.3,2.0,0.3,2.3,0.2,4,3,62.0,47.33,76.0,69.0,75.0,33.33,4,3,630.5,406.67,563.5,341.0,88.69,83.0,75.0,33.33,4,3,12.5,8.67,6.25,4.0,50.0,46.15,24.0,7.69,4.17,13.0,4,3,2.75,3.0,1.0,3.33,73.33,47.37,25.0,0.0,264,24,25,5,1,H
0.1,1.1,0.7,1.1,3.1,1.4,1.0,3.5,42.25,49.0,83.0,79.25,7.4,7.4,0.89,0.6,0.44,0.4,4,4,42.25,49.0,59.0,61.0,25.0,25.0,4,4,371.5,404.25,310.25,322.0,82.86,79.38,25.0,0.0,4,4,9.0,10.5,1.0,3.5,11.11,33.33,2.78,11.9,36.0,8.4,4,4,3.25,2.0,2.5,1.75,56.52,53.33,50.0,25.0,1691,95,96,2,3,A
1.8,1.5,1.5,1.5,1.2,1.3,5.0,4.33,61.75,53.67,87.25,84.67,7.2,7.5,2.3,1.22,1.7,1.33,4,3,61.75,53.67,71.0,65.0,75.0,66.67,4,3,587.25,471.33,514.5,400.0,87.37,84.92,100.0,66.67,4,3,14.5,11.67,5.0,4.33,34.48,37.14,8.62,8.57,11.6,11.67,4,3,2.5,3.33,1.0,2.0,71.43,62.5,50.0,0.0,265,22,35,3,1,H
1.2,1.9,1.1,1.5,1.3,1.0,5.5,3.33,54.0,45.0,86.5,79.67,8.0,7.8,1.1,1.3,1.4,1.3,4,3,54.0,45.0,56.0,48.0,100.0,0.0,4,3,527.75,351.33,457.75,279.67,86.49,79.55,50.0,0.0,4,3,13.25,10.67,5.5,3.33,41.51,31.25,9.43,9.38,10.6,10.67,4,3,1.75,3.33,1.25,3.0,58.33,52.63,50.0,0.0,634,1,5,0,1,A
1.5,1.4,1.3,1.2,1.3,1.2,4.25,6.0,51.25,57.0,82.75,88.33,8.2,7.8,1.6,0.9,1.5,1.2,4,3,51.25,57.0,55.0,63.0,75.0,66.67,4,3,433.75,525.0,360.0,464.67,82.72,88.4,50.0,100.0,4,3,14.5,12.33,4.25,6.0,29.31,48.65,6.9,18.92,14.5,5.29,4,3,3.0,2.33,1.0,1.67,75.0,58.33,0.0,0.0,635,4,13,1,2,A
0.5,1.9,1.3,1.4,2.4,0.6,2.0,5.67,35.75,50.0,79.0,83.33,8.0,7.9,0.3,2.0,0.8,2.0,4,3,35.75,50.0,49.0,61.0,0.0,66.67,4,3,313.5,401.33,250.25,342.0,79.14,83.44,25.0,66.67,4,3,6.25,12.67,2.0,5.67,32.0,44.74,8.0,13.16,12.5,7.6,4,3,3.25,3.0,1.75,0.33,65.0,90.0,25.0,66.67,636,18,8,0,4,A
0.3,0.8,0.3,0.5,2.1,0.9,2.75,3.33,32.75,40.0,73.0,80.33,7.4,7.0,0.33,0.56,0.44,0.78,4,3,32.75,40.0,38.0,45.0,0.0,0.0,4,3,278.0,337.67,203.75,271.0,73.02,80.3,0.0,0.0,4,3,9.0,10.67,2.75,3.33,30.56,31.25,8.33,3.12,12.0,32.0,4,3,3.25,5.33,0.5,1.33,86.67,80.0,50.0,33.33,1320,73,74,2,2,D
1.7,1.4,1.0,1.4,0.6,1.6,2.0,5.0,54.5,40.0,82.5,82.67,7.4,7.3,1.33,1.56,0.56,1.67,2,3,54.5,40.0,64.0,50.0,50.0,0.0,2,3,450.5,367.33,374.5,304.33,82.9,82.55,0.0,33.33,2,3,13.0,13.0,2.0,5.0,15.38,38.46,7.69,12.82,13.0,7.8,2,3,3.5,2.67,3.0,1.33,53.85,66.67,0.0,0.0,956,50,49,0,0,D
1.8,1.3,1.5,1.3,0.9,1.7,4.8,2.0,43.6,58.0,82.8,78.25,7.9,7.2,1.44,1.0,2.0,1.1,5,4,43.6,58.0,46.0,66.0,0.0,75.0,5,4,407.6,407.75,340.8,325.0,83.05,78.25,40.0,25.0,5,4,14.2,7.5,4.8,2.0,33.8,26.67,15.49,10.0,6.45,10.0,5,4,4.0,2.25,1.6,1.0,71.43,69.23,0.0,50.0,1692,83,94,2,2,D
1.5,0.8,1.6,0.7,1.2,1.8,4.5,4.0,50.75,43.33,84.5,80.0,7.3,7.2,2.0,1.3,1.7,0.9,4,3,50.75,43.33,58.0,54.0,50.0,33.33,4,3,427.0,369.67,362.0,298.67,84.67,80.17,50.0,33.33,4,3,11.5,9.33,4.5,4.0,39.13,42.86,13.04,3.57,7.67,28.0,4,3,4.0,3.67,1.5,2.33,72.73,61.11,0.0,0.0,266,27,21,2,1,H
0.7,0.9,0.6,1.8,1.5,1.7,3.33,3.33,39.33,40.0,79.0,77.33,7.1,7.1,0.6,1.4,0.8,1.6,3,3,39.33,40.0,53.0,54.0,33.33,33.33,3,3,336.67,364.0,266.67,285.33,78.72,77.64,0.0,0.0,3,3,8.67,10.0,3.33,3.33,38.46,33.33,15.38,6.67,6.5,15.0,3,3,5.67,2.0,1.67,1.33,77.27,60.0,0.0,33.33,267,30,33,1,0,H
1.6,1.2,1.8,0.9,1.5,1.4,6.0,5.67,48.33,50.0,80.33,79.67,7.3,7.1,1.89,1.44,1.89,1.11,3,3,48.33,50.0,50.0,59.0,0.0,66.67,3,3,425.33,421.0,343.33,338.33,79.98,79.52,33.33,0.0,3,3,14.33,14.0,6.0,5.67,41.86,40.48,11.63,9.52,8.6,10.5,3,3,2.67,2.33,2.33,0.33,53.33,87.5,33.33,66.67,268,34,38,1,3,A
0.4,2.3,0.4,2.0,2.4,1.0,3.5,5.25,41.75,60.25,79.75,86.5,7.9,7.4,0.4,1.9,0.5,2.7,4,4,41.75,60.25,58.0,69.0,25.0,75.0,4,4,383.75,560.0,313.0,485.25,79.75,86.52,25.0,50.0,4,4,8.75,15.5,3.5,5.25,40.0,33.87,14.29,11.29,7.0,8.86,4,4,3.5,2.25,1.75,0.25,66.67,90.0,0.0,75.0,637,10,6,0,1,A
1.6,1.7,2.0,1.6,1.2,1.4,5.0,6.67,61.33,49.0,88.33,81.67,7.4,7.3,1.33,1.7,2.22,1.7,3,3,61.33,49.0,70.0,61.0,100.0,33.33,3,3,596.67,480.0,528.33,393.0,88.31,81.59,100.0,0.0,3,3,14.0,14.67,5.0,6.67,35.71,45.45,14.29,11.36,7.0,8.8,3,3,1.67,5.0,0.67,2.0,71.43,71.43,66.67,33.33,957,46,44,3,2,H
2.0,2.0,1.6,1.6,1.0,1.2,4.0,5.0,64.75,61.0,85.75,89.33,6.6,6.7,2.36,1.91,2.36,2.27,4,3,64.75,61.0,74.0,67.0,100.0,100.0,4,3,542.25,527.0,464.5,470.67,85.64,89.27,50.0,100.0,4,3,14.5,13.67,4.0,5.0,27.59,36.59,6.9,19.51,14.5,5.12,4,3,1.75,3.33,1.75,0.67,50.0,83.33,0.0,66.67,1321,68,72,1,0,H
0.9,0.9,1.0,0.8,1.2,1.2,6.0,3.8,54.0,42.2,84.0,72.6,7.1,7.2,1.0,1.1,0.8,1.5,4,5,54.0,42.2,60.0,62.0,75.0,20.0,4,5,482.0,314.4,404.25,229.6,83.88,72.46,25.0,0.0,4,5,16.5,12.6,6.0,3.8,36.36,30.16,4.55,11.11,22.0,9.0,4,5,3.5,2.4,1.5,1.2,70.0,66.67,25.0,40.0,1693,85,90,1,1,D
0.9,2.1,0.8,1.7,1.4,0.8,2.0,9.33,61.0,60.33,80.0,88.33,7.2,7.3,1.1,2.4,0.9,2.1,2,3,61.0,60.33,61.0,63.0,100.0,100.0,2,3,568.0,606.33,451.5,535.67,79.53,88.28,0.0,100.0,2,3,9.5,23.67,2.0,9.33,21.05,39.44,0.0,12.68,0.0,7.89,2,3,2.5,3.33,1.5,2.0,62.5,62.5,0.0,0.0,958,56,48,1,1,D
0.6,2.1,1.3,2.7,2.8,1.6,3.5,4.67,44.75,46.33,78.0,81.0,7.6,7.2,1.2,1.36,1.5,1.91,4,3,44.75,46.33,59.0,52.0,50.0,33.33,4,3,350.0,394.67,276.5,320.67,77.97,80.91,0.0,0.0,4,3,11.5,12.33,3.5,4.67,30.43,37.84,2.17,10.81,46.0,9.25,4,3,4.0,4.67,1.75,2.67,69.57,63.64,25.0,0.0,269,39,23,2,1,H
1.6,1.5,1.8,1.7,1.3,0.5,5.0,5.33,58.33,52.0,89.67,86.0,6.6,7.4,1.7,2.3,1.5,2.3,3,3,58.33,52.0,61.0,58.0,100.0,66.67,3,3,520.33,446.33,466.0,385.0,89.62,86.37,100.0,66.67,3,3,17.67,15.67,5.0,5.33,28.3,34.04,9.43,10.64,10.6,9.4,3,3,2.33,3.0,2.0,2.0,53.85,60.0,0.0,33.33,1322,60,67,0,1,A
1.7,1.7,1.4,1.8,1.1,0.7,7.25,2.75,61.5,52.0,89.75,81.0,7.5,7.3,2.44,1.7,2.56,1.2,4,4,61.5,52.0,66.0,69.0,100.0,75.0,4,4,617.5,435.0,553.75,355.75,89.58,81.12,100.0,25.0,4,4,19.25,9.0,7.25,2.75,37.66,30.56,9.09,8.33,11.0,12.0,4,4,1.75,1.25,0.5,1.0,77.78,55.56,50.0,25.0,1694,89,81,1,0,H
1.3,1.3,1.5,1.8,1.4,1.6,6.67,6.0,69.0,42.75,87.67,78.25,8.0,7.8,0.9,1.5,1.7,1.9,3,4,69.0,42.75,71.0,53.0,100.0,50.0,3,4,593.33,373.75,520.67,294.5,87.48,78.13,66.67,0.0,3,4,16.0,14.5,6.67,6.0,41.67,41.38,12.5,6.9,8.0,14.5,3,4,1.33,2.5,1.0,0.5,57.14,83.33,33.33,50.0,638,11,19,1,2,A
0.6,2.0,0.9,1.9,1.9,1.3,3.75,3.5,57.5,51.5,90.0,84.0,7.2,7.4,1.4,1.4,1.8,1.4,4,4,57.5,51.5,61.0,64.0,100.0,50.0,4,4,548.0,483.0,492.75,407.25,89.81,84.04,100.0,25.0,4,4,11.75,14.75,3.75,3.5,31.91,23.73,14.89,5.08,6.71,19.67,4,4,2.75,1.75,1.0,0.75,73.33,70.0,50.0,50.0,1695,93,91,1,3,A
1.9,1.8,1.4,1.4,1.1,0.7,3.0,2.8,48.5,42.4,81.25,77.8,7.1,7.9,1.9,1.0,1.2,1.2,4,5,48.5,42.4,58.0,55.0,50.0,20.0,4,5,425.25,344.2,348.25,269.8,81.26,77.81,25.0,0.0,4,5,10.75,10.0,3.0,2.8,27.91,28.0,6.98,10.0,14.33,10.0,4,5,2.5,3.4,1.75,1.0,58.82,77.27,0.0,20.0,1696,82,88,1,1,D
1.2,3.0,1.2,3.3,2.0,1.0,3.67,9.33,37.33,67.67,76.67,91.67,7.8,7.9,1.22,2.78,1.0,3.22,3,3,37.33,67.67,46.0,76.0,0.0,100.0,3,3,321.67,726.33,250.67,668.67,77.01,91.81,0.0,100.0,3,3,9.33,17.67,3.67,9.33,39.29,52.83,17.86,24.53,5.6,4.08,3,3,4.0,2.33,0.33,0.67,92.31,77.78,66.67,33.33,270,26,28,1,1,D
1.7,2.0,1.7,1.9,1.2,1.2,6.25,4.75,62.25,50.5,90.75,85.0,7.9,7.8,2.0,1.44,2.5,1.33,4,4,62.25,50.5,75.0,73.0,100.0,25.0,4,4,640.0,442.75,583.0,380.0,90.83,84.86,100.0,25.0,4,4,16.5,13.25,6.25,4.75,37.88,35.85,16.67,13.21,6.0,7.57,4,4,2.5,1.75,0.75,1.5,76.92,53.85,25.0,0.0,639,14,20,2,1,H
2.8,1.4,2.8,1.2,0.8,0.9,6.75,3.4,66.25,46.8,87.5,81.2,7.3,7.3,2.0,1.22,2.45,0.89,4,5,66.25,46.8,71.0,55.0,100.0,40.0,4,5,567.5,385.0,496.25,312.0,87.34,81.11,75.0,0.0,4,5,19.0,11.0,6.75,3.4,35.53,30.91,17.11,5.45,5.85,18.33,4,5,1.5,4.0,0.75,0.8,66.67,83.33,25.0,40.0,1697,79,98,1,0,H
0.9,1.4,0.9,1.2,1.1,0.9,3.0,7.0,51.67,61.33,78.0,84.67,7.4,6.6,1.44,0.89,1.33,1.22,3,3,51.67,61.33,65.0,68.0,33.33,100.0,3,3,386.0,482.33,303.0,409.33,78.16,84.73,0.0,33.33,3,3,15.0,15.67,3.0,7.0,20.0,44.68,2.22,6.38,45.0,15.67,3,3,2.67,3.67,0.67,1.0,80.0,78.57,33.33,33.33,1323,61,69,1,2,A
1.3,1.7,0.9,1.5,0.8,1.3,3.0,5.33,40.33,58.0,78.33,88.33,7.2,7.3,2.0,1.9,1.33,1.2,3,3,40.33,58.0,58.0,67.0,33.33,66.67,3,3,320.0,474.0,252.33,419.0,78.38,88.13,0.0,100.0,3,3,11.67,12.33,3.0,5.33,25.71,43.24,8.57,16.22,11.67,6.17,3,3,2.67,1.67,1.33,1.67,66.67,50.0,33.33,0.0,1324,64,59,0,2,A
1.4,1.4,1.3,1.1,1.1,1.2,5.33,2.67,48.0,35.0,83.67,73.67,7.4,7.3,1.4,1.3,0.9,1.0,3,3,48.0,35.0,58.0,44.0,33.33,0.0,3,3,422.67,283.33,354.67,214.0,83.7,73.63,33.33,0.0,3,3,10.67,7.33,5.33,2.67,50.0,36.36,15.62,18.18,6.4,5.5,3,3,5.0,4.0,1.0,0.67,83.33,85.71,33.33,33.33,1325,70,63,2,0,H
0.8,2.2,0.9,1.4,1.2,1.1,4.33,4.0,41.33,58.5,81.0,90.25,7.2,7.5,1.2,1.4,1.6,1.0,3,4,41.33,58.5,46.0,66.0,0.0,75.0,3,4,344.67,567.75,281.0,512.25,80.86,90.26,0.0,100.0,3,4,12.0,11.0,4.33,4.0,36.11,36.36,11.11,13.64,9.0,7.33,3,4,5.0,1.25,1.33,0.0,78.95,100.0,0.0,100.0,1326,75,65,1,0,H
1.6,0.9,1.6,1.1,0.6,1.6,2.75,4.5,52.0,55.75,81.0,83.0,7.3,7.1,2.33,1.2,2.11,1.3,4,4,52.0,55.75,69.0,71.0,75.0,50.0,4,4,435.0,493.5,355.75,411.5,81.12,83.2,25.0,50.0,4,4,9.0,11.0,2.75,4.5,30.56,40.91,8.33,9.09,12.0,11.0,4,4,1.25,4.25,1.0,1.75,55.56,70.83,25.0,0.0,1698,81,84,1,0,H
1.8,1.8,1.6,1.6,1.4,1.0,5.5,4.8,54.5,43.6,85.75,82.8,7.2,8.1,1.89,1.7,1.56,1.5,4,5,54.5,43.6,64.0,46.0,50.0,0.0,4,5,515.5,407.6,443.5,340.8,85.88,83.05,75.0,40.0,4,5,11.25,14.2,5.5,4.8,48.89,33.8,22.22,15.49,4.5,6.45,4,5,2.75,4.0,2.25,1.6,55.0,71.43,0.0,0.0,1699,87,83,3,0,H
1.9,1.7,1.7,1.5,0.6,1.5,5.67,3.75,50.0,54.0,83.33,81.75,8.0,7.8,2.1,2.0,1.6,1.5,3,4,50.0,54.0,61.0,67.0,66.67,75.0,3,4,401.33,494.5,342.0,405.5,83.44,81.63,66.67,0.0,3,4,12.67,14.25,5.67,3.75,44.74,26.32,13.16,7.02,7.6,14.25,3,4,3.0,3.0,0.33,1.75,90.0,63.16,66.67,0.0,640,8,16,2,2,D
1.0,1.4,0.9,1.4,1.2,1.7,3.8,2.0,42.2,58.0,72.6,78.25,7.4,7.3,0.67,0.8,0.44,1.1,5,4,42.2,58.0,62.0,66.0,20.0,75.0,5,4,314.4,407.75,229.6,325.0,72.46,78.25,0.0,25.0,5,4,12.6,7.5,3.8,2.0,30.16,26.67,11.11,10.0,9.0,10.0,5,4,2.4,2.25,1.2,1.0,66.67,69.23,40.0,50.0,1700,90,94,1,0,H
1.5,2.0,1.4,1.5,1.2,1.0,1.0,7.25,44.0,61.5,62.67,89.75,7.2,7.5,1.1,1.82,0.9,1.82,3,4,44.0,61.5,53.0,66.0,33.33,100.0,3,4,272.67,617.5,172.67,553.75,62.69,89.58,0.0,100.0,3,4,12.33,19.25,1.0,7.25,8.11,37.66,2.7,9.09,37.0,11.0,2,4,1.5,1.75,0.5,0.5,75.0,77.78,50.0,50.0,1701,92,89,0,1,A
0.6,0.3,1.0,0.8,1.8,2.1,2.4,3.75,42.0,57.5,75.8,90.0,7.3,7.2,1.0,0.8,1.0,0.9,5,4,42.0,57.5,54.0,61.0,20.0,100.0,5,4,366.0,548.0,279.4,492.75,75.52,89.81,0.0,100.0,5,4,7.8,11.75,2.4,3.75,30.77,31.91,7.69,14.89,13.0,6.71,5,4,3.4,2.75,1.0,1.0,77.27,73.33,20.0,50.0,1702,86,93,1,1,D
1.1,0.9,1.2,1.1,1.5,1.3,3.5,6.0,49.0,54.0,79.25,84.0,7.3,7.3,1.22,1.1,1.67,1.4,4,4,49.0,54.0,61.0,60.0,25.0,75.0,4,4,404.25,482.0,322.0,404.25,79.38,83.88,0.0,25.0,4,4,10.5,16.5,3.5,6.0,33.33,36.36,11.9,4.55,8.4,22.0,4,4,2.0,3.5,1.75,1.5,53.33,70.0,25.0,25.0,1703,96,85,1,0,H
1.5,0.9,1.6,0.9,1.3,1.5,4.75,3.5,51.5,43.5,86.75,71.0,7.3,7.6,2.3,1.2,1.9,0.9,4,4,51.5,43.5,62.0,53.0,50.0,50.0,4,4,543.25,300.75,471.25,217.0,86.7,71.11,75.0,0.0,4,4,13.5,10.0,4.75,3.5,35.19,35.0,11.11,10.0,9.0,10.0,4,3,2.0,2.33,0.5,1.67,80.0,58.33,75.0,0.0,1704,80,97,3,0,H
2.2,0.1,2.0,0.8,1.2,2.9,3.5,1.0,51.5,42.25,84.0,83.0,7.4,7.3,1.6,0.0,1.7,0.8,4,4,51.5,42.25,64.0,59.0,50.0,25.0,4,4,483.0,371.5,407.25,310.25,84.04,82.86,25.0,25.0,4,4,14.75,9.0,3.5,1.0,23.73,11.11,5.08,2.78,19.67,36.0,4,4,1.75,3.25,0.75,2.5,70.0,56.52,50.0,50.0,1705,91,95,5,1,H
0.9,0.8,1.9,0.7,2.0,1.8,7.0,5.0,62.33,38.0,86.0,74.67,7.4,7.3,1.2,0.6,1.8,1.2,3,3,62.33,38.0,67.0,39.0,100.0,0.0,3,3,564.0,330.33,485.33,246.67,85.94,74.72,66.67,0.0,3,3,16.33,10.33,7.0,5.0,42.86,48.39,14.29,25.81,7.0,3.88,3,3,4.0,1.67,2.33,1.33,63.16,55.56,0.0,66.67,959,51,54,0,1,A
2.8,1.7,2.9,1.7,0.9,1.2,9.33,4.5,67.67,50.75,91.67,84.5,7.6,7.4,2.6,1.33,2.4,2.0,3,4,67.67,50.75,76.0,58.0,100.0,50.0,3,4,726.33,427.0,668.67,362.0,91.81,84.67,100.0,50.0,3,4,17.67,11.5,9.33,4.5,52.83,39.13,24.53,13.04,4.08,7.67,3,4,2.33,4.0,0.67,1.5,77.78,72.73,33.33,0.0,271,28,27,1,3,A
1.7,1.2,1.3,1.1,1.0,1.2,6.0,3.0,57.0,35.25,88.33,75.5,8.1,7.3,2.22,1.44,2.0,0.78,3,4,57.0,35.25,63.0,47.0,66.67,0.0,3,4,525.0,296.0,464.67,223.25,88.4,75.42,100.0,0.0,3,4,12.33,10.75,6.0,3.0,48.65,27.91,18.92,9.3,5.29,10.75,3,4,2.33,3.25,1.67,3.25,58.33,50.0,0.0,0.0,641,13,9,1,0,H
2.1,1.6,2.5,1.5,1.0,1.2,7.67,5.0,69.67,45.0,88.67,77.5,7.2,7.4,2.55,1.36,3.45,1.64,3,2,69.67,45.0,71.0,54.0,100.0,50.0,3,2,704.33,332.5,628.33,259.0,88.91,77.84,100.0,0.0,3,2,16.67,12.5,7.67,5.0,46.0,40.0,22.0,16.0,4.55,6.25,3,2,1.0,6.0,1.0,2.0,50.0,75.0,33.33,0.0,960,40,45,3,0,H
1.0,1.8,1.0,1.6,1.2,1.1,3.67,6.0,45.0,40.0,74.67,76.33,7.5,7.4,1.3,1.2,1.7,0.9,3,3,45.0,40.0,60.0,54.0,33.33,33.33,3,3,360.33,365.0,274.33,279.67,74.63,76.45,0.0,0.0,3,3,13.67,17.0,3.67,6.0,26.83,35.29,12.2,9.8,8.2,10.2,3,3,5.0,1.33,1.67,1.33,75.0,50.0,33.33,0.0,961,42,41,0,1,A
1.2,1.6,1.2,2.1,1.5,1.3,5.33,5.0,48.33,61.33,84.33,88.33,7.2,7.4,1.1,1.4,1.3,1.6,3,3,48.33,61.33,55.0,70.0,33.33,100.0,3,3,437.67,596.67,369.0,528.33,84.33,88.31,0.0,100.0,3,3,15.67,14.0,5.33,5.0,34.04,35.71,10.64,14.29,9.4,7.0,3,3,3.67,1.67,3.0,0.67,55.0,71.43,0.0,66.67,962,47,46,2,3,A
1.9,1.7,1.5,0.9,0.8,0.5,9.33,2.0,60.33,54.5,88.33,82.5,7.3,7.5,2.3,1.73,2.2,1.36,3,2,60.33,54.5,63.0,64.0,100.0,50.0,3,2,606.33,450.5,535.67,374.5,88.28,82.9,100.0,0.0,3,2,23.67,13.0,9.33,2.0,39.44,15.38,12.68,7.69,7.89,13.0,3,2,3.33,3.5,2.0,3.0,62.5,53.85,0.0,0.0,963,48,50,2,0,H
0.7,1.4,1.0,1.6,1.9,1.6,4.0,6.67,42.67,49.0,79.33,81.67,7.4,7.5,0.8,1.6,1.5,1.9,3,3,42.67,49.0,54.0,61.0,33.33,33.33,3,3,371.0,480.0,295.67,393.0,79.45,81.59,0.0,0.0,3,3,11.67,14.67,4.0,6.67,34.29,45.45,8.57,11.36,11.67,8.8,3,3,4.67,5.0,3.67,2.0,56.0,71.43,0.0,33.33,964,57,44,4,3,H
1.8,0.5,2.1,1.2,1.7,2.4,3.0,2.0,39.0,35.75,71.33,79.0,7.9,8.2,2.2,1.0,3.0,1.33,3,4,39.0,35.75,61.0,49.0,33.33,0.0,3,4,312.33,313.5,231.0,250.25,71.38,79.14,0.0,25.0,3,4,8.67,6.25,3.0,2.0,34.62,32.0,15.38,8.0,6.5,12.5,3,4,4.0,3.25,0.67,1.75,85.71,65.0,33.33,25.0,642,2,18,3,0,H
2.2,0.1,1.6,0.2,0.9,2.4,3.33,3.5,45.0,41.75,79.67,79.75,8.1,8.0,1.44,0.44,1.33,0.67,3,4,45.0,41.75,48.0,58.0,0.0,25.0,3,4,351.33,383.75,279.67,313.0,79.55,79.75,0.0,25.0,3,4,10.67,8.75,3.33,3.5,31.25,40.0,9.38,14.29,10.67,7.0,3,4,3.33,3.5,3.0,1.75,52.63,66.67,0.0,0.0,643,5,10,3,0,H
0.5,1.5,0.8,1.4,2.5,1.4,3.75,4.25,62.5,51.25,89.0,82.75,8.2,7.9,0.1,1.44,0.5,1.56,4,4,62.5,51.25,78.0,55.0,75.0,75.0,4,4,601.5,433.75,536.0,360.0,89.0,82.72,100.0,50.0,4,4,12.0,14.5,3.75,4.25,31.25,29.31,2.08,6.9,48.0,14.5,4,4,4.5,3.0,2.0,1.0,69.23,75.0,0.0,0.0,644,7,4,1,2,A
1.4,0.9,1.8,0.9,2.2,1.1,5.0,2.75,60.75,42.75,85.75,80.5,8.0,7.9,1.33,0.9,1.22,0.9,4,4,60.75,42.75,69.0,52.0,75.0,25.0,4,4,523.25,370.75,448.25,299.0,85.66,80.56,100.0,0.0,4,4,16.75,13.25,5.0,2.75,29.85,20.75,8.96,9.43,11.17,10.6,4,4,2.5,3.0,0.5,1.5,83.33,66.67,50.0,25.0,645,15,12,3,2,H
2.4,0.9,1.5,1.4,0.5,2.5,5.67,3.5,56.67,44.75,83.67,78.0,7.4,7.5,2.0,0.5,1.78,0.8,3,4,56.67,44.75,60.0,59.0,100.0,50.0,3,4,483.67,350.0,405.33,276.5,83.72,77.97,33.33,0.0,3,4,12.33,11.5,5.67,3.5,45.95,30.43,18.92,2.17,5.29,46.0,3,4,5.33,4.0,2.0,1.75,72.73,69.57,0.0,25.0,272,32,39,3,1,H
1.4,1.6,1.3,1.4,1.5,0.9,5.0,3.33,40.0,56.0,82.67,84.33,7.2,7.2,1.82,1.0,1.82,1.3,3,3,40.0,56.0,50.0,68.0,0.0,66.67,3,3,367.33,533.67,304.33,453.33,82.55,84.23,33.33,33.33,3,3,13.0,12.0,5.0,3.33,38.46,27.78,12.82,11.11,7.8,9.0,3,3,2.67,4.67,1.33,0.67,66.67,87.5,0.0,66.67,965,49,52,4,0,H
1.3,1.7,1.8,2.1,2.5,1.1,5.0,5.0,38.0,61.33,79.0,84.0,7.2,7.2,0.4,0.9,0.8,1.3,3,3,38.0,61.33,49.0,62.0,0.0,100.0,3,3,331.33,473.0,264.33,398.67,78.87,84.22,0.0,33.33,3,3,13.67,17.33,5.0,5.0,36.59,28.85,14.63,7.69,6.83,13.0,3,3,4.0,2.33,1.67,0.33,70.59,87.5,33.33,66.67,273,36,29,1,1,D
2.1,1.8,2.6,1.8,1.5,1.0,4.67,6.0,46.33,45.0,81.0,81.33,7.2,7.1,2.44,1.33,2.22,2.0,3,3,46.33,45.0,52.0,48.0,33.33,0.0,3,3,394.67,376.0,320.67,306.67,80.91,81.4,0.0,0.0,3,3,12.33,16.33,4.67,6.0,37.84,36.73,10.81,10.2,9.25,9.8,3,3,4.67,3.33,2.67,1.67,63.64,66.67,0.0,33.33,274,23,31,4,1,H
0.9,1.3,0.5,1.6,0.8,1.4,3.33,5.0,40.0,58.33,80.33,89.67,7.4,6.9,1.1,1.5,0.7,1.6,3,3,40.0,58.33,45.0,61.0,0.0,100.0,3,3,337.67,520.33,271.0,466.0,80.3,89.62,0.0,100.0,3,3,10.67,17.67,3.33,5.0,31.25,28.3,3.12,9.43,32.0,10.6,3,3,5.33,2.33,1.33,2.0,80.0,53.85,33.33,0.0,1327,74,60,0,2,A
1.7,1.3,1.6,0.8,1.0,0.8,3.0,3.0,48.75,40.33,83.25,78.33,7.2,7.7,1.64,1.0,1.55,0.73,4,3,48.75,40.33,56.0,58.0,50.0,33.33,4,3,417.5,320.0,348.25,252.33,83.41,78.38,25.0,0.0,4,3,13.0,11.67,3.0,3.0,23.08,25.71,5.77,8.57,17.33,11.67,4,3,2.75,2.67,1.75,1.33,61.11,66.67,0.0,33.33,1328,77,64,1,0,H
0.7,1.8,0.7,1.4,1.9,1.2,4.0,5.0,43.33,61.75,80.0,87.25,7.2,7.2,1.0,1.0,0.9,1.2,3,4,43.33,61.75,54.0,71.0,33.33,75.0,3,4,369.67,587.25,298.67,514.5,80.17,87.37,33.33,100.0,3,4,9.33,14.5,4.0,5.0,42.86,34.48,3.57,8.62,28.0,11.6,3,4,3.67,2.5,2.33,1.0,61.11,71.43,0.0,50.0,275,21,22,0,2,A
0.9,0.9,1.1,1.0,1.4,1.4,5.0,5.5,46.33,54.0,77.0,86.5,8.1,7.9,1.4,1.1,1.1,1.1,3,4,46.33,54.0,53.0,56.0,33.33,100.0,3,4,381.67,527.75,293.33,457.75,76.8,86.49,0.0,50.0,3,4,15.33,13.25,5.0,5.5,32.61,41.51,10.87,9.43,9.2,10.6,3,4,5.67,1.75,1.33,1.25,80.95,58.33,0.0,50.0,646,3,1,1,1,D
1.4,0.4,1.1,0.4,1.0,1.9,7.0,2.75,61.33,32.75,84.67,73.0,7.2,7.2,1.82,0.55,1.18,1.0,3,4,61.33,32.75,68.0,38.0,100.0,0.0,3,4,482.33,278.0,409.33,203.75,84.73,73.02,33.33,0.0,3,4,15.67,9.0,7.0,2.75,44.68,30.56,6.38,8.33,15.67,12.0,3,4,3.67,3.25,1.0,0.5,78.57,86.67,33.33,50.0,1329,69,73,2,1,H
2.0,2.6,1.6,1.4,1.0,0.3,5.0,3.67,61.0,60.0,89.33,86.33,7.1,7.2,2.78,2.0,2.33,1.11,3,3,61.0,60.0,67.0,73.0,100.0,66.67,3,3,527.0,515.67,470.67,446.67,89.27,86.26,100.0,66.67,3,3,13.67,16.33,5.0,3.67,36.59,22.45,19.51,2.04,5.12,49.0,3,3,3.33,1.67,0.67,0.67,83.33,71.43,66.67,66.67,1330,72,66,0,1,A
0.8,1.5,1.1,1.5,1.9,1.6,3.67,4.33,40.67,39.0,72.67,73.33,7.6,7.3,1.0,1.0,1.0,1.1,3,3,40.67,39.0,46.0,46.0,0.0,0.0,3,3,343.33,345.67,249.67,254.0,72.63,73.43,0.0,0.0,3,3,12.67,12.0,3.67,4.33,28.95,36.11,2.63,5.56,38.0,18.0,3,3,3.67,2.33,1.67,0.33,68.75,87.5,0.0,66.67,966,53,55,1,1,D
1.5,1.6,1.1,1.4,1.2,0.8,4.8,2.8,43.6,42.4,82.8,77.8,7.7,7.5,1.22,1.1,1.89,1.2,5,5,43.6,42.4,46.0,55.0,0.0,20.0,5,5,407.6,344.2,340.8,269.8,83.05,77.81,40.0,0.0,5,5,14.2,10.0,4.8,2.8,33.8,28.0,15.49,10.0,6.45,10.0,5,5,4.0,3.4,1.6,1.0,71.43,77.27,0.0,20.0,1706,83,88,1,0,H
0.0,1.0,0.2,0.6,2.5,1.3,4.0,3.33,47.33,39.33,82.67,79.0,7.4,7.2,0.8,1.0,1.1,0.78,3,3,47.33,39.33,69.0,53.0,33.33,33.33,3,3,406.67,336.67,341.0,266.67,83.0,78.72,33.33,0.0,3,3,8.67,8.67,4.0,3.33,46.15,38.46,7.69,15.38,13.0,6.5,3,3,3.0,5.67,3.33,1.67,47.37,77.27,0.0,0.0,276,25,30,0,0,D
1.0,0.8,1.1,1.7,2.0,1.7,3.67,3.33,37.33,40.0,76.67,77.33,7.5,7.2,1.33,1.27,1.0,1.45,3,3,37.33,40.0,46.0,54.0,0.0,33.33,3,3,321.67,364.0,250.67,285.33,77.01,77.64,0.0,0.0,3,3,9.33,10.0,3.67,3.33,39.29,33.33,17.86,6.67,5.6,15.0,3,3,4.0,2.0,0.33,1.33,92.31,60.0,66.67,33.33,277,26,33,0,0,D
1.2,1.5,1.0,1.4,1.5,1.2,5.67,4.33,50.0,53.67,79.67,84.67,7.4,7.4,1.36,1.1,1.18,1.3,3,3,50.0,53.67,59.0,65.0,66.67,66.67,3,3,421.0,471.33,338.33,400.0,79.52,84.92,0.0,66.67,3,3,14.0,11.67,5.67,4.33,40.48,37.14,9.52,8.57,10.5,11.67,3,3,2.33,3.33,0.33,2.0,87.5,62.5,66.67,0.0,278,38,35,0,4,A
2.3,1.3,1.9,1.5,1.0,1.4,5.25,6.67,60.25,69.0,86.5,87.67,7.4,8.1,2.56,0.9,2.33,1.6,4,3,60.25,69.0,69.0,71.0,75.0,100.0,4,3,560.0,593.33,485.25,520.67,86.52,87.48,50.0,66.67,4,3,15.5,16.0,5.25,6.67,33.87,41.67,11.29,12.5,8.86,8.0,4,3,2.25,1.33,0.25,1.0,90.0,57.14,75.0,33.33,647,6,11,5,1,H
1.5,0.9,1.4,0.8,1.8,1.4,3.0,2.0,51.0,61.0,83.5,80.0,7.5,7.5,1.4,1.0,1.7,0.9,2,2,51.0,61.0,55.0,61.0,50.0,100.0,2,2,452.0,568.0,377.0,451.5,83.4,79.53,0.0,0.0,2,2,8.0,9.5,3.0,2.0,37.5,21.05,12.5,0.0,8.0,0.0,2,2,3.0,2.5,1.0,1.5,75.0,62.5,50.0,0.0,967,43,56,0,0,D
1.9,0.2,1.0,0.5,1.1,2.3,4.0,2.0,58.5,54.67,90.25,80.67,7.8,7.4,2.1,0.1,1.8,0.7,4,3,58.5,54.67,66.0,70.0,75.0,66.67,4,3,567.75,451.0,512.25,371.67,90.26,80.49,100.0,33.33,4,3,11.0,6.33,4.0,2.0,36.36,31.58,13.64,10.53,7.33,9.5,4,3,1.25,2.0,0.0,1.0,100.0,66.67,100.0,33.33,1331,65,78,2,0,H
1.5,1.6,1.9,1.7,1.7,1.3,6.25,6.0,62.0,48.33,88.75,80.33,7.1,7.4,2.09,1.27,2.55,1.55,4,3,62.0,48.33,76.0,50.0,75.0,0.0,4,3,630.5,425.33,563.5,343.33,88.69,79.98,75.0,33.33,4,3,12.5,14.33,6.25,6.0,50.0,41.86,24.0,11.63,4.17,8.6,4,3,2.75,2.67,1.0,2.33,73.33,53.33,25.0,33.33,279,24,34,4,1,H
1.7,1.6,1.4,1.4,0.9,1.0,5.33,5.33,53.33,48.0,82.67,83.67,7.1,7.7,2.22,1.2,1.56,1.2,3,3,53.33,48.0,67.0,58.0,66.67,33.33,3,3,448.33,422.67,373.0,354.67,82.64,83.7,33.33,33.33,3,3,19.67,10.67,5.33,5.33,27.12,50.0,8.47,15.62,11.8,6.4,3,3,1.33,5.0,1.33,1.0,50.0,83.33,33.33,33.33,1332,62,70,2,0,H
1.7,0.3,1.7,0.5,0.4,1.4,5.33,4.0,52.0,40.33,86.0,79.67,7.4,7.3,1.3,0.78,1.1,1.11,3,3,52.0,40.33,58.0,47.0,66.67,0.0,3,3,446.33,343.33,385.0,277.33,86.37,79.75,66.67,33.33,3,3,15.67,16.0,5.33,4.0,34.04,25.0,10.64,2.08,9.4,48.0,3,3,3.0,1.67,2.0,2.0,60.0,45.45,33.33,33.33,1333,67,76,1,1,D
1.1,2.2,0.8,1.7,1.2,1.0,2.67,4.0,35.0,64.75,73.67,85.75,7.8,6.6,1.1,1.44,1.1,1.11,3,4,35.0,64.75,44.0,74.0,0.0,100.0,3,4,283.33,542.25,214.0,464.5,73.63,85.64,0.0,50.0,3,4,7.33,14.5,2.67,4.0,36.36,27.59,18.18,6.9,5.5,14.5,3,4,4.0,1.75,0.67,1.75,85.71,50.0,33.33,0.0,1334,63,68,0,0,D
1.7,1.1,1.5,0.9,1.2,0.9,5.33,4.33,58.0,41.33,88.33,81.0,7.4,7.7,1.0,0.4,1.44,0.5,3,3,58.0,41.33,67.0,46.0,66.67,0.0,3,3,474.0,344.67,419.0,281.0,88.13,80.86,100.0,0.0,3,3,12.33,12.0,5.33,4.33,43.24,36.11,16.22,11.11,6.17,9.0,3,3,1.67,5.0,1.67,1.33,50.0,78.95,0.0,0.0,1335,59,75,2,2,D
0.9,0.9,0.4,0.9,1.2,1.1,2.67,3.0,38.33,51.67,75.67,78.0,7.4,7.5,0.67,0.6,0.33,0.6,3,3,38.33,51.67,42.0,65.0,0.0,33.33,3,3,330.67,386.0,253.33,303.0,75.58,78.16,33.33,0.0,3,3,8.67,15.0,2.67,3.0,30.77,20.0,19.23,2.22,5.2,45.0,3,3,2.33,2.67,1.0,0.67,70.0,80.0,66.67,33.33,1336,71,61,0,2,A
1.6,1.5,2.0,1.4,1.2,1.0,6.0,4.75,42.75,41.5,78.25,82.75,8.1,7.9,2.22,1.7,1.78,1.8,4,4,42.75,41.5,53.0,46.0,50.0,0.0,4,4,373.75,396.75,294.5,328.25,78.13,82.73,0.0,50.0,4,4,14.5,11.25,6.0,4.75,41.38,42.22,6.9,13.33,14.5,7.5,4,4,2.5,5.5,0.5,1.5,83.33,78.57,50.0,0.0,648,19,17,0,2,A
1.1,0.8,0.8,1.0,1.7,1.8,5.0,3.67,38.0,40.67,74.67,72.67,7.2,7.6,0.6,0.67,0.7,0.89,3,3,38.0,40.67,39.0,46.0,0.0,0.0,3,3,330.33,343.33,246.67,249.67,74.72,72.63,0.0,0.0,3,3,10.33,12.67,5.0,3.67,48.39,28.95,25.81,2.63,3.88,38.0,3,3,1.67,3.67,1.33,1.67,55.56,68.75,66.67,0.0,968,54,53,0,0,D
1.7,1.1,1.8,0.6,1.3,0.9,4.5,3.33,50.75,39.33,84.5,79.0,7.3,7.3,2.2,0.78,1.7,0.44,4,3,50.75,39.33,58.0,53.0,50.0,33.33,4,3,427.0,336.67,362.0,266.67,84.67,78.72,50.0,0.0,4,3,11.5,8.67,4.5,3.33,39.13,38.46,13.04,15.38,7.67,6.5,4,3,4.0,5.67,1.5,1.67,72.73,77.27,0.0,0.0,280,27,30,1,0,H
1.5,0.9,1.3,0.5,1.1,0.9,5.33,3.33,48.0,40.0,83.67,80.33,7.4,7.3,1.78,0.67,1.11,1.0,3,3,48.0,40.0,58.0,45.0,33.33,0.0,3,3,422.67,337.67,354.67,271.0,83.7,80.3,33.33,0.0,3,3,10.67,10.67,5.33,3.33,50.0,31.25,15.62,3.12,6.4,32.0,3,3,5.0,5.33,1.0,1.33,83.33,80.0,33.33,33.33,1337,70,74,1,1,D
2.0,2.2,1.8,1.7,0.8,0.9,6.25,3.33,62.25,45.0,90.75,79.67,7.5,8.0,2.0,1.6,2.4,1.4,4,3,62.25,45.0,75.0,48.0,100.0,0.0,4,3,640.0,351.33,583.0,279.67,90.83,79.55,100.0,0.0,4,3,16.5,10.67,6.25,3.33,37.88,31.25,16.67,9.38,6.0,10.67,4,3,2.5,3.33,0.75,3.0,76.92,52.63,25.0,0.0,649,14,5,1,0,H
0.6,1.2,0.8,1.3,1.8,1.3,3.5,1.0,43.5,44.0,71.0,62.67,7.4,6.9,1.3,1.8,1.3,1.4,4,3,43.5,44.0,53.0,53.0,50.0,33.33,4,3,300.75,272.67,217.0,172.67,71.11,62.69,0.0,0.0,4,3,10.0,12.33,3.5,1.0,35.0,8.11,10.0,2.7,10.0,37.0,3,2,2.33,1.5,1.67,0.5,58.33,75.0,0.0,50.0,1707,97,92,1,0,H
2.0,1.5,2.0,1.4,1.2,1.4,4.75,4.25,50.5,51.25,85.0,82.75,7.5,8.0,2.2,1.6,1.9,1.6,4,4,50.5,51.25,73.0,55.0,25.0,75.0,4,4,442.75,433.75,380.0,360.0,84.86,82.72,25.0,50.0,4,4,13.25,14.5,4.75,4.25,35.85,29.31,13.21,6.9,7.57,14.5,4,4,1.75,3.0,1.5,1.0,53.85,75.0,0.0,0.0,650,20,4,1,0,H
1.3,1.7,1.0,1.8,1.1,1.2,3.8,4.75,42.2,51.5,72.6,86.75,7.0,7.1,0.9,1.56,0.5,1.67,5,4,42.2,51.5,62.0,62.0,20.0,50.0,5,4,314.4,543.25,229.6,471.25,72.46,86.7,0.0,75.0,5,4,12.6,13.5,3.8,4.75,30.16,35.19,11.11,11.11,9.0,9.0,5,4,2.4,2.0,1.2,0.5,66.67,80.0,40.0,75.0,1708,90,80,0,0,D
0.9,1.1,0.9,0.7,1.0,1.1,3.0,2.67,51.67,35.0,78.0,73.67,7.5,7.5,1.11,1.2,1.33,0.9,3,3,51.67,35.0,65.0,44.0,33.33,0.0,3,3,386.0,283.33,303.0,214.0,78.16,73.63,0.0,0.0,3,3,15.0,7.33,3.0,2.67,20.0,36.36,2.22,18.18,45.0,5.5,3,3,2.67,4.0,0.67,0.67,80.0,85.71,33.33,33.33,1338,61,63,1,2,A
1.2,2.0,1.0,1.6,0.9,0.8,4.33,3.0,41.33,48.75,81.0,83.25,7.4,7.3,1.33,1.22,1.44,1.44,3,4,41.33,48.75,46.0,56.0,0.0,50.0,3,4,344.67,417.5,281.0,348.25,80.86,83.41,0.0,25.0,3,4,12.0,13.0,4.33,3.0,36.11,23.08,11.11,5.77,9.0,17.33,3,4,5.0,2.75,1.33,1.75,78.95,61.11,0.0,0.0,1339,75,77,0,1,A
1.3,1.2,1.8,1.4,1.9,1.4,6.67,5.33,49.0,48.33,81.67,84.33,7.3,7.4,1.22,1.0,1.33,1.2,3,3,49.0,48.33,61.0,55.0,33.33,33.33,3,3,480.0,437.67,393.0,369.0,81.59,84.33,0.0,0.0,3,3,14.67,15.67,6.67,5.33,45.45,34.04,11.36,10.64,8.8,9.4,3,3,5.0,3.67,2.0,3.0,71.43,55.0,33.33,0.0,969,44,47,4,4,D
1.3,2.1,1.2,2.5,1.3,1.0,3.33,7.67,56.0,69.67,84.33,88.67,7.2,7.3,1.8,2.0,2.0,1.78,3,3,56.0,69.67,68.0,71.0,66.67,100.0,3,3,533.67,704.33,453.33,628.33,84.23,88.91,33.33,100.0,3,3,12.0,16.67,3.33,7.67,27.78,46.0,11.11,22.0,9.0,4.55,3,3,4.67,1.0,0.67,1.0,87.5,50.0,66.67,33.33,970,52,40,3,3,D
1.3,1.6,1.2,1.4,1.7,1.5,4.33,3.0,39.0,51.0,73.33,83.5,7.4,7.6,1.0,1.78,1.1,1.56,3,2,39.0,51.0,46.0,55.0,0.0,50.0,3,2,345.67,452.0,254.0,377.0,73.43,83.4,0.0,0.0,3,2,12.0,8.0,4.33,3.0,36.11,37.5,5.56,12.5,18.0,8.0,3,2,2.33,3.0,0.33,1.0,87.5,75.0,66.67,50.0,971,55,43,2,2,D
1.0,0.6,0.8,1.7,1.2,2.0,2.0,7.0,61.0,62.33,80.0,86.0,7.3,7.3,1.2,1.6,1.0,1.9,2,3,61.0,62.33,61.0,67.0,100.0,100.0,2,3,568.0,564.0,451.5,485.33,79.53,85.94,0.0,66.67,2,3,9.5,16.33,2.0,7.0,21.05,42.86,0.0,14.29,0.0,7.0,2,3,2.5,4.0,1.5,2.33,62.5,63.16,0.0,0.0,972,56,51,0,1,A
1.1,0.5,0.9,1.1,1.1,2.5,3.0,2.0,35.25,35.75,75.5,79.0,6.8,8.1,1.1,0.9,1.3,1.2,4,4,35.25,35.75,47.0,49.0,0.0,0.0,4,4,296.0,313.5,223.25,250.25,75.42,79.14,0.0,25.0,4,4,10.75,6.25,3.0,2.0,27.91,32.0,9.3,8.0,10.75,12.5,4,4,3.25,3.25,3.25,1.75,50.0,65.0,0.0,25.0,651,9,18,2,2,D
0.1,0.2,0.2,0.7,2.3,2.6,3.5,3.75,41.75,62.5,79.75,89.0,7.9,8.2,0.1,0.5,0.2,0.9,4,4,41.75,62.5,58.0,78.0,25.0,75.0,4,4,383.75,601.5,313.0,536.0,79.75,89.0,25.0,100.0,4,4,8.75,12.0,3.5,3.75,40.0,31.25,14.29,2.08,7.0,48.0,4,4,3.5,4.5,1.75,2.0,66.67,69.23,0.0,0.0,652,10,7,2,0,H
1.5,1.3,1.0,1.2,1.1,1.4,4.8,3.5,43.6,49.0,82.8,79.25,7.3,6.9,1.4,0.9,1.8,0.7,5,4,43.6,49.0,46.0,61.0,0.0,25.0,5,4,407.6,404.25,340.8,322.0,83.05,79.38,40.0,0.0,5,4,14.2,10.5,4.8,3.5,33.8,33.33,15.49,11.9,6.45,8.4,5,4,4.0,2.0,1.6,1.75,71.43,53.33,0.0,25.0,1709,83,96,4,2,H
2.4,2.5,1.6,2.6,0.6,1.1,5.67,9.33,56.67,67.67,83.67,91.67,7.3,7.3,2.33,2.56,2.0,2.89,3,3,56.67,67.67,60.0,76.0,100.0,100.0,3,3,483.67,726.33,405.33,668.67,83.72,91.81,33.33,100.0,3,3,12.33,17.67,5.67,9.33,45.95,52.83,18.92,24.53,5.29,4.08,3,3,5.33,2.33,2.0,0.67,72.73,77.78,0.0,33.33,281,32,28,2,1,H
0.3,1.9,0.6,1.5,1.5,0.8,4.0,5.33,40.33,53.33,79.67,82.67,7.3,7.2,0.6,1.9,0.6,1.7,3,3,40.33,53.33,47.0,67.0,0.0,66.67,3,3,343.33,448.33,277.33,373.0,79.75,82.64,33.33,33.33,3,3,16.0,19.67,4.0,5.33,25.0,27.12,2.08,8.47,48.0,11.8,3,3,1.67,1.33,2.0,1.33,45.45,50.0,33.33,33.33,1340,76,62,0,1,A
1.7,1.0,1.4,1.2,0.7,1.3,5.67,5.0,50.0,46.33,83.33,77.0,7.5,8.1,1.9,1.7,1.6,2.1,3,3,50.0,46.33,61.0,53.0,66.67,33.33,3,3,401.33,381.67,342.0,293.33,83.44,76.8,66.67,0.0,3,3,12.67,15.33,5.67,5.0,44.74,32.61,13.16,10.87,7.6,9.2,3,3,3.0,5.67,0.33,1.33,90.0,80.95,66.67,0.0,653,8,3,1,2,A
1.9,0.9,2.3,1.0,1.3,1.3,5.0,3.67,61.33,45.0,88.33,74.67,7.2,7.6,1.33,1.4,2.11,1.7,3,3,61.33,45.0,70.0,60.0,100.0,33.33,3,3,596.67,360.33,528.33,274.33,88.31,74.63,100.0,0.0,3,3,14.0,13.67,5.0,3.67,35.71,26.83,14.29,12.2,7.0,8.2,3,3,1.67,5.0,0.67,1.67,71.43,75.0,66.67,33.33,973,46,42,4,0,H
0.9,1.7,1.0,1.3,1.5,1.2,4.5,3.0,55.75,48.5,83.0,81.25,7.0,6.7,1.1,1.0,1.2,1.22,4,4,55.75,48.5,71.0,58.0,50.0,50.0,4,4,493.5,425.25,411.5,348.25,83.2,81.26,50.0,25.0,4,4,11.0,10.75,4.5,3.0,40.91,27.91,9.09,6.98,11.0,14.33,4,4,4.25,2.5,1.75,1.75,70.83,58.82,0.0,0.0,1710,84,82,2,3,A
0.8,1.5,1.5,1.7,1.5,1.4,3.33,6.0,40.0,45.0,77.33,81.33,7.2,7.3,0.89,1.2,1.22,1.9,3,3,40.0,45.0,54.0,48.0,33.33,0.0,3,3,364.0,376.0,285.33,306.67,77.64,81.4,0.0,0.0,3,3,10.0,16.33,3.33,6.0,33.33,36.73,6.67,10.2,15.0,9.8,3,3,2.0,3.33,1.33,1.67,60.0,66.67,33.33,33.33,282,33,31,2,1,H
1.7,0.9,1.4,0.4,1.0,0.9,5.0,2.67,61.0,38.33,89.33,75.67,7.3,7.6,2.44,1.4,2.0,1.0,3,3,61.0,38.33,67.0,42.0,100.0,0.0,3,3,527.0,330.67,470.67,253.33,89.27,75.58,100.0,33.33,3,3,13.67,8.67,5.0,2.67,36.59,30.77,19.51,19.23,5.12,5.2,3,3,3.33,2.33,0.67,1.0,83.33,70.0,66.67,66.67,1341,72,71,1,0,H
0.1,2.8,0.9,2.5,3.3,0.7,1.0,6.75,42.25,66.25,83.0,87.5,7.1,6.9,0.78,2.25,0.56,2.62,4,4,42.25,66.25,59.0,71.0,25.0,100.0,4,4,371.5,567.5,310.25,496.25,82.86,87.34,25.0,75.0,4,4,9.0,19.0,1.0,6.75,11.11,35.53,2.78,17.11,36.0,5.85,4,4,3.25,1.5,2.5,0.75,56.52,66.67,50.0,25.0,1711,95,79,1,2,A
0.9,1.8,1.5,2.1,2.6,0.8,3.5,5.0,44.75,61.33,78.0,84.0,7.3,7.3,1.2,0.7,1.5,1.1,4,3,44.75,61.33,59.0,62.0,50.0,100.0,4,3,350.0,473.0,276.5,398.67,77.97,84.22,0.0,33.33,4,3,11.5,17.33,3.5,5.0,30.43,28.85,2.17,7.69,46.0,13.0,4,3,4.0,2.33,1.75,0.33,69.57,87.5,25.0,66.67,283,39,29,1,3,A
0.4,1.5,0.5,1.2,1.9,1.3,2.75,5.33,32.75,58.0,73.0,88.33,7.3,7.4,0.33,2.2,0.56,1.3,4,3,32.75,58.0,38.0,67.0,0.0,66.67,4,3,278.0,474.0,203.75,419.0,73.02,88.13,0.0,100.0,4,3,9.0,12.33,2.75,5.33,30.56,43.24,8.33,16.22,12.0,6.17,4,3,3.25,1.67,0.5,1.67,86.67,50.0,50.0,0.0,1342,73,59,0,1,A
2.2,1.8,1.5,1.6,0.9,1.2,7.25,5.5,61.5,54.5,89.75,85.75,7.1,7.1,2.44,0.9,2.22,1.3,4,4,61.5,54.5,66.0,64.0,100.0,50.0,4,4,617.5,515.5,553.75,443.5,89.58,85.88,100.0,75.0,4,4,19.25,11.25,7.25,5.5,37.66,48.89,9.09,22.22,11.0,4.5,4,4,1.75,2.75,0.5,2.25,77.78,55.0,50.0,0.0,1712,89,87,3,2,H
1.1,0.7,1.1,0.7,1.8,1.9,3.67,4.0,37.33,43.33,76.67,80.0,7.4,7.1,1.3,1.0,0.9,0.9,3,3,37.33,43.33,46.0,54.0,0.0,33.33,3,3,321.67,369.67,250.67,298.67,77.01,80.17,0.0,33.33,3,3,9.33,9.33,3.67,4.0,39.29,42.86,17.86,3.57,5.6,28.0,3,3,4.0,3.67,0.33,2.33,92.31,61.11,66.67,0.0,284,26,21,0,1,A
0.9,1.0,1.0,1.4,1.2,1.9,2.75,6.67,42.75,69.0,80.5,87.67,7.8,7.9,1.2,0.9,1.1,1.7,4,3,42.75,69.0,52.0,71.0,25.0,100.0,4,3,370.75,593.33,299.0,520.67,80.56,87.48,0.0,66.67,4,3,13.25,16.0,2.75,6.67,20.75,41.67,9.43,12.5,10.6,8.0,4,3,3.0,1.33,1.5,1.0,66.67,57.14,25.0,33.33,654,12,11,1,1,D
1.7,2.1,2.1,2.3,1.7,1.5,5.0,3.0,60.75,39.0,85.75,71.33,8.1,7.8,1.5,1.8,1.4,1.8,4,3,60.75,39.0,69.0,61.0,75.0,33.33,4,3,523.25,312.33,448.25,231.0,85.66,71.38,100.0,0.0,4,3,16.75,8.67,5.0,3.0,29.85,34.62,8.96,15.38,11.17,6.5,4,3,2.5,4.0,0.5,0.67,83.33,85.71,50.0,33.33,655,15,2,1,1,D
1.8,1.0,1.6,1.1,0.8,1.3,4.75,5.5,41.5,54.0,82.75,86.5,8.4,8.0,0.9,1.2,1.2,1.2,4,4,41.5,54.0,46.0,56.0,0.0,100.0,4,4,396.75,527.75,328.25,457.75,82.73,86.49,50.0,50.0,4,4,11.25,13.25,4.75,5.5,42.22,41.51,13.33,9.43,7.5,10.6,4,4,5.5,1.75,1.5,1.25,78.57,58.33,0.0,50.0,656,17,1,4,3,H
0.2,1.5,0.4,1.3,2.0,0.5,2.0,5.33,54.67,52.0,80.67,86.0,7.4,7.5,0.5,2.22,0.7,2.11,3,3,54.67,52.0,70.0,58.0,66.67,66.67,3,3,451.0,446.33,371.67,385.0,80.49,86.37,33.33,66.67,3,3,6.33,15.67,2.0,5.33,31.58,34.04,10.53,10.64,9.5,9.4,3,3,2.0,3.0,1.0,2.0,66.67,60.0,33.33,33.33,1343,78,67,0,4,A
1.6,0.9,0.9,1.2,0.7,2.0,2.0,4.0,54.5,42.67,82.5,79.33,7.4,7.3,1.33,0.6,0.56,1.4,2,3,54.5,42.67,64.0,54.0,50.0,33.33,2,3,450.5,371.0,374.5,295.67,82.9,79.45,0.0,0.0,2,3,13.0,11.67,2.0,4.0,15.38,34.29,7.69,8.57,13.0,11.67,2,3,3.5,4.67,3.0,3.67,53.85,56.0,0.0,0.0,974,50,57,1,3,A
0.9,0.7,1.0,1.1,1.0,1.7,6.0,2.4,54.0,42.0,84.0,75.8,6.9,7.0,1.1,0.78,0.9,0.67,4,5,54.0,42.0,60.0,54.0,75.0,20.0,4,5,482.0,366.0,404.25,279.4,83.88,75.52,25.0,0.0,4,5,16.5,7.8,6.0,2.4,36.36,30.77,4.55,7.69,22.0,13.0,4,5,3.5,3.4,1.5,1.0,70.0,77.27,25.0,20.0,1713,85,86,2,2,D
2.1,1.2,2.6,1.0,1.6,1.7,4.67,5.67,46.33,50.0,81.0,79.67,7.2,7.4,2.44,1.78,2.56,1.44,3,3,46.33,50.0,52.0,59.0,33.33,66.67,3,3,394.67,421.0,320.67,338.33,80.91,79.52,0.0,0.0,3,3,12.33,14.0,4.67,5.67,37.84,40.48,10.81,9.52,9.25,10.5,3,3,4.67,2.33,2.67,0.33,63.64,87.5,0.0,66.67,285,23,38,1,2,A
1.3,0.1,1.6,0.2,1.7,2.3,6.0,4.0,48.33,47.33,80.33,82.67,7.5,7.3,1.89,0.3,2.0,0.3,3,3,48.33,47.33,50.0,69.0,0.0,33.33,3,3,425.33,406.67,343.33,341.0,79.98,83.0,33.33,33.33,3,3,14.33,8.67,6.0,4.0,41.86,46.15,11.63,7.69,8.6,13.0,3,3,2.67,3.0,2.33,3.33,53.33,47.37,33.33,0.0,286,34,25,1,0,H
1.7,1.1,1.6,1.7,1.0,2.5,4.33,5.0,53.67,38.0,84.67,79.0,7.4,7.3,1.4,1.4,1.1,1.7,3,3,53.67,38.0,65.0,49.0,66.67,0.0,3,3,471.33,331.33,400.0,264.33,84.92,78.87,66.67,0.0,3,3,11.67,13.67,4.33,5.0,37.14,36.59,8.57,14.63,11.67,6.83,3,3,3.33,4.0,2.0,1.67,62.5,70.59,0.0,33.33,287,35,36,1,2,A
1.7,2.5,1.2,2.2,0.9,0.9,6.0,5.25,57.0,60.25,88.33,86.5,7.7,7.0,2.3,2.1,1.9,2.5,3,4,57.0,60.25,63.0,69.0,66.67,75.0,3,4,525.0,560.0,464.67,485.25,88.4,86.52,100.0,50.0,3,4,12.33,15.5,6.0,5.25,48.65,33.87,18.92,11.29,5.29,8.86,3,4,2.33,2.25,1.67,0.25,58.33,90.0,0.0,75.0,657,13,6,3,1,H
1.8,2.1,1.6,1.7,1.1,0.8,6.0,9.33,40.0,60.33,76.33,88.33,7.4,7.3,1.9,2.4,2.1,2.1,3,3,40.0,60.33,54.0,63.0,33.33,100.0,3,3,365.0,606.33,279.67,535.67,76.45,88.28,0.0,100.0,3,3,17.0,23.67,6.0,9.33,35.29,39.44,9.8,12.68,10.2,7.89,3,3,1.33,3.33,1.33,2.0,50.0,62.5,0.0,0.0,975,41,48,2,2,D
2.6,1.7,1.4,1.2,0.3,0.9,3.67,7.0,60.0,61.33,86.33,84.67,7.3,7.1,2.6,0.89,2.4,1.22,3,3,60.0,61.33,73.0,68.0,66.67,100.0,3,3,515.67,482.33,446.67,409.33,86.26,84.73,66.67,33.33,3,3,16.33,15.67,3.67,7.0,22.45,44.68,2.04,6.38,49.0,15.67,3,3,1.67,3.67,0.67,1.0,71.43,78.57,66.67,33.33,1344,66,69,1,0,H
1.6,2.5,1.3,2.3,0.7,1.0,2.8,3.5,42.4,51.5,77.8,84.0,7.2,7.2,1.8,1.6,1.2,1.6,5,4,42.4,51.5,55.0,64.0,20.0,50.0,5,4,344.2,483.0,269.8,407.25,77.81,84.04,0.0,25.0,5,4,10.0,14.75,2.8,3.5,28.0,23.73,10.0,5.08,10.0,19.67,5,4,3.4,1.75,1.0,0.75,77.27,70.0,20.0,50.0,1714,88,91,1,2,A
1.5,1.6,1.5,1.6,1.5,1.4,5.0,5.0,45.0,40.0,77.5,82.67,7.4,7.2,2.11,1.33,1.67,1.33,2,3,45.0,40.0,54.0,50.0,50.0,0.0,2,3,332.5,367.33,259.0,304.33,77.84,82.55,0.0,33.33,2,3,12.5,13.0,5.0,5.0,40.0,38.46,16.0,12.82,6.25,7.8,2,3,6.0,2.67,2.0,1.33,75.0,66.67,0.0,0.0,976,45,49,1,1,D
2.1,1.5,1.5,2.1,1.0,1.8,5.0,6.25,61.75,62.0,87.25,88.75,7.3,7.1,2.5,1.33,1.9,1.22,4,4,61.75,62.0,71.0,76.0,75.0,75.0,4,4,587.25,630.5,514.5,563.5,87.37,88.69,100.0,75.0,4,4,14.5,12.5,5.0,6.25,34.48,50.0,8.62,24.0,11.6,4.17,4,4,2.5,2.75,1.0,1.0,71.43,73.33,50.0,25.0,288,22,24,1,1,D
2.0,1.9,1.4,1.0,0.8,1.0,4.0,4.0,64.75,58.5,85.75,90.25,6.9,7.6,2.36,1.33,2.18,1.0,4,4,64.75,58.5,74.0,66.0,100.0,75.0,4,4,542.25,567.75,464.5,512.25,85.64,90.26,50.0,100.0,4,4,14.5,11.0,4.0,4.0,27.59,36.36,6.9,13.64,14.5,7.33,4,4,1.75,1.25,1.75,0.0,50.0,100.0,0.0,100.0,1345,68,65,1,1,D
1.1,1.6,1.2,1.4,1.7,0.6,2.0,2.75,58.0,52.0,78.25,81.0,6.9,7.0,1.78,1.6,1.11,1.1,4,4,58.0,52.0,66.0,69.0,75.0,75.0,4,4,407.75,435.0,325.0,355.75,78.25,81.12,25.0,25.0,4,4,7.5,9.0,2.0,2.75,26.67,30.56,10.0,8.33,10.0,12.0,4,4,2.25,1.25,1.0,1.0,69.23,55.56,50.0,25.0,1715,94,81,0,0,D
1.2,1.3,0.7,1.7,0.8,1.4,3.0,5.0,40.33,58.33,78.33,89.67,7.4,6.8,1.89,1.8,1.11,1.7,3,3,40.33,58.33,58.0,61.0,33.33,100.0,3,3,320.0,520.33,252.33,466.0,78.38,89.62,0.0,100.0,3,3,11.67,17.67,3.0,5.0,25.71,28.3,8.57,9.43,11.67,10.6,3,3,2.67,2.33,1.33,2.0,66.67,53.85,33.33,0.0,1346,64,60,1,2,A
1.5,1.3,1.5,1.3,1.7,1.4,3.75,6.0,54.0,42.75,81.75,78.25,7.5,8.4,1.5,1.8,1.5,2.1,4,4,54.0,42.75,67.0,53.0,75.0,50.0,4,4,494.5,373.75,405.5,294.5,81.63,78.13,0.0,0.0,4,4,14.25,14.5,3.75,6.0,26.32,41.38,7.02,6.9,14.25,14.5,4,4,3.0,2.5,1.75,0.5,63.16,83.33,0.0,50.0,658,16,19,1,1,D
0.4,1.3,0.9,1.1,1.9,0.9,3.75,3.4,57.5,46.8,90.0,81.2,7.0,6.7,1.1,1.1,1.5,0.8,4,5,57.5,46.8,61.0,55.0,100.0,40.0,4,5,548.0,385.0,492.75,312.0,89.81,81.11,100.0,0.0,4,5,11.75,11.0,3.75,3.4,31.91,30.91,14.89,5.45,6.71,18.33,4,5,2.75,4.0,1.0,0.8,73.33,83.33,50.0,40.0,1716,93,98,1,0,H
0.6,1.0,0.8,1.5,1.6,1.7,3.67,5.33,45.0,48.33,74.67,84.33,7.6,7.3,1.0,1.1,1.6,1.6,3,3,45.0,48.33,60.0,55.0,33.33,33.33,3,3,360.33,437.67,274.33,369.0,74.63,84.33,0.0,0.0,3,3,13.67,15.67,3.67,5.33,26.83,34.04,12.2,10.64,8.2,9.4,3,3,5.0,3.67,1.67,3.0,75.0,55.0,33.33,0.0,977,42,47,2,2,D
1.6,2.1,1.8,1.5,1.3,0.7,5.0,4.0,58.33,64.75,89.67,85.75,7.0,6.8,1.44,1.44,1.33,0.89,3,4,58.33,64.75,61.0,74.0,100.0,100.0,3,4,520.33,542.25,466.0,464.5,89.62,85.64,100.0,50.0,3,4,17.67,14.5,5.0,4.0,28.3,27.59,9.43,6.9,10.6,14.5,3,4,2.33,1.75,2.0,1.75,53.85,50.0,0.0,0.0,1347,60,68,3,1,H
0.9,0.9,1.1,0.9,1.5,1.7,4.5,3.5,55.75,43.5,83.0,71.0,7.1,7.1,1.1,1.2,1.2,0.9,4,4,55.75,43.5,71.0,53.0,50.0,50.0,4,4,493.5,300.75,411.5,217.0,83.2,71.11,50.0,0.0,4,4,11.0,10.0,4.5,3.5,40.91,35.0,9.09,10.0,11.0,10.0,4,3,4.25,2.33,1.75,1.67,70.83,58.33,0.0,0.0,1717,84,97,0,1,A
1.9,0.9,1.5,1.1,1.3,1.3,3.0,1.0,48.5,44.0,81.25,62.67,7.1,7.2,2.0,1.64,1.3,1.27,4,3,48.5,44.0,58.0,53.0,50.0,33.33,4,3,425.25,272.67,348.25,172.67,81.26,62.69,25.0,0.0,4,3,10.75,12.33,3.0,1.0,27.91,8.11,6.98,2.7,14.33,37.0,4,2,2.5,1.5,1.75,0.5,58.82,75.0,0.0,50.0,1718,82,92,3,0,H
2.0,0.8,1.5,1.0,0.8,1.2,3.0,3.0,48.75,51.67,83.25,78.0,7.1,7.3,1.82,0.9,1.55,0.8,4,3,48.75,51.67,56.0,65.0,50.0,33.33,4,3,417.5,386.0,348.25,303.0,83.41,78.16,25.0,0.0,4,3,13.0,15.0,3.0,3.0,23.08,20.0,5.77,2.22,17.33,45.0,4,3,2.75,2.67,1.75,0.67,61.11,80.0,0.0,33.33,1348,77,61,3,1,H
1.7,1.3,1.5,1.5,1.4,1.6,3.0,3.33,51.0,56.0,83.5,84.33,7.3,7.3,1.4,1.0,1.5,1.0,2,3,51.0,56.0,55.0,68.0,50.0,66.67,2,3,452.0,533.67,377.0,453.33,83.4,84.23,0.0,33.33,2,3,8.0,12.0,3.0,3.33,37.5,27.78,12.5,11.11,8.0,9.0,2,3,3.0,4.67,1.0,0.67,75.0,87.5,50.0,66.67,978,43,52,0,0,D
0.6,1.3,0.8,1.4,1.8,1.6,3.67,5.0,40.67,45.0,72.67,77.5,7.5,7.4,1.0,1.09,1.0,1.36,3,2,40.67,45.0,46.0,54.0,0.0,50.0,3,2,343.33,332.5,249.67,259.0,72.63,77.84,0.0,0.0,3,2,12.67,12.5,3.67,5.0,28.95,40.0,2.63,16.0,38.0,6.25,3,2,3.67,6.0,1.67,2.0,68.75,75.0,0.0,0.0,979,53,45,1,4,A
1.4,1.2,1.3,0.8,1.7,1.5,4.33,5.0,39.0,38.0,73.33,74.67,7.3,7.1,1.1,0.9,1.2,1.1,3,3,39.0,38.0,46.0,39.0,0.0,0.0,3,3,345.67,330.33,254.0,246.67,73.43,74.72,0.0,0.0,3,3,12.0,10.33,4.33,5.0,36.11,48.39,5.56,25.81,18.0,3.88,3,3,2.33,1.67,0.33,1.33,87.5,55.56,66.67,66.67,980,55,54,0,3,A
1.2,1.6,1.4,1.7,1.8,1.3,4.0,6.0,42.67,40.0,79.33,76.33,7.4,7.5,1.1,1.5,1.9,1.0,3,3,42.67,40.0,54.0,54.0,33.33,33.33,3,3,371.0,365.0,295.67,279.67,79.45,76.45,0.0,0.0,3,3,11.67,17.0,4.0,6.0,34.29,35.29,8.57,9.8,11.67,10.2,3,3,4.67,1.33,3.67,1.33,56.0,50.0,0.0,0.0,981,57,41,1,2,A
1.2,0.9,1.2,0.9,1.4,1.2,4.25,3.0,51.25,35.25,82.75,75.5,7.2,7.3,1.33,1.33,1.33,0.78,4,4,51.25,35.25,55.0,47.0,75.0,0.0,4,4,433.75,296.0,360.0,223.25,82.72,75.42,50.0,0.0,4,4,14.5,10.75,4.25,3.0,29.31,27.91,6.9,9.3,14.5,10.75,4,4,3.0,3.25,1.0,3.25,75.0,50.0,0.0,0.0,659,4,9,1,3,A
2.2,1.5,1.6,1.9,0.8,1.8,3.33,5.0,45.0,60.75,79.67,85.75,7.2,7.5,1.6,1.33,1.5,1.89,3,4,45.0,60.75,48.0,69.0,0.0,75.0,3,4,351.33,523.25,279.67,448.25,79.55,85.66,0.0,100.0,3,4,10.67,16.75,3.33,5.0,31.25,29.85,9.38,8.96,10.67,11.17,3,4,3.33,2.5,3.0,0.5,52.63,83.33,0.0,50.0,660,5,15,0,2,A
0.2,2.0,0.6,1.5,2.5,0.8,3.75,6.25,62.5,62.25,89.0,90.75,7.5,7.3,0.1,1.56,0.5,1.67,4,4,62.5,62.25,78.0,75.0,75.0,100.0,4,4,601.5,640.0,536.0,583.0,89.0,90.83,100.0,100.0,4,4,12.0,16.5,3.75,6.25,31.25,37.88,2.08,16.67,48.0,6.0,4,4,4.5,2.5,2.0,0.75,69.23,76.92,0.0,25.0,661,7,14,0,0,D
0.5,1.8,1.2,1.9,2.6,1.1,2.0,4.75,35.75,41.5,79.0,82.75,7.4,7.3,0.33,2.0,0.78,1.9,4,4,35.75,41.5,49.0,46.0,0.0,0.0,4,4,313.5,396.75,250.25,328.25,79.14,82.73,25.0,50.0,4,4,6.25,11.25,2.0,4.75,32.0,42.22,8.0,13.33,12.5,7.5,4,4,3.25,5.5,1.75,1.5,65.0,78.57,25.0,0.0,662,18,17,0,1,A
1.7,0.7,1.7,0.8,1.4,1.2,5.5,6.0,54.5,54.0,85.75,84.0,7.4,7.2,2.11,1.1,1.67,1.4,4,4,54.5,54.0,64.0,60.0,50.0,75.0,4,4,515.5,482.0,443.5,404.25,85.88,83.88,75.0,25.0,4,4,11.25,16.5,5.5,6.0,48.89,36.36,22.22,4.55,4.5,22.0,4,4,2.75,3.5,2.25,1.5,55.0,70.0,0.0,25.0,1719,87,85,3,2,H
1.7,1.7,1.1,1.0,1.1,1.1,5.33,4.0,58.0,58.5,88.33,90.25,7.3,7.4,1.0,1.3,1.5,1.0,3,4,58.0,58.5,67.0,66.0,66.67,75.0,3,4,474.0,567.75,419.0,512.25,88.13,90.26,100.0,100.0,3,4,12.33,11.0,5.33,4.0,43.24,36.36,16.22,13.64,6.17,7.33,3,4,1.67,1.25,1.67,0.0,50.0,100.0,0.0,100.0,1349,59,65,1,1,D
1.0,2.2,1.1,2.0,1.3,1.1,5.0,4.75,46.33,50.5,77.0,85.0,7.3,7.2,1.2,1.3,1.1,1.3,3,4,46.33,50.5,53.0,73.0,33.33,25.0,3,4,381.67,442.75,293.33,380.0,76.8,84.86,0.0,25.0,3,4,15.33,13.25,5.0,4.75,32.61,35.85,10.87,13.21,9.2,7.57,3,4,5.67,1.75,1.33,1.5,80.95,53.85,0.0,0.0,663,3,20,0,1,A
2.1,1.1,2.8,2.0,1.3,2.2,7.67,6.67,69.67,49.0,88.67,81.67,7.3,7.4,2.55,1.6,3.45,2.1,3,3,69.67,49.0,71.0,61.0,100.0,33.33,3,3,704.33,480.0,628.33,393.0,88.91,81.59,100.0,0.0,3,3,16.67,14.67,7.67,6.67,46.0,45.45,22.0,11.36,4.55,8.8,3,3,1.0,5.0,1.0,2.0,50.0,71.43,33.33,33.33,982,40,44,2,0,H
0.7,1.7,0.9,1.3,1.7,1.2,3.75,4.8,57.5,43.6,90.0,82.8,7.5,7.2,1.1,1.6,1.2,1.3,4,5,57.5,43.6,61.0,46.0,100.0,0.0,4,5,548.0,407.6,492.75,340.8,89.81,83.05,100.0,40.0,4,5,11.75,14.2,3.75,4.8,31.91,33.8,14.89,15.49,6.71,6.45,4,5,2.75,4.0,1.0,1.6,73.33,71.43,50.0,0.0,1720,93,83,0,1,A
1.0,0.1,0.8,1.0,0.9,3.1,3.4,1.0,46.8,42.25,81.2,83.0,7.4,7.1,1.5,0.0,1.3,0.9,5,4,46.8,42.25,55.0,59.0,40.0,25.0,5,4,385.0,371.5,312.0,310.25,81.11,82.86,0.0,25.0,5,4,11.0,9.0,3.4,1.0,30.91,11.11,5.45,2.78,18.33,36.0,5,4,4.0,3.25,0.8,2.5,83.33,56.52,40.0,50.0,1721,98,95,2,1,H
0.4,1.2,0.5,1.0,1.7,0.9,2.75,4.33,32.75,41.33,73.0,81.0,7.2,7.1,0.3,0.5,0.5,0.6,4,3,32.75,41.33,38.0,46.0,0.0,0.0,4,3,278.0,344.67,203.75,281.0,73.02,80.86,0.0,0.0,4,3,9.0,12.0,2.75,4.33,30.56,36.11,8.33,11.11,12.0,9.0,4,3,3.25,5.0,0.5,1.33,86.67,78.95,50.0,0.0,1350,73,75,2,1,H
0.7,2.4,0.7,1.6,1.9,0.7,4.0,5.67,43.33,56.67,80.0,83.67,7.2,7.3,1.0,2.0,0.7,1.2,3,3,43.33,56.67,54.0,60.0,33.33,100.0,3,3,369.67,483.67,298.67,405.33,80.17,83.72,33.33,33.33,3,3,9.33,12.33,4.0,5.67,42.86,45.95,3.57,18.92,28.0,5.29,3,3,3.67,5.33,2.33,2.0,61.11,72.73,0.0,0.0,289,21,32,2,1,H
0.1,2.2,0.1,2.6,2.0,1.3,4.0,9.33,47.33,67.67,82.67,91.67,7.4,7.2,0.6,2.3,0.8,2.7,3,3,47.33,67.67,69.0,76.0,33.33,100.0,3,3,406.67,726.33,341.0,668.67,83.0,91.81,33.33,100.0,3,3,8.67,17.67,4.0,9.33,46.15,52.83,7.69,24.53,13.0,4.08,3,3,3.0,2.33,3.33,0.67,47.37,77.78,0.0,33.33,290,25,28,1,4,A
1.8,1.8,1.7,2.3,0.8,1.7,5.0,4.67,61.33,46.33,84.0,81.0,7.3,7.2,2.44,1.3,2.89,2.0,3,3,61.33,46.33,62.0,52.0,100.0,33.33,3,3,473.0,394.67,398.67,320.67,84.22,80.91,33.33,0.0,3,3,17.33,12.33,5.0,4.67,28.85,37.84,7.69,10.81,13.0,9.25,3,3,2.33,4.67,0.33,2.67,87.5,63.64,66.67,0.0,291,29,23,2,0,H
1.1,0.9,0.6,1.5,0.9,2.4,3.33,3.5,39.33,44.75,79.0,78.0,7.1,7.4,0.8,0.5,0.8,0.9,3,4,39.33,44.75,53.0,59.0,33.33,50.0,3,4,336.67,350.0,266.67,276.5,78.72,77.97,0.0,0.0,3,4,8.67,11.5,3.33,3.5,38.46,30.43,15.38,2.17,6.5,46.0,3,4,5.67,4.0,1.67,1.75,77.27,69.57,0.0,25.0,292,30,39,0,2,A
1.5,1.7,1.8,1.6,1.4,1.2,6.0,4.5,45.0,50.75,81.33,84.5,7.2,7.2,1.5,1.5,1.4,2.1,3,4,45.0,50.75,48.0,58.0,0.0,50.0,3,4,376.0,427.0,306.67,362.0,81.4,84.67,0.0,50.0,3,4,16.33,11.5,6.0,4.5,36.73,39.13,10.2,13.04,9.8,7.67,3,4,3.33,4.0,1.67,1.5,66.67,72.73,33.33,0.0,293,31,27,2,0,H
1.1,1.5,1.7,1.2,1.5,1.6,3.33,5.67,40.0,50.0,77.33,79.67,7.2,7.3,1.1,1.9,1.3,1.5,3,3,40.0,50.0,54.0,59.0,33.33,66.67,3,3,364.0,421.0,285.33,338.33,77.64,79.52,0.0,0.0,3,3,10.0,14.0,3.33,5.67,33.33,40.48,6.67,9.52,15.0,10.5,3,3,2.0,2.33,1.33,0.33,60.0,87.5,33.33,66.67,294,33,38,1,1,D
1.5,1.9,1.5,1.4,1.5,1.1,6.0,5.0,48.33,61.75,80.33,87.25,7.4,7.2,2.0,1.2,1.9,1.2,3,4,48.33,61.75,50.0,71.0,0.0,75.0,3,4,425.33,587.25,343.33,514.5,79.98,87.37,33.33,100.0,3,4,14.33,14.5,6.0,5.0,41.86,34.48,11.63,8.62,8.6,11.6,3,4,2.67,2.5,2.33,1.0,53.33,71.43,33.33,50.0,295,34,22,2,0,H
1.6,1.1,1.5,1.0,1.0,1.2,4.33,3.67,53.67,37.33,84.67,76.67,7.6,7.2,1.1,0.9,1.1,1.2,3,3,53.67,37.33,65.0,46.0,66.67,0.0,3,3,471.33,321.67,400.0,250.67,84.92,77.01,66.67,0.0,3,3,11.67,9.33,4.33,3.67,37.14,39.29,8.57,17.86,11.67,5.6,3,3,3.33,4.0,2.0,0.33,62.5,92.31,0.0,66.67,296,35,26,1,1,D
1.4,1.3,1.8,1.7,2.3,1.8,5.0,6.25,38.0,62.0,79.0,88.75,7.3,7.3,0.5,1.11,0.9,1.0,3,4,38.0,62.0,49.0,76.0,0.0,75.0,3,4,331.33,630.5,264.33,563.5,78.87,88.69,0.0,75.0,3,4,13.67,12.5,5.0,6.25,36.59,50.0,14.63,24.0,6.83,4.17,3,4,4.0,2.75,1.67,1.0,70.59,73.33,33.33,25.0,297,36,24,1,3,A
1.7,1.2,1.7,1.2,1.1,1.4,4.75,2.0,51.5,58.0,86.75,78.25,7.3,7.2,2.3,0.8,2.0,1.1,4,4,51.5,58.0,62.0,66.0,50.0,75.0,4,4,543.25,407.75,471.25,325.0,86.7,78.25,75.0,25.0,4,4,13.5,7.5,4.75,2.0,35.19,26.67,11.11,10.0,9.0,10.0,4,4,2.0,2.25,0.5,1.0,80.0,69.23,75.0,50.0,1722,80,94,4,0,H
1.1,0.1,0.6,0.4,1.2,2.4,2.67,2.0,35.0,54.67,73.67,80.67,7.3,7.3,1.2,0.0,1.1,0.6,3,3,35.0,54.67,44.0,70.0,0.0,66.67,3,3,283.33,451.0,214.0,371.67,73.63,80.49,0.0,33.33,3,3,7.33,6.33,2.67,2.0,36.36,31.58,18.18,10.53,5.5,9.5,3,3,4.0,2.0,0.67,1.0,85.71,66.67,33.33,33.33,1351,63,78,1,2,A
2.2,2.0,2.4,1.5,1.2,0.7,3.0,6.0,39.0,57.0,71.33,88.33,7.1,7.4,2.4,0.67,3.0,0.56,3,3,39.0,57.0,61.0,63.0,33.33,66.67,3,3,312.33,525.0,231.0,464.67,71.38,88.4,0.0,100.0,3,3,8.67,12.33,3.0,6.0,34.62,48.65,15.38,18.92,6.5,5.29,3,3,4.0,2.33,0.67,1.67,85.71,58.33,33.33,0.0,664,2,13,2,0,H
0.7,1.5,1.0,1.3,1.6,0.8,2.4,2.8,42.0,42.4,75.8,77.8,7.4,7.3,0.9,1.1,1.1,1.1,5,5,42.0,42.4,54.0,55.0,20.0,20.0,5,5,366.0,344.2,279.4,269.8,75.52,77.81,0.0,0.0,5,5,7.8,10.0,2.4,2.8,30.77,28.0,7.69,10.0,13.0,10.0,5,5,3.4,3.4,1.0,1.0,77.27,77.27,20.0,20.0,1723,86,88,3,2,H
0.9,0.2,0.4,0.6,0.9,1.6,2.67,4.0,38.33,40.33,75.67,79.67,7.4,7.2,0.67,0.89,0.22,1.11,3,3,38.33,40.33,42.0,47.0,0.0,0.0,3,3,330.67,343.33,253.33,277.33,75.58,79.75,33.33,33.33,3,3,8.67,16.0,2.67,4.0,30.77,25.0,19.23,2.08,5.2,48.0,3,3,2.33,1.67,1.0,2.0,70.0,45.45,66.67,33.33,1352,71,76,1,1,D
1.0,1.0,1.4,1.1,1.6,1.2,5.5,2.75,54.0,42.75,86.5,80.5,7.3,7.4,0.89,0.9,0.89,1.0,4,4,54.0,42.75,56.0,52.0,100.0,25.0,4,4,527.75,370.75,457.75,299.0,86.49,80.56,50.0,0.0,4,4,13.25,13.25,5.5,2.75,41.51,20.75,9.43,9.43,10.6,10.6,4,4,1.75,3.0,1.25,1.5,58.33,66.67,50.0,25.0,665,1,12,0,2,A
0.8,1.6,1.4,1.5,2.0,1.6,6.67,3.75,69.0,54.0,87.67,81.75,7.1,7.4,0.89,1.8,1.56,1.6,3,4,69.0,54.0,71.0,67.0,100.0,75.0,3,4,593.33,494.5,520.67,405.5,87.48,81.63,66.67,0.0,3,4,16.0,14.25,6.67,3.75,41.67,26.32,12.5,7.02,8.0,14.25,3,4,1.33,3.0,1.0,1.75,57.14,63.16,33.33,0.0,666,11,16,0,2,A
1.4,0.4,1.3,0.4,1.3,2.1,6.0,3.5,42.75,41.75,78.25,79.75,7.4,7.3,2.0,0.4,1.6,0.6,4,4,42.75,41.75,53.0,58.0,50.0,25.0,4,4,373.75,383.75,294.5,313.0,78.13,79.75,0.0,25.0,4,4,14.5,8.75,6.0,3.5,41.38,40.0,6.9,14.29,14.5,7.0,4,4,2.5,3.5,0.5,1.75,83.33,66.67,50.0,0.0,667,19,10,2,2,D
2.1,2.2,1.9,2.7,1.0,1.1,9.33,5.0,60.33,61.33,88.33,88.33,7.4,7.2,2.3,1.55,1.9,1.73,3,3,60.33,61.33,63.0,70.0,100.0,100.0,3,3,606.33,596.67,535.67,528.33,88.28,88.31,100.0,100.0,3,3,23.67,14.0,9.33,5.0,39.44,35.71,12.68,14.29,7.89,7.0,3,3,3.33,1.67,2.0,0.67,62.5,71.43,0.0,66.67,983,48,46,2,4,A
2.8,2.4,2.6,1.7,0.8,1.0,6.75,7.25,66.25,61.5,87.5,89.75,7.1,7.5,2.08,1.82,2.33,1.64,4,4,66.25,61.5,71.0,66.0,100.0,100.0,4,4,567.5,617.5,496.25,553.75,87.34,89.58,75.0,100.0,4,4,19.0,19.25,6.75,7.25,35.53,37.66,17.11,9.09,5.85,11.0,4,4,1.5,1.75,0.75,0.5,66.67,77.78,25.0,50.0,1724,79,89,4,3,H
2.2,1.4,2.1,1.3,1.1,0.9,5.25,5.67,60.25,50.0,86.5,83.33,7.4,7.2,2.78,2.11,2.67,2.0,4,3,60.25,50.0,69.0,61.0,75.0,66.67,4,3,560.0,401.33,485.25,342.0,86.52,83.44,50.0,66.67,4,3,15.5,12.67,5.25,5.67,33.87,44.74,11.29,13.16,8.86,7.6,4,3,2.25,3.0,0.25,0.33,90.0,90.0,75.0,66.67,668,6,8,2,2,D
1.4,1.0,1.4,0.8,1.4,1.2,5.0,2.0,40.0,61.0,82.67,80.0,7.3,7.3,1.82,1.1,2.09,0.9,3,2,40.0,61.0,50.0,61.0,0.0,100.0,3,2,367.33,568.0,304.33,451.5,82.55,79.53,33.33,0.0,3,2,13.0,9.5,5.0,2.0,38.46,21.05,12.82,0.0,7.8,0.0,3,2,2.67,2.5,1.33,1.5,66.67,62.5,0.0,0.0,984,49,56,2,2,D
1.6,2.0,1.2,1.5,0.9,0.9,5.33,5.0,48.0,61.0,83.67,89.33,7.3,7.3,1.7,1.5,1.1,1.4,3,3,48.0,61.0,58.0,67.0,33.33,100.0,3,3,422.67,527.0,354.67,470.67,83.7,89.27,33.33,100.0,3,3,10.67,13.67,5.33,5.0,50.0,36.59,15.62,19.51,6.4,5.12,3,3,5.0,3.33,1.0,0.67,83.33,83.33,33.33,66.67,1353,70,72,0,2,A
1.6,1.3,1.3,0.7,0.5,0.8,2.75,3.8,52.0,42.2,81.0,72.6,7.4,7.3,2.33,1.33,2.11,1.67,4,5,52.0,42.2,69.0,62.0,75.0,20.0,4,5,435.0,314.4,355.75,229.6,81.12,72.46,25.0,0.0,4,5,9.0,12.6,2.75,3.8,30.56,30.16,8.33,11.11,12.0,9.0,4,5,1.25,2.4,1.0,1.2,55.56,66.67,25.0,40.0,1725,81,90,1,0,H
0.9,1.5,1.7,1.0,1.8,1.0,7.0,2.0,62.33,54.5,86.0,82.5,7.3,7.6,0.9,1.73,1.6,1.36,3,2,62.33,54.5,67.0,64.0,100.0,50.0,3,2,564.0,450.5,485.33,374.5,85.94,82.9,66.67,0.0,3,2,16.33,13.0,7.0,2.0,42.86,15.38,14.29,7.69,7.0,13.0,3,2,4.0,3.5,2.33,3.0,63.16,53.85,0.0,0.0,985,51,50,4,0,H
2.1,0.9,1.4,0.6,0.6,1.0,5.33,3.0,53.33,40.33,82.67,78.33,7.2,7.3,2.56,0.73,1.78,0.55,3,3,53.33,40.33,67.0,58.0,66.67,33.33,3,3,448.33,320.0,373.0,252.33,82.64,78.38,33.33,0.0,3,3,19.67,11.67,5.33,3.0,27.12,25.71,8.47,8.57,11.8,11.67,3,3,1.33,2.67,1.33,1.33,50.0,66.67,33.33,33.33,1354,62,64,2,2,D
2.5,1.2,2.2,1.3,1.1,1.7,3.5,3.5,51.5,49.0,84.0,79.25,7.3,7.3,1.8,0.82,2.0,0.82,4,4,51.5,49.0,64.0,61.0,50.0,25.0,4,4,483.0,404.25,407.25,322.0,84.04,79.38,25.0,0.0,4,4,14.75,10.5,3.5,3.5,23.73,33.33,5.08,11.9,19.67,8.4,4,4,1.75,2.0,0.75,1.75,70.0,53.33,50.0,25.0,1726,91,96,1,1,D
1.0,1.7,0.6,1.2,0.8,0.8,3.33,7.0,40.0,61.33,80.33,84.67,7.0,7.3,1.0,0.89,0.5,1.22,3,3,40.0,61.33,45.0,68.0,0.0,100.0,3,3,337.67,482.33,271.0,409.33,80.3,84.73,0.0,33.33,3,3,10.67,15.67,3.33,7.0,31.25,44.68,3.12,6.38,32.0,15.67,3,3,5.33,3.67,1.33,1.0,80.0,78.57,33.33,33.33,1355,74,69,2,1,H
1.7,2.6,1.7,1.4,0.5,0.3,5.33,3.67,52.0,60.0,86.0,86.33,7.4,7.3,1.1,2.1,1.0,1.1,3,3,52.0,60.0,58.0,73.0,66.67,66.67,3,3,446.33,515.67,385.0,446.67,86.37,86.26,66.67,66.67,3,3,15.67,16.33,5.33,3.67,34.04,22.45,10.64,2.04,9.4,49.0,3,3,3.0,1.67,2.0,0.67,60.0,71.43,33.33,66.67,1356,67,66,2,1,H
0.1,0.7,1.0,0.9,2.6,1.6,1.0,3.75,42.25,57.5,83.0,90.0,7.1,7.1,0.78,0.56,0.67,0.78,4,4,42.25,57.5,59.0,61.0,25.0,100.0,4,4,371.5,548.0,310.25,492.75,82.86,89.81,25.0,100.0,4,4,9.0,11.75,1.0,3.75,11.11,31.91,2.78,14.89,36.0,6.71,4,4,3.25,2.75,2.5,1.0,56.52,73.33,50.0,50.0,1727,95,93,0,1,A
0.9,1.7,0.9,1.9,1.8,1.6,2.0,5.5,58.0,54.5,78.25,85.75,7.1,7.4,1.56,0.9,0.89,1.4,4,4,58.0,54.5,66.0,64.0,75.0,50.0,4,4,407.75,515.5,325.0,443.5,78.25,85.88,25.0,75.0,4,4,7.5,11.25,2.0,5.5,26.67,48.89,10.0,22.22,10.0,4.5,4,4,2.25,2.75,1.0,2.25,69.23,55.0,50.0,0.0,1728,94,87,0,1,A
0.6,0.9,0.9,1.1,1.4,1.4,6.0,4.5,54.0,55.75,84.0,83.0,7.0,7.1,0.89,0.67,1.0,0.89,4,4,54.0,55.75,60.0,71.0,75.0,50.0,4,4,482.0,493.5,404.25,411.5,83.88,83.2,25.0,50.0,4,4,16.5,11.0,6.0,4.5,36.36,40.91,4.55,9.09,22.0,11.0,4,4,3.5,4.25,1.5,1.75,70.0,70.83,25.0,0.0,1729,85,84,1,0,H
1.7,1.0,1.3,1.3,1.2,1.5,4.8,2.4,43.6,42.0,82.8,75.8,7.3,7.2,1.6,0.78,2.0,0.78,5,5,43.6,42.0,46.0,54.0,0.0,20.0,5,5,407.6,366.0,340.8,279.4,83.05,75.52,40.0,0.0,5,5,14.2,7.8,4.8,2.4,33.8,30.77,15.49,7.69,6.45,13.0,5,5,4.0,3.4,1.6,1.0,71.43,77.27,0.0,20.0,1730,83,86,3,0,H
1.3,2.2,0.7,1.8,0.8,1.0,3.8,3.0,42.2,48.5,72.6,81.25,7.4,7.1,0.9,1.33,0.4,1.56,5,4,42.2,48.5,62.0,58.0,20.0,50.0,5,4,314.4,425.25,229.6,348.25,72.46,81.26,0.0,25.0,5,4,12.6,10.75,3.8,3.0,30.16,27.91,11.11,6.98,9.0,14.33,5,4,2.4,2.5,1.2,1.75,66.67,58.82,40.0,0.0,1731,90,82,1,0,H
2.1,1.2,1.8,0.9,1.4,0.9,7.25,3.4,61.5,46.8,89.75,81.2,7.4,7.0,2.44,0.8,2.33,0.5,4,5,61.5,46.8,66.0,55.0,100.0,40.0,4,5,617.5,385.0,553.75,312.0,89.58,81.11,100.0,0.0,4,5,19.25,11.0,7.25,3.4,37.66,30.91,9.09,5.45,11.0,18.33,4,5,1.75,4.0,0.5,0.8,77.78,83.33,50.0,40.0,1732,89,98,2,1,H
1.3,1.7,1.4,1.8,1.7,1.1,3.5,4.75,49.0,51.5,79.25,86.75,7.5,7.3,1.44,1.33,1.56,1.11,4,4,49.0,51.5,61.0,62.0,25.0,50.0,4,4,404.25,543.25,322.0,471.25,79.38,86.7,0.0,75.0,4,4,10.5,13.5,3.5,4.75,33.33,35.19,11.9,11.11,8.4,9.0,4,4,2.0,2.0,1.75,0.5,53.33,80.0,25.0,75.0,1733,96,80,2,0,H
1.2,2.3,1.0,2.1,1.6,1.1,3.5,3.5,43.5,51.5,71.0,84.0,7.4,7.4,1.6,2.11,1.3,1.78,4,4,43.5,51.5,53.0,64.0,50.0,50.0,4,4,300.75,483.0,217.0,407.25,71.11,84.04,0.0,25.0,4,4,10.0,14.75,3.5,3.5,35.0,23.73,10.0,5.08,10.0,19.67,3,4,2.33,1.75,1.67,0.75,58.33,70.0,0.0,50.0,1734,97,91,2,2,D
1.2,2.8,1.4,2.8,1.1,1.1,2.8,6.75,42.4,66.25,77.8,87.5,7.3,7.3,1.5,2.5,1.0,2.62,5,4,42.4,66.25,55.0,71.0,20.0,100.0,5,4,344.2,567.5,269.8,496.25,77.81,87.34,0.0,75.0,5,4,10.0,19.0,2.8,6.75,28.0,35.53,10.0,17.11,10.0,5.85,5,4,3.4,1.5,1.0,0.75,77.27,66.67,20.0,25.0,1735,88,79,0,2,A
0.9,1.6,1.0,0.7,1.4,0.4,1.0,2.75,44.0,52.0,62.67,81.0,7.1,7.3,0.89,1.4,0.78,0.9,3,4,44.0,52.0,53.0,69.0,33.33,75.0,3,4,272.67,435.0,172.67,355.75,62.69,81.12,0.0,25.0,3,4,12.33,9.0,1.0,2.75,8.11,30.56,2.7,8.33,37.0,12.0,2,4,1.5,1.25,0.5,1.0,75.0,55.56,50.0,25.0,1736,92,81,0,2,A
2.4,0.5,1.9,1.0,0.9,2.1,4.75,6.67,50.5,69.0,85.0,87.67,7.5,7.3,2.2,0.7,1.9,1.3,4,3,50.5,69.0,73.0,71.0,25.0,100.0,4,3,442.75,593.33,380.0,520.67,84.86,87.48,25.0,66.67,4,3,13.25,16.0,4.75,6.67,35.85,41.67,13.21,12.5,7.57,8.0,4,3,1.75,1.33,1.5,1.0,53.85,57.14,0.0,33.33,669,20,11,2,0,H
2.0,0.9,1.4,1.2,0.7,1.6,6.0,5.5,57.0,54.0,88.33,86.5,7.3,7.5,2.3,0.9,2.0,1.3,3,4,57.0,54.0,63.0,56.0,66.67,100.0,3,4,525.0,527.75,464.67,457.75,88.4,86.49,100.0,50.0,3,4,12.33,13.25,6.0,5.5,48.65,41.51,18.92,9.43,5.29,10.6,3,4,2.33,1.75,1.67,1.25,58.33,58.33,0.0,50.0,670,13,1,1,0,H
1.6,1.5,1.4,1.6,1.4,1.2,6.0,5.0,40.0,40.0,76.33,82.67,7.4,7.2,1.7,1.11,2.0,1.0,3,3,40.0,40.0,54.0,50.0,33.33,0.0,3,3,365.0,367.33,279.67,304.33,76.45,82.55,0.0,33.33,3,3,17.0,13.0,6.0,5.0,35.29,38.46,9.8,12.82,10.2,7.8,3,3,1.33,2.67,1.33,1.33,50.0,66.67,0.0,0.0,986,41,49,1,3,A
1.1,0.6,2.0,0.9,2.1,1.7,6.67,3.67,49.0,45.0,81.67,74.67,7.4,7.5,1.22,1.1,1.67,1.2,3,3,49.0,45.0,61.0,60.0,33.33,33.33,3,3,480.0,360.33,393.0,274.33,81.59,74.63,0.0,0.0,3,3,14.67,13.67,6.67,3.67,45.45,26.83,11.36,12.2,8.8,8.2,3,3,5.0,5.0,2.0,1.67,71.43,75.0,33.33,33.33,987,44,42,0,1,A
1.3,1.8,1.6,1.9,1.7,1.4,5.0,9.33,45.0,60.33,77.5,88.33,7.4,7.4,1.89,2.2,1.56,2.1,2,3,45.0,60.33,54.0,63.0,50.0,100.0,2,3,332.5,606.33,259.0,535.67,77.84,88.28,0.0,100.0,2,3,12.5,23.67,5.0,9.33,40.0,39.44,16.0,12.68,6.25,7.89,2,3,6.0,3.33,2.0,2.0,75.0,62.5,0.0,0.0,988,45,48,2,2,D
2.2,1.2,2.5,1.5,1.3,1.8,5.0,4.0,61.33,42.67,88.33,79.33,7.2,7.5,1.56,0.9,2.44,1.6,3,3,61.33,42.67,70.0,54.0,100.0,33.33,3,3,596.67,371.0,528.33,295.67,88.31,79.45,100.0,0.0,3,3,14.0,11.67,5.0,4.0,35.71,34.29,14.29,8.57,7.0,11.67,3,3,1.67,4.67,0.67,3.67,71.43,56.0,66.67,0.0,989,46,57,3,0,H
1.0,2.1,1.6,2.6,1.8,1.3,5.33,7.67,48.33,69.67,84.33,88.67,7.2,7.3,0.78,2.0,1.11,2.0,3,3,48.33,69.67,55.0,71.0,33.33,100.0,3,3,437.67,704.33,369.0,628.33,84.33,88.91,0.0,100.0,3,3,15.67,16.67,5.33,7.67,34.04,46.0,10.64,22.0,9.4,4.55,3,3,3.67,1.0,3.0,1.0,55.0,50.0,0.0,33.33,990,47,40,0,4,A
1.2,1.4,0.7,1.3,1.4,1.4,2.0,4.33,54.5,39.0,82.5,73.33,7.6,7.3,1.0,1.22,0.56,1.11,2,3,54.5,39.0,64.0,46.0,50.0,0.0,2,3,450.5,345.67,374.5,254.0,82.9,73.43,0.0,0.0,2,3,13.0,12.0,2.0,4.33,15.38,36.11,7.69,5.56,13.0,18.0,2,3,3.5,2.33,3.0,0.33,53.85,87.5,0.0,66.67,991,50,55,1,2,A
1.3,1.1,1.3,2.0,1.4,1.7,3.33,7.0,56.0,62.33,84.33,86.0,7.2,7.3,1.9,1.8,2.2,1.8,3,3,56.0,62.33,68.0,67.0,66.67,100.0,3,3,533.67,564.0,453.33,485.33,84.23,85.94,33.33,66.67,3,3,12.0,16.33,3.33,7.0,27.78,42.86,11.11,14.29,9.0,7.0,3,3,4.67,4.0,0.67,2.33,87.5,63.16,66.67,0.0,992,52,51,2,3,A
1.4,1.8,0.9,1.5,1.3,0.9,5.0,3.0,38.0,51.0,74.67,83.5,7.2,7.5,0.7,1.56,0.7,1.67,3,2,38.0,51.0,39.0,55.0,0.0,50.0,3,2,330.33,452.0,246.67,377.0,74.72,83.4,0.0,0.0,3,2,10.33,8.0,5.0,3.0,48.39,37.5,25.81,12.5,3.88,8.0,3,2,1.67,3.0,1.33,1.0,55.56,75.0,66.67,50.0,993,54,43,1,4,A
1.1,0.5,1.0,0.8,1.2,2.1,2.0,3.67,61.0,40.67,80.0,72.67,7.4,7.5,0.9,0.78,0.7,0.89,2,3,61.0,40.67,61.0,46.0,100.0,0.0,2,3,568.0,343.33,451.5,249.67,79.53,72.63,0.0,0.0,2,3,9.5,12.67,2.0,3.67,21.05,28.95,0.0,2.63,0.0,38.0,2,3,2.5,3.67,1.5,1.67,62.5,68.75,0.0,0.0,994,56,53,0,2,A
1.0,1.7,0.8,1.4,1.1,0.6,3.0,5.33,40.33,52.0,78.33,86.0,7.4,7.4,1.78,2.22,1.22,2.44,3,3,40.33,52.0,58.0,58.0,33.33,66.67,3,3,320.0,446.33,252.33,385.0,78.38,86.37,0.0,66.67,3,3,11.67,15.67,3.0,5.33,25.71,34.04,8.57,10.64,11.67,9.4,3,3,2.67,3.0,1.33,2.0,66.67,60.0,33.33,33.33,1357,64,67,2,3,A
1.6,1.1,1.2,0.6,1.2,1.0,5.0,3.33,61.75,39.33,87.25,79.0,7.3,7.4,2.3,0.7,1.9,0.4,4,3,61.75,39.33,71.0,53.0,75.0,33.33,4,3,587.25,336.67,514.5,266.67,87.37,78.72,100.0,0.0,4,3,14.5,8.67,5.0,3.33,34.48,38.46,8.62,15.38,11.6,6.5,4,3,2.5,5.67,1.0,1.67,71.43,77.27,50.0,0.0,298,22,30,2,1,H
1.8,0.9,2.1,0.6,1.6,1.7,4.67,4.0,46.33,43.33,81.0,80.0,7.1,7.2,2.11,1.11,2.22,1.0,3,3,46.33,43.33,52.0,54.0,33.33,33.33,3,3,394.67,369.67,320.67,298.67,80.91,80.17,0.0,33.33,3,3,12.33,9.33,4.67,4.0,37.84,42.86,10.81,3.57,9.25,28.0,3,3,4.67,3.67,2.67,2.33,63.64,61.11,0.0,0.0,299,23,21,2,0,H
1.6,1.5,2.0,1.9,1.6,1.4,6.25,6.0,62.0,45.0,88.75,81.33,7.2,7.4,2.3,1.2,2.9,2.0,4,3,62.0,45.0,76.0,48.0,75.0,0.0,4,3,630.5,376.0,563.5,306.67,88.69,81.4,75.0,0.0,4,3,12.5,16.33,6.25,6.0,50.0,36.73,24.0,10.2,4.17,9.8,4,3,2.75,3.33,1.0,1.67,73.33,66.67,25.0,33.33,300,24,31,4,2,H
0.9,0.1,0.8,0.2,1.2,2.2,3.67,4.0,37.33,47.33,76.67,82.67,7.1,7.3,1.3,0.3,0.9,0.3,3,3,37.33,47.33,46.0,69.0,0.0,33.33,3,3,321.67,406.67,250.67,341.0,77.01,83.0,0.0,33.33,3,3,9.33,8.67,3.67,4.0,39.29,46.15,17.86,7.69,5.6,13.0,3,3,4.0,3.0,0.33,3.33,92.31,47.37,66.67,0.0,301,26,25,3,0,H
1.4,1.7,1.4,1.7,1.4,1.5,4.5,6.0,50.75,48.33,84.5,80.33,7.3,7.2,2.2,1.4,1.6,1.5,4,3,50.75,48.33,58.0,50.0,50.0,0.0,4,3,427.0,425.33,362.0,343.33,84.67,79.98,50.0,33.33,4,3,11.5,14.33,4.5,6.0,39.13,41.86,13.04,11.63,7.67,8.6,4,3,4.0,2.67,1.5,2.33,72.73,53.33,0.0,33.33,302,27,34,6,0,H
2.2,1.4,2.7,1.3,1.2,1.1,9.33,4.33,67.67,53.67,91.67,84.67,7.2,7.4,2.44,1.22,2.33,1.56,3,3,67.67,53.67,76.0,65.0,100.0,66.67,3,3,726.33,471.33,668.67,400.0,91.81,84.92,100.0,66.67,3,3,17.67,11.67,9.33,4.33,52.83,37.14,24.53,8.57,4.08,11.67,3,3,2.33,3.33,0.67,2.0,77.78,62.5,33.33,0.0,303,28,35,3,1,H
2.3,1.4,1.7,1.8,0.9,2.2,5.67,5.0,56.67,38.0,83.67,79.0,7.3,7.2,2.4,1.4,2.0,1.7,3,3,56.67,38.0,60.0,49.0,100.0,0.0,3,3,483.67,331.33,405.33,264.33,83.72,78.87,33.33,0.0,3,3,12.33,13.67,5.67,5.0,45.95,36.59,18.92,14.63,5.29,6.83,3,3,5.33,4.0,2.0,1.67,72.73,70.59,0.0,33.33,304,32,36,2,3,A
1.6,2.1,1.2,1.8,1.4,0.6,5.67,5.0,50.0,61.33,79.67,84.0,7.3,7.3,1.2,1.0,0.9,1.3,3,3,50.0,61.33,59.0,62.0,66.67,100.0,3,3,421.0,473.0,338.33,398.67,79.52,84.22,0.0,33.33,3,3,14.0,17.33,5.67,5.0,40.48,28.85,9.52,7.69,10.5,13.0,3,3,2.33,2.33,0.33,0.33,87.5,87.5,66.67,66.67,305,38,29,4,0,H
1.1,0.9,1.4,1.4,2.1,1.5,3.5,3.33,44.75,40.0,78.0,77.33,7.3,7.2,0.9,1.2,1.5,1.4,4,3,44.75,40.0,59.0,54.0,50.0,33.33,4,3,350.0,364.0,276.5,285.33,77.97,77.64,0.0,0.0,4,3,11.5,10.0,3.5,3.33,30.43,33.33,2.17,6.67,46.0,15.0,4,3,4.0,2.0,1.75,1.33,69.57,60.0,25.0,33.33,306,39,33,2,3,A
1.1,0.3,1.0,0.6,1.1,2.1,3.0,3.75,35.25,62.5,75.5,89.0,7.4,7.5,1.1,0.5,1.5,0.9,4,4,35.25,62.5,47.0,78.0,0.0,75.0,4,4,296.0,601.5,223.25,536.0,75.42,89.0,0.0,100.0,4,4,10.75,12.0,3.0,3.75,27.91,31.25,9.3,2.08,10.75,48.0,4,4,3.25,4.5,3.25,2.0,50.0,69.23,0.0,0.0,671,9,7,2,0,H
1.0,1.5,1.2,1.2,1.2,1.1,2.75,6.0,42.75,42.75,80.5,78.25,7.4,7.2,1.0,1.6,1.0,1.9,4,4,42.75,42.75,52.0,53.0,25.0,50.0,4,4,370.75,373.75,299.0,294.5,80.56,78.13,0.0,0.0,4,4,13.25,14.5,2.75,6.0,20.75,41.38,9.43,6.9,10.6,14.5,4,4,3.0,2.5,1.5,0.5,66.67,83.33,25.0,50.0,672,12,19,1,2,A
0.5,0.5,0.6,1.1,1.9,2.3,3.5,2.0,41.75,35.75,79.75,79.0,7.4,7.4,0.3,0.7,0.2,1.2,4,4,41.75,35.75,58.0,49.0,25.0,0.0,4,4,383.75,313.5,313.0,250.25,79.75,79.14,25.0,25.0,4,4,8.75,6.25,3.5,2.0,40.0,32.0,14.29,8.0,7.0,12.5,4,4,3.5,3.25,1.75,1.75,66.67,65.0,0.0,25.0,673,10,18,2,0,H
1.8,1.2,1.6,1.3,1.1,1.5,4.75,4.25,41.5,51.25,82.75,82.75,7.3,7.2,0.9,1.5,1.2,1.4,4,4,41.5,51.25,46.0,55.0,0.0,75.0,4,4,396.75,433.75,328.25,360.0,82.73,82.72,50.0,50.0,4,4,11.25,14.5,4.75,4.25,42.22,29.31,13.33,6.9,7.5,14.5,4,4,5.5,3.0,1.5,1.0,78.57,75.0,0.0,0.0,674,17,4,2,3,A
1.5,2.2,1.5,2.2,1.0,0.9,5.67,3.0,50.0,39.0,83.33,71.33,7.2,7.0,1.8,1.9,1.7,1.7,3,3,50.0,39.0,61.0,61.0,66.67,33.33,3,3,401.33,312.33,342.0,231.0,83.44,71.38,66.67,0.0,3,3,12.67,8.67,5.67,3.0,44.74,34.62,13.16,15.38,7.6,6.5,3,3,3.0,4.0,0.33,0.67,90.0,85.71,66.67,33.33,675,8,2,1,0,H
2.8,2.0,2.6,1.6,1.1,1.1,6.75,4.8,66.25,43.6,87.5,82.8,7.0,6.3,2.33,1.9,2.58,1.4,4,5,66.25,43.6,71.0,46.0,100.0,0.0,4,5,567.5,407.6,496.25,340.8,87.34,83.05,75.0,40.0,4,5,19.0,14.2,6.75,4.8,35.53,33.8,17.11,15.49,5.85,6.45,4,5,1.5,4.0,0.75,1.6,66.67,71.43,25.0,0.0,1737,79,83,2,3,A
1.4,2.1,1.7,2.1,1.3,1.2,4.75,3.5,51.5,51.5,86.75,84.0,7.0,7.1,2.3,2.0,2.0,1.8,4,4,51.5,51.5,62.0,64.0,50.0,50.0,4,4,543.25,483.0,471.25,407.25,86.7,84.04,75.0,25.0,4,4,13.5,14.75,4.75,3.5,35.19,23.73,11.11,5.08,9.0,19.67,4,4,2.0,1.75,0.5,0.75,80.0,70.0,75.0,50.0,1738,80,91,4,1,H
2.1,1.9,1.5,0.9,0.8,0.3,3.0,2.75,48.5,52.0,81.25,81.0,6.7,7.1,2.09,1.55,1.45,1.0,4,4,48.5,52.0,58.0,69.0,50.0,75.0,4,4,425.25,435.0,348.25,355.75,81.26,81.12,25.0,25.0,4,4,10.75,9.0,3.0,2.75,27.91,30.56,6.98,8.33,14.33,12.0,4,4,2.5,1.25,1.75,1.0,58.82,55.56,0.0,25.0,1739,82,81,0,1,A
0.8,0.7,1.0,1.2,1.4,1.8,4.5,2.4,55.75,42.0,83.0,75.8,6.9,6.9,0.8,0.7,1.0,0.7,4,5,55.75,42.0,71.0,54.0,50.0,20.0,4,5,493.5,366.0,411.5,279.4,83.2,75.52,50.0,0.0,4,5,11.0,7.8,4.5,2.4,40.91,30.77,9.09,7.69,11.0,13.0,4,5,4.25,3.4,1.75,1.0,70.83,77.27,0.0,20.0,1740,84,86,0,1,A
0.8,2.4,0.9,1.9,1.3,1.3,6.0,7.25,54.0,61.5,84.0,89.75,6.9,7.1,1.1,1.7,1.0,1.7,4,4,54.0,61.5,60.0,66.0,75.0,100.0,4,4,482.0,617.5,404.25,553.75,83.88,89.58,25.0,100.0,4,4,16.5,19.25,6.0,7.25,36.36,37.66,4.55,9.09,22.0,11.0,4,4,3.5,1.75,1.5,0.5,70.0,77.78,25.0,50.0,1741,85,89,0,2,A
1.9,1.2,1.8,1.1,1.4,1.7,5.5,3.5,54.5,43.5,85.75,71.0,7.0,7.2,2.11,1.2,1.78,0.9,4,4,54.5,43.5,64.0,53.0,50.0,50.0,4,4,515.5,300.75,443.5,217.0,85.88,71.11,75.0,0.0,4,4,11.25,10.0,5.5,3.5,48.89,35.0,22.22,10.0,4.5,10.0,4,3,2.75,2.33,2.25,1.67,55.0,58.33,0.0,0.0,1742,87,97,1,2,A
0.9,0.9,0.9,0.8,1.5,1.4,2.0,3.75,58.0,57.5,78.25,90.0,6.7,6.9,1.4,0.8,0.8,0.8,4,4,58.0,57.5,66.0,61.0,75.0,100.0,4,4,407.75,548.0,325.0,492.75,78.25,89.81,25.0,100.0,4,4,7.5,11.75,2.0,3.75,26.67,31.91,10.0,14.89,10.0,6.71,4,4,2.25,2.75,1.0,1.0,69.23,73.33,50.0,50.0,1743,94,93,3,2,H
0.0,1.5,0.9,0.7,2.6,0.7,1.0,3.8,42.25,42.2,83.0,72.6,6.9,6.9,0.7,1.22,0.6,1.44,4,5,42.25,42.2,59.0,62.0,25.0,20.0,4,5,371.5,314.4,310.25,229.6,82.86,72.46,25.0,0.0,4,5,9.0,12.6,1.0,3.8,11.11,30.16,2.78,11.11,36.0,9.0,4,5,3.25,2.4,2.5,1.2,56.52,66.67,50.0,40.0,1744,95,90,0,1,A
1.5,1.1,1.3,1.3,1.4,1.2,3.5,2.8,49.0,42.4,79.25,77.8,6.9,6.1,1.67,1.1,1.56,1.3,4,5,49.0,42.4,61.0,55.0,25.0,20.0,4,5,404.25,344.2,322.0,269.8,79.38,77.81,0.0,0.0,4,5,10.5,10.0,3.5,2.8,33.33,28.0,11.9,10.0,8.4,10.0,4,5,2.0,3.4,1.75,1.0,53.33,77.27,25.0,20.0,1745,96,88,2,0,H
1.1,0.9,0.9,1.0,1.0,1.5,3.4,1.0,46.8,44.0,81.2,62.67,6.9,7.0,1.67,1.64,1.33,1.27,5,3,46.8,44.0,55.0,53.0,40.0,33.33,5,3,385.0,272.67,312.0,172.67,81.11,62.69,0.0,0.0,5,3,11.0,12.33,3.4,1.0,30.91,8.11,5.45,2.7,18.33,37.0,5,2,4.0,1.5,0.8,0.5,83.33,75.0,40.0,50.0,1746,98,92,1,2,A
0.8,1.2,1.1,0.8,1.4,0.9,3.0,3.33,51.67,40.0,78.0,80.33,7.2,7.5,1.11,0.67,1.44,0.89,3,3,51.67,40.0,65.0,45.0,33.33,0.0,3,3,386.0,337.67,303.0,271.0,78.16,80.3,0.0,0.0,3,3,15.0,10.67,3.0,3.33,20.0,31.25,2.22,3.12,45.0,32.0,3,3,2.67,5.33,0.67,1.33,80.0,80.0,33.33,33.33,1358,61,74,3,0,H
1.5,0.8,1.0,0.6,1.2,1.4,4.0,2.67,58.5,35.0,90.25,73.67,7.2,7.5,2.44,1.2,1.78,0.9,4,3,58.5,35.0,66.0,44.0,75.0,0.0,4,3,567.75,283.33,512.25,214.0,90.26,73.63,100.0,0.0,4,3,11.0,7.33,4.0,2.67,36.36,36.36,13.64,18.18,7.33,5.5,4,3,1.25,4.0,0.0,0.67,100.0,85.71,100.0,33.33,1359,65,63,2,0,H
2.3,1.9,1.1,2.0,0.5,1.2,3.67,5.0,60.0,58.33,86.33,89.67,7.3,6.9,2.6,1.8,2.1,1.8,3,3,60.0,58.33,73.0,61.0,66.67,100.0,3,3,515.67,520.33,446.67,466.0,86.26,89.62,66.67,100.0,3,3,16.33,17.67,3.67,5.0,22.45,28.3,2.04,9.43,49.0,10.6,3,3,1.67,2.33,0.67,2.0,71.43,53.85,66.67,0.0,1360,66,60,3,1,H
1.7,1.8,1.3,1.4,0.9,0.9,7.0,4.0,61.33,64.75,84.67,85.75,7.4,6.8,2.0,1.11,1.3,0.78,3,4,61.33,64.75,68.0,74.0,100.0,100.0,3,4,482.33,542.25,409.33,464.5,84.73,85.64,33.33,50.0,3,4,15.67,14.5,7.0,4.0,44.68,27.59,6.38,6.9,15.67,14.5,3,4,3.67,1.75,1.0,1.75,78.57,50.0,33.33,0.0,1361,69,68,3,2,H
0.7,2.0,0.4,1.6,1.0,0.8,2.67,3.0,38.33,48.75,75.67,83.25,7.4,7.1,0.7,1.44,0.3,1.33,3,4,38.33,48.75,42.0,56.0,0.0,50.0,3,4,330.67,417.5,253.33,348.25,75.58,83.41,33.33,25.0,3,4,8.67,13.0,2.67,3.0,30.77,23.08,19.23,5.77,5.2,17.33,3,4,2.33,2.75,1.0,1.75,70.0,61.11,66.67,0.0,1362,71,77,1,1,D
2.0,1.7,1.6,1.2,0.9,1.2,5.0,5.33,61.0,58.0,89.33,88.33,7.4,7.3,2.44,2.2,1.89,1.3,3,3,61.0,58.0,67.0,67.0,100.0,66.67,3,3,527.0,474.0,470.67,419.0,89.27,88.13,100.0,100.0,3,3,13.67,12.33,5.0,5.33,36.59,43.24,19.51,16.22,5.12,6.17,3,3,3.33,1.67,0.67,1.67,83.33,50.0,66.67,0.0,1363,72,59,2,2,D
0.9,2.2,0.9,1.5,1.1,0.6,4.33,5.33,41.33,53.33,81.0,82.67,7.3,7.3,1.33,1.9,1.22,1.5,3,3,41.33,53.33,46.0,67.0,0.0,66.67,3,3,344.67,448.33,281.0,373.0,80.86,82.64,0.0,33.33,3,3,12.0,19.67,4.33,5.33,36.11,27.12,11.11,8.47,9.0,11.8,3,3,5.0,1.33,1.33,1.33,78.95,50.0,0.0,33.33,1364,75,62,0,0,D
0.3,1.3,0.7,1.0,1.6,1.0,4.0,5.33,40.33,48.0,79.67,83.67,7.4,7.4,0.3,0.89,0.4,1.22,3,3,40.33,48.0,47.0,58.0,0.0,33.33,3,3,343.33,422.67,277.33,354.67,79.75,83.7,33.33,33.33,3,3,16.0,10.67,4.0,5.33,25.0,50.0,2.08,15.62,48.0,6.4,3,3,1.67,5.0,2.0,1.0,45.45,83.33,33.33,33.33,1365,76,70,1,0,H
0.4,0.7,0.6,0.7,2.1,1.3,2.0,2.75,54.67,32.75,80.67,73.0,7.1,7.1,0.5,0.3,0.6,0.8,3,4,54.67,32.75,70.0,38.0,66.67,0.0,3,4,451.0,278.0,371.67,203.75,80.49,73.02,33.33,0.0,3,4,6.33,9.0,2.0,2.75,31.58,30.56,10.53,8.33,9.5,12.0,3,4,2.0,3.25,1.0,0.5,66.67,86.67,33.33,50.0,1366,78,73,1,3,A
1.5,2.2,1.7,2.1,1.8,1.1,5.0,5.25,60.75,60.25,85.75,86.5,7.4,7.8,1.6,1.8,1.4,2.0,4,4,60.75,60.25,69.0,69.0,75.0,75.0,4,4,523.25,560.0,448.25,485.25,85.66,86.52,100.0,50.0,4,4,16.75,15.5,5.0,5.25,29.85,33.87,8.96,11.29,11.17,8.86,4,4,2.5,2.25,0.5,0.25,83.33,90.0,50.0,75.0,676,15,6,3,2,H
2.1,1.0,1.5,1.1,0.6,1.3,6.25,5.0,62.25,46.33,90.75,77.0,7.2,7.3,2.3,1.7,2.4,2.1,4,3,62.25,46.33,75.0,53.0,100.0,33.33,4,3,640.0,381.67,583.0,293.33,90.83,76.8,100.0,0.0,4,3,16.5,15.33,6.25,5.0,37.88,32.61,16.67,10.87,6.0,9.2,4,3,2.5,5.67,0.75,1.33,76.92,80.95,25.0,0.0,677,14,3,3,1,H
1.6,1.9,1.5,1.5,1.6,1.0,3.75,3.33,54.0,45.0,81.75,79.67,7.3,7.3,1.5,1.6,1.4,1.3,4,3,54.0,45.0,67.0,48.0,75.0,0.0,4,3,494.5,351.33,405.5,279.67,81.63,79.55,0.0,0.0,4,3,14.25,10.67,3.75,3.33,26.32,31.25,7.02,9.38,14.25,10.67,4,3,3.0,3.33,1.75,3.0,63.16,52.63,0.0,0.0,678,16,5,4,2,H
0.0,1.1,0.0,0.7,0.0,0.9,0.0,3.33,0.0,39.33,0.0,79.0,0.0,7.4,0.0,0.6,0.0,0.5,0,3,0.0,39.33,0.0,53.0,0.0,33.33,0,3,0.0,336.67,0.0,266.67,0.0,78.72,0.0,0.0,0,3,0.0,8.67,0.0,3.33,0.0,38.46,0.0,15.38,0.0,6.5,0,3,0.0,5.67,0.0,1.67,0.0,77.27,0.0,0.0,307,37,30,1,1,D
1.4,0.0,1.0,0.0,1.4,0.0,5.0,0.0,38.0,0.0,74.67,0.0,7.3,0.0,0.7,0.0,0.7,0.0,3,0,38.0,0.0,39.0,0.0,0.0,0.0,3,0,330.33,0.0,246.67,0.0,74.72,0.0,0.0,0.0,3,0,10.33,0.0,5.0,0.0,48.39,0.0,25.81,0.0,3.88,0.0,3,0,1.67,0.0,1.33,0.0,55.56,0.0,66.67,0.0,995,54,58,2,2,D
2.2,1.1,1.4,1.3,0.5,1.2,5.33,3.0,53.33,51.67,82.67,78.0,7.4,7.4,2.4,0.9,1.8,0.8,3,3,53.33,51.67,67.0,65.0,66.67,33.33,3,3,448.33,386.0,373.0,303.0,82.64,78.16,33.33,0.0,3,3,19.67,15.0,5.33,3.0,27.12,20.0,8.47,2.22,11.8,45.0,3,3,1.33,2.67,1.33,0.67,50.0,80.0,33.33,33.33,1367,62,61,2,0,H
2.1,2.0,1.6,1.7,0.7,1.0,3.0,5.0,48.75,61.0,83.25,89.33,7.2,7.5,1.82,1.5,1.64,1.3,4,3,48.75,61.0,56.0,67.0,50.0,100.0,4,3,417.5,527.0,348.25,470.67,83.41,89.27,25.0,100.0,4,3,13.0,13.67,3.0,5.0,23.08,36.59,5.77,19.51,17.33,5.12,4,3,2.75,3.33,1.75,0.67,61.11,83.33,0.0,66.67,1368,77,72,0,2,A
1.8,1.8,2.1,1.3,1.6,0.8,3.5,3.0,51.5,48.5,84.0,81.25,6.6,6.6,1.8,1.22,1.9,1.44,4,4,51.5,48.5,64.0,58.0,50.0,50.0,4,4,483.0,425.25,407.25,348.25,84.04,81.26,25.0,25.0,4,4,14.75,10.75,3.5,3.0,23.73,27.91,5.08,6.98,19.67,14.33,4,4,1.75,2.5,0.75,1.75,70.0,58.82,50.0,0.0,1747,91,82,1,1,D
2.4,1.2,1.9,1.2,1.2,1.6,7.25,2.0,61.5,58.0,89.75,78.25,6.7,6.4,2.5,0.5,2.3,0.8,4,4,61.5,58.0,66.0,66.0,100.0,75.0,4,4,617.5,407.75,553.75,325.0,89.58,78.25,100.0,25.0,4,4,19.25,7.5,7.25,2.0,37.66,26.67,9.09,10.0,11.0,10.0,4,4,1.75,2.25,0.5,1.0,77.78,69.23,50.0,50.0,1748,89,94,2,0,H
1.5,0.9,1.4,0.9,1.1,1.3,4.0,3.0,64.75,40.33,85.75,78.33,7.5,7.3,2.4,0.73,2.2,0.73,4,3,64.75,40.33,74.0,58.0,100.0,33.33,4,3,542.25,320.0,464.5,252.33,85.64,78.38,50.0,0.0,4,3,14.5,11.67,4.0,3.0,27.59,25.71,6.9,8.57,14.5,11.67,4,3,1.75,2.67,1.75,1.33,50.0,66.67,0.0,33.33,1369,68,64,1,3,A
1.0,0.0,1.2,0.8,1.6,2.5,2.4,1.0,42.0,42.25,75.8,83.0,6.7,6.7,1.2,0.0,1.4,0.9,5,4,42.0,42.25,54.0,59.0,20.0,25.0,5,4,366.0,371.5,279.4,310.25,75.52,82.86,0.0,25.0,5,4,7.8,9.0,2.4,1.0,30.77,11.11,7.69,2.78,13.0,36.0,5,4,3.4,3.25,1.0,2.5,77.27,56.52,20.0,50.0,1749,86,95,3,0,H
1.1,0.8,1.2,1.0,1.2,1.4,2.8,4.5,42.4,55.75,77.8,83.0,5.9,6.5,1.44,0.56,1.0,0.89,5,4,42.4,55.75,55.0,71.0,20.0,50.0,5,4,344.2,493.5,269.8,411.5,77.81,83.2,0.0,50.0,5,4,10.0,11.0,2.8,4.5,28.0,40.91,10.0,9.09,10.0,11.0,5,4,3.4,4.25,1.0,1.75,77.27,70.83,20.0,0.0,1750,88,84,2,0,H
1.9,0.4,2.0,0.7,1.3,2.2,5.0,2.0,58.33,54.67,89.67,80.67,7.5,7.3,1.67,0.3,1.56,0.7,3,3,58.33,54.67,61.0,70.0,100.0,66.67,3,3,520.33,451.0,466.0,371.67,89.62,80.49,100.0,33.33,3,3,17.67,6.33,5.0,2.0,28.3,31.58,9.43,10.53,10.6,9.5,3,3,2.33,2.0,2.0,1.0,53.85,66.67,0.0,33.33,1370,60,78,2,0,H
1.5,1.8,0.7,1.4,0.7,1.2,3.8,3.5,42.2,49.0,72.6,79.25,6.8,5.9,1.1,0.8,0.4,0.9,5,4,42.2,49.0,62.0,61.0,20.0,25.0,5,4,314.4,404.25,229.6,322.0,72.46,79.38,0.0,0.0,5,4,12.6,10.5,3.8,3.5,30.16,33.33,11.11,11.9,9.0,8.4,5,4,2.4,2.0,1.2,1.75,66.67,53.33,40.0,25.0,1751,90,96,1,1,D
0.9,1.6,1.0,1.7,1.5,1.5,1.0,5.5,44.0,54.5,62.67,85.75,6.5,6.7,0.56,1.2,0.67,1.5,3,4,44.0,54.5,53.0,64.0,33.33,50.0,3,4,272.67,515.5,172.67,443.5,62.69,85.88,0.0,75.0,3,4,12.33,11.25,1.0,5.5,8.11,48.89,2.7,22.22,37.0,4.5,2,4,1.5,2.75,0.5,2.25,75.0,55.0,50.0,0.0,1752,92,87,1,2,A
1.5,1.0,1.2,0.9,1.6,1.1,3.5,3.4,43.5,46.8,71.0,81.2,6.7,6.5,1.6,0.8,1.2,0.6,4,5,43.5,46.8,53.0,55.0,50.0,40.0,4,5,300.75,385.0,217.0,312.0,71.11,81.11,0.0,0.0,4,5,10.0,11.0,3.5,3.4,35.0,30.91,10.0,5.45,10.0,18.33,3,5,2.33,4.0,1.67,0.8,58.33,83.33,0.0,40.0,1753,97,98,0,0,D
0.8,1.7,0.9,2.0,1.6,1.2,3.75,4.75,57.5,51.5,90.0,86.75,6.5,6.6,1.1,1.2,1.2,1.0,4,4,57.5,51.5,61.0,62.0,100.0,50.0,4,4,548.0,543.25,492.75,471.25,89.81,86.7,100.0,75.0,4,4,11.75,13.5,3.75,4.75,31.91,35.19,14.89,11.11,6.71,9.0,4,4,2.75,2.0,1.0,0.5,73.33,80.0,50.0,75.0,1754,93,80,0,4,A
2.3,0.5,1.8,0.8,1.1,1.5,4.8,6.0,43.6,54.0,82.8,84.0,6.0,6.5,2.0,1.1,2.33,1.3,5,4,43.6,54.0,46.0,60.0,0.0,75.0,5,4,407.6,482.0,340.8,404.25,83.05,83.88,40.0,25.0,5,4,14.2,16.5,4.8,6.0,33.8,36.36,15.49,4.55,6.45,22.0,5,4,4.0,3.5,1.6,1.5,71.43,70.0,0.0,25.0,1755,83,85,4,2,H
0.6,2.4,0.9,1.9,1.5,0.8,5.5,4.75,54.0,50.5,86.5,85.0,7.6,7.9,0.89,1.6,0.89,1.3,4,4,54.0,50.5,56.0,73.0,100.0,25.0,4,4,527.75,442.75,457.75,380.0,86.49,84.86,50.0,25.0,4,4,13.25,13.25,5.5,4.75,41.51,35.85,9.43,13.21,10.6,7.57,4,4,1.75,1.75,1.25,1.5,58.33,53.85,50.0,0.0,679,1,20,2,0,H
2.2,1.3,2.2,1.1,0.8,1.0,3.0,3.0,39.0,35.25,71.33,75.5,7.4,7.7,2.4,1.56,2.8,1.0,3,4,39.0,35.25,61.0,47.0,33.33,0.0,3,4,312.33,296.0,231.0,223.25,71.38,75.42,0.0,0.0,3,4,8.67,10.75,3.0,3.0,34.62,27.91,15.38,9.3,6.5,10.75,3,4,4.0,3.25,0.67,3.25,85.71,50.0,33.33,0.0,680,2,9,0,1,A
1.0,0.8,1.1,0.8,1.4,1.7,5.0,3.5,46.33,41.75,77.0,79.75,8.0,7.5,1.1,0.5,1.0,0.8,3,4,46.33,41.75,53.0,58.0,33.33,25.0,3,4,381.67,383.75,293.33,313.0,76.8,79.75,0.0,25.0,3,4,15.33,8.75,5.0,3.5,32.61,40.0,10.87,14.29,9.2,7.0,3,4,5.67,3.5,1.33,1.75,80.95,66.67,0.0,0.0,681,3,10,2,0,H
1.2,2.1,1.4,1.7,1.6,0.7,4.25,6.25,51.25,62.25,82.75,90.75,7.7,7.9,1.22,1.67,1.44,1.56,4,4,51.25,62.25,55.0,75.0,75.0,100.0,4,4,433.75,640.0,360.0,583.0,82.72,90.83,50.0,100.0,4,4,14.5,16.5,4.25,6.25,29.31,37.88,6.9,16.67,14.5,6.0,4,4,3.0,2.5,1.0,0.75,75.0,76.92,0.0,25.0,682,4,14,0,2,A
1.9,1.7,1.6,1.7,1.2,1.3,3.33,4.75,45.0,41.5,79.67,82.75,8.0,7.7,1.6,2.3,1.4,1.9,3,4,45.0,41.5,48.0,46.0,0.0,0.0,3,4,351.33,396.75,279.67,328.25,79.55,82.73,0.0,50.0,3,4,10.67,11.25,3.33,4.75,31.25,42.22,9.38,13.33,10.67,7.5,3,4,3.33,5.5,3.0,1.5,52.63,78.57,0.0,0.0,683,5,17,1,1,D
1.9,1.6,2.1,1.5,1.4,1.7,5.25,3.75,60.25,54.0,86.5,81.75,8.3,7.9,2.56,1.8,2.56,1.5,4,4,60.25,54.0,69.0,67.0,75.0,75.0,4,4,560.0,494.5,485.25,405.5,86.52,81.63,50.0,0.0,4,4,15.5,14.25,5.25,3.75,33.87,26.32,11.29,7.02,8.86,14.25,4,4,2.25,3.0,0.25,1.75,90.0,63.16,75.0,0.0,684,6,16,1,1,D
0.3,1.7,0.6,1.6,1.9,1.0,3.75,5.67,62.5,50.0,89.0,83.33,7.9,7.5,0.2,1.89,0.5,1.67,4,3,62.5,50.0,78.0,61.0,75.0,66.67,4,3,601.5,401.33,536.0,342.0,89.0,83.44,100.0,66.67,4,3,12.0,12.67,3.75,5.67,31.25,44.74,2.08,13.16,48.0,7.6,4,3,4.5,3.0,2.0,0.33,69.23,90.0,0.0,66.67,685,7,8,1,2,A
0.5,1.5,1.0,1.8,2.2,1.9,6.67,5.0,69.0,60.75,87.67,85.75,7.4,8.0,0.89,1.56,1.22,2.0,3,4,69.0,60.75,71.0,69.0,100.0,75.0,3,4,593.33,523.25,520.67,448.25,87.48,85.66,66.67,100.0,3,4,16.0,16.75,6.67,5.0,41.67,29.85,12.5,8.96,8.0,11.17,3,4,1.33,2.5,1.0,0.5,57.14,83.33,33.33,50.0,686,11,15,1,4,A
0.5,0.7,0.9,1.1,2.2,1.4,2.0,2.75,35.75,42.75,79.0,80.5,7.8,7.6,0.33,1.1,0.78,1.1,4,4,35.75,42.75,49.0,52.0,0.0,25.0,4,4,313.5,370.75,250.25,299.0,79.14,80.56,25.0,0.0,4,4,6.25,13.25,2.0,2.75,32.0,20.75,8.0,9.43,12.5,10.6,4,4,3.25,3.0,1.75,1.5,65.0,66.67,25.0,25.0,687,18,12,1,3,A
1.7,2.0,1.4,1.1,1.2,0.7,6.0,6.0,42.75,57.0,78.25,88.33,7.6,7.5,1.8,0.56,1.6,0.56,4,3,42.75,57.0,53.0,63.0,50.0,66.67,4,3,373.75,525.0,294.5,464.67,78.13,88.4,0.0,100.0,4,3,14.5,12.33,6.0,6.0,41.38,48.65,6.9,18.92,14.5,5.29,4,3,2.5,2.33,0.5,1.67,83.33,58.33,50.0,0.0,688,19,13,0,1,A
1.5,0.6,1.2,0.8,1.3,1.5,5.33,4.0,58.0,40.33,88.33,79.67,7.3,7.4,1.1,0.9,1.6,1.1,3,3,58.0,40.33,67.0,47.0,66.67,0.0,3,3,474.0,343.33,419.0,277.33,88.13,79.75,100.0,33.33,3,3,12.33,16.0,5.33,4.0,43.24,25.0,16.22,2.08,6.17,48.0,3,3,1.67,1.67,1.67,2.0,50.0,45.45,0.0,33.33,1371,59,76,0,1,A
0.5,1.7,0.5,1.5,1.6,1.1,2.67,7.0,35.0,61.33,73.67,84.67,7.4,7.5,1.2,0.78,1.1,1.11,3,3,35.0,61.33,44.0,68.0,0.0,100.0,3,3,283.33,482.33,214.0,409.33,73.63,84.73,0.0,33.33,3,3,7.33,15.67,2.67,7.0,36.36,44.68,18.18,6.38,5.5,15.67,3,3,4.0,3.67,0.67,1.0,85.71,78.57,33.33,33.33,1372,63,69,2,3,A
1.9,1.0,1.7,0.9,0.8,1.0,5.33,4.33,52.0,41.33,86.0,81.0,7.4,7.4,1.1,0.5,0.9,0.7,3,3,52.0,41.33,58.0,46.0,66.67,0.0,3,3,446.33,344.67,385.0,281.0,86.37,80.86,66.67,0.0,3,3,15.67,12.0,5.33,4.33,34.04,36.11,10.64,11.11,9.4,9.0,3,3,3.0,5.0,2.0,1.33,60.0,78.95,33.33,0.0,1373,67,75,2,3,A
1.0,2.3,0.8,1.2,1.1,0.5,5.33,3.67,48.0,60.0,83.67,86.33,7.4,7.4,1.7,2.1,1.1,1.2,3,3,48.0,60.0,58.0,73.0,33.33,66.67,3,3,422.67,515.67,354.67,446.67,83.7,86.26,33.33,66.67,3,3,10.67,16.33,5.33,3.67,50.0,22.45,15.62,2.04,6.4,49.0,3,3,5.0,1.67,1.0,0.67,83.33,71.43,33.33,66.67,1374,70,66,0,2,A
0.9,0.8,0.9,0.5,1.3,0.9,2.75,2.67,32.75,38.33,73.0,75.67,7.3,7.3,0.6,1.1,0.7,0.7,4,3,32.75,38.33,38.0,42.0,0.0,0.0,4,3,278.0,330.67,203.75,253.33,73.02,75.58,0.0,33.33,4,3,9.0,8.67,2.75,2.67,30.56,30.77,8.33,19.23,12.0,5.2,4,3,3.25,2.33,0.5,1.0,86.67,70.0,50.0,66.67,1375,73,71,1,2,A
1.1,1.5,0.8,1.0,1.2,1.2,3.33,4.0,40.0,58.5,80.33,90.25,7.4,7.2,1.0,1.1,0.5,0.9,3,4,40.0,58.5,45.0,66.0,0.0,75.0,3,4,337.67,567.75,271.0,512.25,80.3,90.26,0.0,100.0,3,4,10.67,11.0,3.33,4.0,31.25,36.36,3.12,13.64,32.0,7.33,3,4,5.33,1.25,1.33,0.0,80.0,100.0,33.33,100.0,1376,74,65,2,3,A
2.1,2.5,0.9,2.4,0.2,1.2,2.75,6.75,52.0,66.25,81.0,87.5,6.6,5.8,2.25,2.71,2.0,2.29,4,4,52.0,66.25,69.0,71.0,75.0,100.0,4,4,435.0,567.5,355.75,496.25,81.12,87.34,25.0,75.0,4,4,9.0,19.0,2.75,6.75,30.56,35.53,8.33,17.11,12.0,5.85,4,4,1.25,1.5,1.0,0.75,55.56,66.67,25.0,25.0,1756,81,79,0,3,A
1.0,1.4,2.0,1.1,2.0,1.5,0.0,5.0,0.0,38.0,0.0,74.67,0.0,7.0,0.0,1.33,0.0,1.33,0,3,0.0,38.0,0.0,39.0,0.0,0.0,0,3,0.0,330.33,0.0,246.67,0.0,74.72,0.0,0.0,0,3,0.0,10.33,0.0,5.0,0.0,48.39,0.0,25.81,0.0,3.88,0,3,0.0,1.67,0.0,1.33,0.0,55.56,0.0,66.67,996,58,54,1,2,A
1.2,1.0,0.8,1.0,0.8,1.0,3.33,0.0,39.33,0.0,79.0,0.0,6.9,0.0,0.78,0.0,0.89,0.0,3,0,39.33,0.0,53.0,0.0,33.33,0.0,3,0,336.67,0.0,266.67,0.0,78.72,0.0,0.0,0.0,3,0,8.67,0.0,3.33,0.0,38.46,0.0,15.38,0.0,6.5,0.0,3,0,5.67,0.0,1.67,0.0,77.27,0.0,0.0,0.0,308,30,37,1,3,A
